[robosuite WARNING] No private macro file found! (__init__.py:7)
[robosuite WARNING] It is recommended to use a private macro file (__init__.py:8)
[robosuite WARNING] To setup, run: python /data0/luokang/miniconda3/envs/robobrain/lib/python3.11/site-packages/robosuite/scripts/setup_macros.py (__init__.py:9)
Gym has been unmaintained since 2022 and does not support NumPy 2.0 amongst other critical functionality.
Please upgrade to Gymnasium, the maintained drop-in replacement of Gym, or contact the authors of your software and request that they upgrade.
See the migration guide at https://gymnasium.farama.org/introduction/migration_guide/ for additional information.
[worker 0] Args(host='127.0.0.1', port=8011, control_freq=20, 
task_suite_name='libero_custom_0906', tasks=[0], num_steps_wait=30, 
num_trials_per_task=3, trials_init_state=[0, 1, 2], max_steps=300, 
switch_mode='oracle', seed=42, save_video=True, action_delta=True, 
num_workers=1, resume_dir=None, image_obs_steps=None, observation_keys=None, 
embodiment='franka_panda')
[Warning]: datasets path /data0/luokang/research/LIBERO/libero/libero/../datasets does not exist!
[Warning]: datasets path /data0/luokang/research/LIBERO/libero/libero/../datasets does not exist!
[Warning]: datasets path /data0/luokang/research/LIBERO/libero/libero/../datasets does not exist!
[Warning]: datasets path /data0/luokang/research/LIBERO/libero/libero/../datasets does not exist!
:demonstration is not recognized in problem
INFO:root:[worker 0] Task 0 episode 0: put the wine bottle on the stove, then put the bowl on the plate, then put the cream cheese on the wooden cabinet
[worker 0] task 1/1 id=0 episode 1/3 init_state=0: put the wine bottle on the 
stove, then put the bowl on the plate, then put the cream cheese on the wooden 
cabinet
[worker 0] task 1/1 id=0 episode 1/3 wait_step 1/30
[worker 0] task 1/1 id=0 episode 1/3 wait_step 2/30
[worker 0] task 1/1 id=0 episode 1/3 wait_step 3/30
[worker 0] task 1/1 id=0 episode 1/3 wait_step 4/30
[worker 0] task 1/1 id=0 episode 1/3 wait_step 5/30
[worker 0] task 1/1 id=0 episode 1/3 wait_step 6/30
[worker 0] task 1/1 id=0 episode 1/3 wait_step 7/30
[worker 0] task 1/1 id=0 episode 1/3 wait_step 8/30
[worker 0] task 1/1 id=0 episode 1/3 wait_step 9/30
[worker 0] task 1/1 id=0 episode 1/3 wait_step 10/30
[worker 0] task 1/1 id=0 episode 1/3 wait_step 11/30
[worker 0] task 1/1 id=0 episode 1/3 wait_step 12/30
[worker 0] task 1/1 id=0 episode 1/3 wait_step 13/30
[worker 0] task 1/1 id=0 episode 1/3 wait_step 14/30
[worker 0] task 1/1 id=0 episode 1/3 wait_step 15/30
[worker 0] task 1/1 id=0 episode 1/3 wait_step 16/30
[worker 0] task 1/1 id=0 episode 1/3 wait_step 17/30
[worker 0] task 1/1 id=0 episode 1/3 wait_step 18/30
[worker 0] task 1/1 id=0 episode 1/3 wait_step 19/30
[worker 0] task 1/1 id=0 episode 1/3 wait_step 20/30
[worker 0] task 1/1 id=0 episode 1/3 wait_step 21/30
[worker 0] task 1/1 id=0 episode 1/3 wait_step 22/30
[worker 0] task 1/1 id=0 episode 1/3 wait_step 23/30
[worker 0] task 1/1 id=0 episode 1/3 wait_step 24/30
[worker 0] task 1/1 id=0 episode 1/3 wait_step 25/30
[worker 0] task 1/1 id=0 episode 1/3 wait_step 26/30
[worker 0] task 1/1 id=0 episode 1/3 wait_step 27/30
[worker 0] task 1/1 id=0 episode 1/3 wait_step 28/30
[worker 0] task 1/1 id=0 episode 1/3 wait_step 29/30
[worker 0] task 1/1 id=0 episode 1/3 wait_step 30/30
[worker 0] task 1/1 id=0 episode 1/3 step 1/300
PROFILE {"session": "libero-27bcaeb1", "worker": 0, "client": {"observation_s": 0.0002184910699725151, "request_build_s": 5.5241864174604416e-05, "request_roundtrip_s": 0.09494462423026562}, "transport": {"connect_s": 0.0011399798095226288, "encode_s": 0.00014301016926765442, "send_s": 0.0002162046730518341, "wait_response_s": 0.09269118402153254, "close_s": 0.0003314511850476265, "decode_s": 4.773074761033058e-05, "request_bytes": 393763}, "server": {}}
[worker 0] task 1/1 id=0 episode 1/3 step 2/300
[worker 0] task 1/1 id=0 episode 1/3 step 3/300
[worker 0] task 1/1 id=0 episode 1/3 step 4/300
[worker 0] task 1/1 id=0 episode 1/3 step 5/300
[worker 0] task 1/1 id=0 episode 1/3 step 6/300
[worker 0] task 1/1 id=0 episode 1/3 step 7/300
[worker 0] task 1/1 id=0 episode 1/3 step 8/300
[worker 0] task 1/1 id=0 episode 1/3 step 9/300
[worker 0] task 1/1 id=0 episode 1/3 step 10/300
[worker 0] task 1/1 id=0 episode 1/3 step 11/300
PROFILE {"session": "libero-27bcaeb1", "worker": 0, "client": {"visual_record_s": 0.002120260614901781, "env_s": 0.18978641787543893, "env_steps": 10.0, "observation_s": 0.0023419996723532677, "request_build_s": 7.975287735462189e-05, "request_roundtrip_s": 0.1030222768895328}, "transport": {"connect_s": 0.0019967444241046906, "encode_s": 0.00018971972167491913, "send_s": 0.00027230195701122284, "wait_response_s": 0.0994495740160346, "close_s": 0.0006326101720333099, "decode_s": 7.552187889814377e-05, "request_bytes": 393748}, "server": {}}
[worker 0] task 1/1 id=0 episode 1/3 step 12/300
[worker 0] task 1/1 id=0 episode 1/3 step 13/300
[worker 0] task 1/1 id=0 episode 1/3 step 14/300
[worker 0] task 1/1 id=0 episode 1/3 step 15/300
[worker 0] task 1/1 id=0 episode 1/3 step 16/300
[worker 0] task 1/1 id=0 episode 1/3 step 17/300
[worker 0] task 1/1 id=0 episode 1/3 step 18/300
[worker 0] task 1/1 id=0 episode 1/3 step 19/300
[worker 0] task 1/1 id=0 episode 1/3 step 20/300
[worker 0] task 1/1 id=0 episode 1/3 step 21/300
PROFILE {"session": "libero-27bcaeb1", "worker": 0, "client": {"visual_record_s": 0.002054781187325716, "env_s": 0.2233688412234187, "env_steps": 10.0, "observation_s": 0.0020621796138584614, "request_build_s": 6.335694342851639e-05, "request_roundtrip_s": 0.09215712128207088}, "transport": {"connect_s": 0.0017661703750491142, "encode_s": 0.0001480206847190857, "send_s": 0.00019823433831334114, "wait_response_s": 0.08914903365075588, "close_s": 0.0004790150560438633, "decode_s": 5.8623962104320526e-05, "request_bytes": 393748}, "server": {}}
[worker 0] task 1/1 id=0 episode 1/3 step 22/300
[worker 0] task 1/1 id=0 episode 1/3 step 23/300
[worker 0] task 1/1 id=0 episode 1/3 step 24/300
[worker 0] task 1/1 id=0 episode 1/3 step 25/300
[worker 0] task 1/1 id=0 episode 1/3 step 26/300
[worker 0] task 1/1 id=0 episode 1/3 step 27/300
[worker 0] task 1/1 id=0 episode 1/3 step 28/300
[worker 0] task 1/1 id=0 episode 1/3 step 29/300
[worker 0] task 1/1 id=0 episode 1/3 step 30/300
[worker 0] task 1/1 id=0 episode 1/3 step 31/300
PROFILE {"session": "libero-27bcaeb1", "worker": 0, "client": {"visual_record_s": 0.002085562329739332, "env_s": 0.20387333212420344, "env_steps": 10.0, "observation_s": 0.002086283639073372, "request_build_s": 5.428772419691086e-05, "request_roundtrip_s": 0.09543152013793588}, "transport": {"connect_s": 0.0017802300862967968, "encode_s": 0.00013349205255508423, "send_s": 0.00018551386892795563, "wait_response_s": 0.09216833906248212, "close_s": 0.0007777921855449677, "decode_s": 5.6108925491571426e-05, "request_bytes": 393748}, "server": {}}
[worker 0] task 1/1 id=0 episode 1/3 step 32/300
[worker 0] task 1/1 id=0 episode 1/3 step 33/300
[worker 0] task 1/1 id=0 episode 1/3 step 34/300
[worker 0] task 1/1 id=0 episode 1/3 step 35/300
[worker 0] task 1/1 id=0 episode 1/3 step 36/300
[worker 0] task 1/1 id=0 episode 1/3 step 37/300
[worker 0] task 1/1 id=0 episode 1/3 step 38/300
[worker 0] task 1/1 id=0 episode 1/3 step 39/300
[worker 0] task 1/1 id=0 episode 1/3 step 40/300
[worker 0] task 1/1 id=0 episode 1/3 step 41/300
PROFILE {"session": "libero-27bcaeb1", "worker": 0, "client": {"visual_record_s": 0.002191255334764719, "env_s": 0.21724427584558725, "env_steps": 10.0, "observation_s": 0.002252566162496805, "request_build_s": 5.5470969527959824e-05, "request_roundtrip_s": 0.08188753901049495}, "transport": {"connect_s": 0.0011300640180706978, "encode_s": 0.00013828789815306664, "send_s": 0.0002040630206465721, "wait_response_s": 0.07969996985048056, "close_s": 0.0003232620656490326, "decode_s": 5.567912012338638e-05, "request_bytes": 393748}, "server": {}}
[worker 0] task 1/1 id=0 episode 1/3 step 42/300
[worker 0] task 1/1 id=0 episode 1/3 step 43/300
[worker 0] task 1/1 id=0 episode 1/3 step 44/300
[worker 0] task 1/1 id=0 episode 1/3 step 45/300
[worker 0] task 1/1 id=0 episode 1/3 step 46/300
[worker 0] task 1/1 id=0 episode 1/3 step 47/300
[worker 0] task 1/1 id=0 episode 1/3 step 48/300
[worker 0] task 1/1 id=0 episode 1/3 step 49/300
[worker 0] task 1/1 id=0 episode 1/3 step 50/300
[worker 0] task 1/1 id=0 episode 1/3 step 51/300
PROFILE {"session": "libero-27bcaeb1", "worker": 0, "client": {"visual_record_s": 0.0020201285369694233, "env_s": 0.21192092169076204, "env_steps": 10.0, "observation_s": 0.0020638369023799896, "request_build_s": 5.524884909391403e-05, "request_roundtrip_s": 0.07704811310395598}, "transport": {"connect_s": 0.0010208897292613983, "encode_s": 0.00013052113354206085, "send_s": 0.00020718388259410858, "wait_response_s": 0.07498069433495402, "close_s": 0.00030481768772006035, "decode_s": 5.582626909017563e-05, "request_bytes": 393748}, "server": {}}
[worker 0] task 1/1 id=0 episode 1/3 step 52/300
[worker 0] task 1/1 id=0 episode 1/3 step 53/300
[worker 0] task 1/1 id=0 episode 1/3 step 54/300
[worker 0] task 1/1 id=0 episode 1/3 step 55/300
[worker 0] task 1/1 id=0 episode 1/3 step 56/300
[worker 0] task 1/1 id=0 episode 1/3 step 57/300
[worker 0] task 1/1 id=0 episode 1/3 step 58/300
[worker 0] task 1/1 id=0 episode 1/3 step 59/300
[worker 0] task 1/1 id=0 episode 1/3 step 60/300
[worker 0] task 1/1 id=0 episode 1/3 step 61/300
PROFILE {"session": "libero-27bcaeb1", "worker": 0, "client": {"visual_record_s": 0.0019984887912869453, "env_s": 0.185124390758574, "env_steps": 10.0, "observation_s": 0.0020343041978776455, "request_build_s": 5.69918192923069e-05, "request_roundtrip_s": 0.09496652008965611}, "transport": {"connect_s": 0.0017613442614674568, "encode_s": 0.00015681004151701927, "send_s": 0.00020462367683649063, "wait_response_s": 0.09203924797475338, "close_s": 0.00043623102828860283, "decode_s": 5.880696699023247e-05, "request_bytes": 393748}, "server": {}}
[worker 0] task 1/1 id=0 episode 1/3 step 62/300
[worker 0] task 1/1 id=0 episode 1/3 step 63/300
[worker 0] task 1/1 id=0 episode 1/3 step 64/300
[worker 0] task 1/1 id=0 episode 1/3 step 65/300
[worker 0] task 1/1 id=0 episode 1/3 step 66/300
[worker 0] task 1/1 id=0 episode 1/3 step 67/300
[worker 0] task 1/1 id=0 episode 1/3 step 68/300
[worker 0] task 1/1 id=0 episode 1/3 step 69/300
[worker 0] task 1/1 id=0 episode 1/3 step 70/300
[worker 0] task 1/1 id=0 episode 1/3 step 71/300
PROFILE {"session": "libero-27bcaeb1", "worker": 0, "client": {"visual_record_s": 0.0020402492955327034, "env_s": 0.23179596196860075, "env_steps": 10.0, "observation_s": 0.00205028522759676, "request_build_s": 5.452614277601242e-05, "request_roundtrip_s": 0.08542661787942052}, "transport": {"connect_s": 0.0010393066331744194, "encode_s": 0.00041544437408447266, "send_s": 0.00035899970680475235, "wait_response_s": 0.08298350311815739, "close_s": 0.0002877148799598217, "decode_s": 4.7841109335422516e-05, "request_bytes": 393748}, "server": {}}
[worker 0] task 1/1 id=0 episode 1/3 step 72/300
[worker 0] task 1/1 id=0 episode 1/3 step 73/300
[worker 0] task 1/1 id=0 episode 1/3 step 74/300
[worker 0] task 1/1 id=0 episode 1/3 step 75/300
[worker 0] task 1/1 id=0 episode 1/3 step 76/300
[worker 0] task 1/1 id=0 episode 1/3 step 77/300
[worker 0] task 1/1 id=0 episode 1/3 step 78/300
[worker 0] task 1/1 id=0 episode 1/3 step 79/300
[worker 0] task 1/1 id=0 episode 1/3 step 80/300
[worker 0] task 1/1 id=0 episode 1/3 step 81/300
PROFILE {"session": "libero-27bcaeb1", "worker": 0, "client": {"visual_record_s": 0.0021260366775095463, "env_s": 0.2366367606446147, "env_steps": 10.0, "observation_s": 0.0021626767702400684, "request_build_s": 4.8374757170677185e-05, "request_roundtrip_s": 0.07848379202187061}, "transport": {"connect_s": 0.0010243193246424198, "encode_s": 0.0003212578594684601, "send_s": 0.00039527472108602524, "wait_response_s": 0.07612139405682683, "close_s": 0.0002790442667901516, "decode_s": 4.6576838940382004e-05, "request_bytes": 393748}, "server": {}}
[worker 0] task 1/1 id=0 episode 1/3 step 82/300
[worker 0] task 1/1 id=0 episode 1/3 step 83/300
[worker 0] task 1/1 id=0 episode 1/3 step 84/300
[worker 0] task 1/1 id=0 episode 1/3 step 85/300
[worker 0] task 1/1 id=0 episode 1/3 step 86/300
[worker 0] task 1/1 id=0 episode 1/3 step 87/300
[worker 0] task 1/1 id=0 episode 1/3 step 88/300
[worker 0] task 1/1 id=0 episode 1/3 step 89/300
[worker 0] task 1/1 id=0 episode 1/3 step 90/300
[worker 0] task 1/1 id=0 episode 1/3 step 91/300
PROFILE {"session": "libero-27bcaeb1", "worker": 0, "client": {"visual_record_s": 0.0022469437681138515, "env_s": 0.21786290174350142, "env_steps": 10.0, "observation_s": 0.002389786299318075, "request_build_s": 5.420483648777008e-05, "request_roundtrip_s": 0.07837911089882255}, "transport": {"connect_s": 0.0011171824298799038, "encode_s": 0.00036242976784706116, "send_s": 0.00034865783527493477, "wait_response_s": 0.07586189731955528, "close_s": 0.0003150138072669506, "decode_s": 5.710497498512268e-05, "request_bytes": 393748}, "server": {}}
[worker 0] task 1/1 id=0 episode 1/3 step 92/300
[worker 0] task 1/1 id=0 episode 1/3 step 93/300
[worker 0] task 1/1 id=0 episode 1/3 step 94/300
[worker 0] task 1/1 id=0 episode 1/3 step 95/300
[worker 0] task 1/1 id=0 episode 1/3 step 96/300
[worker 0] task 1/1 id=0 episode 1/3 step 97/300
[worker 0] task 1/1 id=0 episode 1/3 step 98/300
[worker 0] task 1/1 id=0 episode 1/3 step 99/300
[worker 0] task 1/1 id=0 episode 1/3 step 100/300
[worker 0] task 1/1 id=0 episode 1/3 step 101/300
PROFILE {"session": "libero-27bcaeb1", "worker": 0, "client": {"visual_record_s": 0.002099640667438507, "env_s": 0.23583928029984236, "env_steps": 10.0, "observation_s": 0.002073858864605427, "request_build_s": 5.728378891944885e-05, "request_roundtrip_s": 0.08361244993284345}, "transport": {"connect_s": 0.001637950073927641, "encode_s": 0.00037238001823425293, "send_s": 0.0003493227995932102, "wait_response_s": 0.08054380677640438, "close_s": 0.00037848809733986855, "decode_s": 4.6182889491319656e-05, "request_bytes": 393748}, "server": {}}
[worker 0] task 1/1 id=0 episode 1/3 step 102/300
[worker 0] task 1/1 id=0 episode 1/3 step 103/300
[worker 0] task 1/1 id=0 episode 1/3 step 104/300
[worker 0] task 1/1 id=0 episode 1/3 step 105/300
[worker 0] task 1/1 id=0 episode 1/3 step 106/300
[worker 0] task 1/1 id=0 episode 1/3 step 107/300
[worker 0] task 1/1 id=0 episode 1/3 step 108/300
[worker 0] task 1/1 id=0 episode 1/3 step 109/300
[worker 0] task 1/1 id=0 episode 1/3 step 110/300
[worker 0] task 1/1 id=0 episode 1/3 step 111/300
PROFILE {"session": "libero-27bcaeb1", "worker": 0, "client": {"visual_record_s": 0.002001456916332245, "env_s": 0.2108736797235906, "env_steps": 10.0, "observation_s": 0.002067659981548786, "request_build_s": 5.547795444726944e-05, "request_roundtrip_s": 0.09752022288739681}, "transport": {"connect_s": 0.0017712460830807686, "encode_s": 0.0003703068941831589, "send_s": 0.0003370288759469986, "wait_response_s": 0.09387157997116446, "close_s": 0.000806841067969799, "decode_s": 4.7835055738687515e-05, "request_bytes": 393748}, "server": {}}
[worker 0] task 1/1 id=0 episode 1/3 step 112/300
[worker 0] task 1/1 id=0 episode 1/3 step 113/300
[worker 0] task 1/1 id=0 episode 1/3 step 114/300
[worker 0] task 1/1 id=0 episode 1/3 step 115/300
[worker 0] task 1/1 id=0 episode 1/3 step 116/300
[worker 0] task 1/1 id=0 episode 1/3 step 117/300
[worker 0] task 1/1 id=0 episode 1/3 step 118/300
[worker 0] task 1/1 id=0 episode 1/3 step 119/300
[worker 0] task 1/1 id=0 episode 1/3 step 120/300
[worker 0] task 1/1 id=0 episode 1/3 step 121/300
PROFILE {"session": "libero-27bcaeb1", "worker": 0, "client": {"visual_record_s": 0.0021895519457757473, "env_s": 0.23940615635365248, "env_steps": 10.0, "observation_s": 0.0021750382147729397, "request_build_s": 5.0496309995651245e-05, "request_roundtrip_s": 0.08022826677188277}, "transport": {"connect_s": 0.0008803107775747776, "encode_s": 0.000394653994590044, "send_s": 0.0003555482253432274, "wait_response_s": 0.0774666341021657, "close_s": 0.0006475360132753849, "decode_s": 0.00014288770034909248, "request_bytes": 393748}, "server": {}}
[worker 0] task 1/1 id=0 episode 1/3 step 122/300
[worker 0] task 1/1 id=0 episode 1/3 step 123/300
[worker 0] task 1/1 id=0 episode 1/3 step 124/300
[worker 0] task 1/1 id=0 episode 1/3 step 125/300
[worker 0] task 1/1 id=0 episode 1/3 step 126/300
[worker 0] task 1/1 id=0 episode 1/3 step 127/300
[worker 0] task 1/1 id=0 episode 1/3 step 128/300
[worker 0] task 1/1 id=0 episode 1/3 step 129/300
[worker 0] task 1/1 id=0 episode 1/3 step 130/300
[worker 0] task 1/1 id=0 episode 1/3 step 131/300
PROFILE {"session": "libero-27bcaeb1", "worker": 0, "client": {"visual_record_s": 0.0024528722278773785, "env_s": 0.2323365742340684, "env_steps": 10.0, "observation_s": 0.0020246929489076138, "request_build_s": 4.9993861466646194e-05, "request_roundtrip_s": 0.07945666601881385}, "transport": {"connect_s": 0.0008066128939390182, "encode_s": 0.00035529816523194313, "send_s": 0.000354263000190258, "wait_response_s": 0.07704098289832473, "close_s": 0.000433857087045908, "decode_s": 9.318673983216286e-05, "request_bytes": 393748}, "server": {}}
[worker 0] task 1/1 id=0 episode 1/3 step 132/300
[worker 0] task 1/1 id=0 episode 1/3 step 133/300
[worker 0] task 1/1 id=0 episode 1/3 step 134/300
[worker 0] task 1/1 id=0 episode 1/3 step 135/300
[worker 0] task 1/1 id=0 episode 1/3 step 136/300
[worker 0] task 1/1 id=0 episode 1/3 step 137/300
[worker 0] task 1/1 id=0 episode 1/3 step 138/300
[worker 0] task 1/1 id=0 episode 1/3 step 139/300
[worker 0] task 1/1 id=0 episode 1/3 step 140/300
[worker 0] task 1/1 id=0 episode 1/3 step 141/300
PROFILE {"session": "libero-27bcaeb1", "worker": 0, "client": {"visual_record_s": 0.0026670116931200027, "env_s": 0.20880613196641207, "env_steps": 10.0, "observation_s": 0.0021471534855663776, "request_build_s": 7.13421031832695e-05, "request_roundtrip_s": 0.08522248594090343}, "transport": {"connect_s": 0.0020121033303439617, "encode_s": 0.0005323146469891071, "send_s": 0.0003874502144753933, "wait_response_s": 0.08147016121074557, "close_s": 0.00043291086331009865, "decode_s": 5.964701995253563e-05, "request_bytes": 393748}, "server": {}}
[worker 0] task 1/1 id=0 episode 1/3 step 142/300
[worker 0] task 1/1 id=0 episode 1/3 step 143/300
[worker 0] task 1/1 id=0 episode 1/3 step 144/300
[worker 0] task 1/1 id=0 episode 1/3 step 145/300
[worker 0] task 1/1 id=0 episode 1/3 step 146/300
[worker 0] task 1/1 id=0 episode 1/3 step 147/300
[worker 0] task 1/1 id=0 episode 1/3 step 148/300
[worker 0] task 1/1 id=0 episode 1/3 step 149/300
[worker 0] task 1/1 id=0 episode 1/3 step 150/300
[worker 0] task 1/1 id=0 episode 1/3 step 151/300
PROFILE {"session": "libero-27bcaeb1", "worker": 0, "client": {"visual_record_s": 0.003029544372111559, "env_s": 0.23418943211436272, "env_steps": 10.0, "observation_s": 0.0020565385930240154, "request_build_s": 4.898291081190109e-05, "request_roundtrip_s": 0.08376559289172292}, "transport": {"connect_s": 0.0008378028869628906, "encode_s": 0.00035029416903853416, "send_s": 0.0003462899476289749, "wait_response_s": 0.08148291800171137, "close_s": 0.00040439004078507423, "decode_s": 5.319295451045036e-05, "request_bytes": 393748}, "server": {}}
[worker 0] task 1/1 id=0 episode 1/3 step 152/300
[worker 0] task 1/1 id=0 episode 1/3 step 153/300
[worker 0] task 1/1 id=0 episode 1/3 step 154/300
[worker 0] task 1/1 id=0 episode 1/3 step 155/300
[worker 0] task 1/1 id=0 episode 1/3 step 156/300
[worker 0] task 1/1 id=0 episode 1/3 step 157/300
[worker 0] task 1/1 id=0 episode 1/3 step 158/300
[worker 0] task 1/1 id=0 episode 1/3 step 159/300
[worker 0] task 1/1 id=0 episode 1/3 step 160/300
[worker 0] task 1/1 id=0 episode 1/3 step 161/300
PROFILE {"session": "libero-27bcaeb1", "worker": 0, "client": {"visual_record_s": 0.00246037682518363, "env_s": 0.21566232247278094, "env_steps": 10.0, "observation_s": 0.00190812349319458, "request_build_s": 4.3496023863554e-05, "request_roundtrip_s": 0.08648955402895808}, "transport": {"connect_s": 0.000756043940782547, "encode_s": 0.00029215309768915176, "send_s": 0.00030423887073993683, "wait_response_s": 0.08418360585346818, "close_s": 0.0006638020277023315, "decode_s": 4.0485989302396774e-05, "request_bytes": 393748}, "server": {}}
[worker 0] task 1/1 id=0 episode 1/3 step 162/300
[worker 0] task 1/1 id=0 episode 1/3 step 163/300
[worker 0] task 1/1 id=0 episode 1/3 step 164/300
[worker 0] task 1/1 id=0 episode 1/3 step 165/300
[worker 0] task 1/1 id=0 episode 1/3 step 166/300
PROFILE {"session": "libero-27bcaeb1", "worker": 0, "client": {"visual_record_s": 0.000884366687387228, "env_s": 0.09030344197526574, "env_steps": 5.0, "observation_s": 0.0009542824700474739, "request_build_s": 5.3816940635442734e-05, "request_roundtrip_s": 0.0052450597286224365}, "transport": {"connect_s": 0.0008064461871981621, "encode_s": 0.00030877673998475075, "send_s": 0.00039143022149801254, "wait_response_s": 0.00319511815905571, "close_s": 0.0003011506050825119, "decode_s": 2.7542002499103546e-05, "request_bytes": 393778}, "server": {}}
[worker 0] task 1/1 id=0 episode 1/3 step 167/300
[worker 0] task 1/1 id=0 episode 1/3 step 168/300
[worker 0] task 1/1 id=0 episode 1/3 step 169/300
[worker 0] task 1/1 id=0 episode 1/3 step 170/300
[worker 0] task 1/1 id=0 episode 1/3 step 171/300
[worker 0] task 1/1 id=0 episode 1/3 step 172/300
[worker 0] task 1/1 id=0 episode 1/3 step 173/300
[worker 0] task 1/1 id=0 episode 1/3 step 174/300
[worker 0] task 1/1 id=0 episode 1/3 step 175/300
[worker 0] task 1/1 id=0 episode 1/3 step 176/300
[worker 0] task 1/1 id=0 episode 1/3 step 177/300
[worker 0] task 1/1 id=0 episode 1/3 step 178/300
[worker 0] task 1/1 id=0 episode 1/3 step 179/300
[worker 0] task 1/1 id=0 episode 1/3 step 180/300
[worker 0] task 1/1 id=0 episode 1/3 step 181/300
[worker 0] task 1/1 id=0 episode 1/3 step 182/300
[worker 0] task 1/1 id=0 episode 1/3 step 183/300
[worker 0] task 1/1 id=0 episode 1/3 step 184/300
[worker 0] task 1/1 id=0 episode 1/3 step 185/300
[worker 0] task 1/1 id=0 episode 1/3 step 186/300
PROFILE {"session": "libero-27bcaeb1", "worker": 0, "client": {"visual_record_s": 0.004064205568283796, "env_s": 0.3796187434345484, "env_steps": 20.0, "observation_s": 0.003555893898010254, "request_build_s": 4.6076253056526184e-05, "request_roundtrip_s": 0.08831003401428461}, "transport": {"connect_s": 0.0009498400613665581, "encode_s": 0.00029227370396256447, "send_s": 0.00031749997287988663, "wait_response_s": 0.08602483104914427, "close_s": 0.00041326507925987244, "decode_s": 4.529627040028572e-05, "request_bytes": 393748}, "server": {}}
[worker 0] task 1/1 id=0 episode 1/3 step 187/300
[worker 0] task 1/1 id=0 episode 1/3 step 188/300
[worker 0] task 1/1 id=0 episode 1/3 step 189/300
[worker 0] task 1/1 id=0 episode 1/3 step 190/300
[worker 0] task 1/1 id=0 episode 1/3 step 191/300
[worker 0] task 1/1 id=0 episode 1/3 step 192/300
[worker 0] task 1/1 id=0 episode 1/3 step 193/300
[worker 0] task 1/1 id=0 episode 1/3 step 194/300
[worker 0] task 1/1 id=0 episode 1/3 step 195/300
[worker 0] task 1/1 id=0 episode 1/3 step 196/300
PROFILE {"session": "libero-27bcaeb1", "worker": 0, "client": {"visual_record_s": 0.001811223104596138, "env_s": 0.1725519928149879, "env_steps": 10.0, "observation_s": 0.001725585199892521, "request_build_s": 4.621734842658043e-05, "request_roundtrip_s": 0.08998823259025812}, "transport": {"connect_s": 0.0008257240988314152, "encode_s": 0.00012372992932796478, "send_s": 0.00019952189177274704, "wait_response_s": 0.08788780402392149, "close_s": 0.0006673331372439861, "decode_s": 3.7312041968107224e-05, "request_bytes": 393748}, "server": {}}
[worker 0] task 1/1 id=0 episode 1/3 step 197/300
[worker 0] task 1/1 id=0 episode 1/3 step 198/300
[worker 0] task 1/1 id=0 episode 1/3 step 199/300
[worker 0] task 1/1 id=0 episode 1/3 step 200/300
[worker 0] task 1/1 id=0 episode 1/3 step 201/300
[worker 0] task 1/1 id=0 episode 1/3 step 202/300
[worker 0] task 1/1 id=0 episode 1/3 step 203/300
[worker 0] task 1/1 id=0 episode 1/3 step 204/300
[worker 0] task 1/1 id=0 episode 1/3 step 205/300
[worker 0] task 1/1 id=0 episode 1/3 step 206/300
PROFILE {"session": "libero-27bcaeb1", "worker": 0, "client": {"visual_record_s": 0.002012666780501604, "env_s": 0.17254046676680446, "env_steps": 10.0, "observation_s": 0.001706981100142002, "request_build_s": 4.769023507833481e-05, "request_roundtrip_s": 0.09374055359512568}, "transport": {"connect_s": 0.0009643523953855038, "encode_s": 0.0003817449323832989, "send_s": 0.0004259468987584114, "wait_response_s": 0.09122948907315731, "close_s": 0.00041464483365416527, "decode_s": 3.815582022070885e-05, "request_bytes": 393748}, "server": {}}
[worker 0] task 1/1 id=0 episode 1/3 step 207/300
[worker 0] task 1/1 id=0 episode 1/3 step 208/300
[worker 0] task 1/1 id=0 episode 1/3 step 209/300
[worker 0] task 1/1 id=0 episode 1/3 step 210/300
[worker 0] task 1/1 id=0 episode 1/3 step 211/300
[worker 0] task 1/1 id=0 episode 1/3 step 212/300
[worker 0] task 1/1 id=0 episode 1/3 step 213/300
[worker 0] task 1/1 id=0 episode 1/3 step 214/300
[worker 0] task 1/1 id=0 episode 1/3 step 215/300
[worker 0] task 1/1 id=0 episode 1/3 step 216/300
PROFILE {"session": "libero-27bcaeb1", "worker": 0, "client": {"visual_record_s": 0.002437946852296591, "env_s": 0.1880059102550149, "env_steps": 10.0, "observation_s": 0.0017220927402377129, "request_build_s": 4.7880690544843674e-05, "request_roundtrip_s": 0.08848316734656692}, "transport": {"connect_s": 0.0008175764232873917, "encode_s": 0.0003719506785273552, "send_s": 0.00043521029874682426, "wait_response_s": 0.08621079195290804, "close_s": 0.0003247479908168316, "decode_s": 6.148172542452812e-05, "request_bytes": 393748}, "server": {}}
[worker 0] task 1/1 id=0 episode 1/3 step 217/300
[worker 0] task 1/1 id=0 episode 1/3 step 218/300
[worker 0] task 1/1 id=0 episode 1/3 step 219/300
[worker 0] task 1/1 id=0 episode 1/3 step 220/300
[worker 0] task 1/1 id=0 episode 1/3 step 221/300
[worker 0] task 1/1 id=0 episode 1/3 step 222/300
[worker 0] task 1/1 id=0 episode 1/3 step 223/300
[worker 0] task 1/1 id=0 episode 1/3 step 224/300
[worker 0] task 1/1 id=0 episode 1/3 step 225/300
[worker 0] task 1/1 id=0 episode 1/3 step 226/300
PROFILE {"session": "libero-27bcaeb1", "worker": 0, "client": {"visual_record_s": 0.002493297215551138, "env_s": 0.17058209935203195, "env_steps": 10.0, "observation_s": 0.0017340104095637798, "request_build_s": 4.7964975237846375e-05, "request_roundtrip_s": 0.08425713889300823}, "transport": {"connect_s": 0.0008522439748048782, "encode_s": 0.00038581108674407005, "send_s": 0.00042345933616161346, "wait_response_s": 0.08162127155810595, "close_s": 0.0006759213283658028, "decode_s": 3.745872527360916e-05, "request_bytes": 393748}, "server": {}}
[worker 0] task 1/1 id=0 episode 1/3 step 227/300
[worker 0] task 1/1 id=0 episode 1/3 step 228/300
[worker 0] task 1/1 id=0 episode 1/3 step 229/300
[worker 0] task 1/1 id=0 episode 1/3 step 230/300
[worker 0] task 1/1 id=0 episode 1/3 step 231/300
[worker 0] task 1/1 id=0 episode 1/3 step 232/300
[worker 0] task 1/1 id=0 episode 1/3 step 233/300
[worker 0] task 1/1 id=0 episode 1/3 step 234/300
[worker 0] task 1/1 id=0 episode 1/3 step 235/300
[worker 0] task 1/1 id=0 episode 1/3 step 236/300
PROFILE {"session": "libero-27bcaeb1", "worker": 0, "client": {"visual_record_s": 0.002577447798103094, "env_s": 0.1767519311979413, "env_steps": 10.0, "observation_s": 0.0018280688673257828, "request_build_s": 4.656286910176277e-05, "request_roundtrip_s": 0.08881698688492179}, "transport": {"connect_s": 0.0009346078149974346, "encode_s": 0.0003711031749844551, "send_s": 0.0004388997331261635, "wait_response_s": 0.08631926914677024, "close_s": 0.0004561981186270714, "decode_s": 4.413491114974022e-05, "request_bytes": 393748}, "server": {}}
[worker 0] task 1/1 id=0 episode 1/3 step 237/300
[worker 0] task 1/1 id=0 episode 1/3 step 238/300
[worker 0] task 1/1 id=0 episode 1/3 step 239/300
[worker 0] task 1/1 id=0 episode 1/3 step 240/300
[worker 0] task 1/1 id=0 episode 1/3 step 241/300
[worker 0] task 1/1 id=0 episode 1/3 step 242/300
[worker 0] task 1/1 id=0 episode 1/3 step 243/300
[worker 0] task 1/1 id=0 episode 1/3 step 244/300
[worker 0] task 1/1 id=0 episode 1/3 step 245/300
[worker 0] task 1/1 id=0 episode 1/3 step 246/300
PROFILE {"session": "libero-27bcaeb1", "worker": 0, "client": {"visual_record_s": 0.0024437797255814075, "env_s": 0.17581936158239841, "env_steps": 10.0, "observation_s": 0.0016991118900477886, "request_build_s": 5.4073985666036606e-05, "request_roundtrip_s": 0.08899754006415606}, "transport": {"connect_s": 0.000815240666270256, "encode_s": 0.0003857901319861412, "send_s": 0.0004199710674583912, "wait_response_s": 0.08673873916268349, "close_s": 0.00033586565405130386, "decode_s": 3.787735477089882e-05, "request_bytes": 393748}, "server": {}}
[worker 0] task 1/1 id=0 episode 1/3 step 247/300
[worker 0] task 1/1 id=0 episode 1/3 step 248/300
[worker 0] task 1/1 id=0 episode 1/3 step 249/300
[worker 0] task 1/1 id=0 episode 1/3 step 250/300
[worker 0] task 1/1 id=0 episode 1/3 step 251/300
[worker 0] task 1/1 id=0 episode 1/3 step 252/300
[worker 0] task 1/1 id=0 episode 1/3 step 253/300
[worker 0] task 1/1 id=0 episode 1/3 step 254/300
[worker 0] task 1/1 id=0 episode 1/3 step 255/300
[worker 0] task 1/1 id=0 episode 1/3 step 256/300
PROFILE {"session": "libero-27bcaeb1", "worker": 0, "client": {"visual_record_s": 0.002506804186850786, "env_s": 0.16800418077036738, "env_steps": 10.0, "observation_s": 0.001735500991344452, "request_build_s": 4.63239848613739e-05, "request_roundtrip_s": 0.08870146004483104}, "transport": {"connect_s": 0.0008634082041680813, "encode_s": 0.0003709779120981693, "send_s": 0.00042797718197107315, "wait_response_s": 0.0860734460875392, "close_s": 0.0006610937416553497, "decode_s": 4.2086001485586166e-05, "request_bytes": 393748}, "server": {}}
[worker 0] task 1/1 id=0 episode 1/3 step 257/300
[worker 0] task 1/1 id=0 episode 1/3 step 258/300
[worker 0] task 1/1 id=0 episode 1/3 step 259/300
[worker 0] task 1/1 id=0 episode 1/3 step 260/300
[worker 0] task 1/1 id=0 episode 1/3 step 261/300
[worker 0] task 1/1 id=0 episode 1/3 step 262/300
[worker 0] task 1/1 id=0 episode 1/3 step 263/300
[worker 0] task 1/1 id=0 episode 1/3 step 264/300
[worker 0] task 1/1 id=0 episode 1/3 step 265/300
[worker 0] task 1/1 id=0 episode 1/3 step 266/300
PROFILE {"session": "libero-27bcaeb1", "worker": 0, "client": {"visual_record_s": 0.002526736818253994, "env_s": 0.17844685027375817, "env_steps": 10.0, "observation_s": 0.0018594102002680302, "request_build_s": 4.7993846237659454e-05, "request_roundtrip_s": 0.09002746222540736}, "transport": {"connect_s": 0.0009622210636734962, "encode_s": 0.00037113577127456665, "send_s": 0.00041721994057297707, "wait_response_s": 0.08755360124632716, "close_s": 0.00040057068690657616, "decode_s": 5.649123340845108e-05, "request_bytes": 393748}, "server": {}}
[worker 0] task 1/1 id=0 episode 1/3 step 267/300
[worker 0] task 1/1 id=0 episode 1/3 step 268/300
[worker 0] task 1/1 id=0 episode 1/3 step 269/300
[worker 0] task 1/1 id=0 episode 1/3 step 270/300
[worker 0] task 1/1 id=0 episode 1/3 step 271/300
[worker 0] task 1/1 id=0 episode 1/3 step 272/300
[worker 0] task 1/1 id=0 episode 1/3 step 273/300
[worker 0] task 1/1 id=0 episode 1/3 step 274/300
[worker 0] task 1/1 id=0 episode 1/3 step 275/300
[worker 0] task 1/1 id=0 episode 1/3 step 276/300
PROFILE {"session": "libero-27bcaeb1", "worker": 0, "client": {"visual_record_s": 0.0025550592690706253, "env_s": 0.19334891345351934, "env_steps": 10.0, "observation_s": 0.0018188562244176865, "request_build_s": 4.723109304904938e-05, "request_roundtrip_s": 0.08718329202383757}, "transport": {"connect_s": 0.0008796039037406445, "encode_s": 0.0003727930597960949, "send_s": 0.00041939131915569305, "wait_response_s": 0.0847063846886158, "close_s": 0.0005017933435738087, "decode_s": 4.5165885239839554e-05, "request_bytes": 393748}, "server": {}}
[worker 0] task 1/1 id=0 episode 1/3 step 277/300
[worker 0] task 1/1 id=0 episode 1/3 step 278/300
[worker 0] task 1/1 id=0 episode 1/3 step 279/300
[worker 0] task 1/1 id=0 episode 1/3 step 280/300
[worker 0] task 1/1 id=0 episode 1/3 step 281/300
[worker 0] task 1/1 id=0 episode 1/3 step 282/300
[worker 0] task 1/1 id=0 episode 1/3 step 283/300
[worker 0] task 1/1 id=0 episode 1/3 step 284/300
[worker 0] task 1/1 id=0 episode 1/3 step 285/300
[worker 0] task 1/1 id=0 episode 1/3 step 286/300
PROFILE {"session": "libero-27bcaeb1", "worker": 0, "client": {"visual_record_s": 0.002455621026456356, "env_s": 0.2065526256337762, "env_steps": 10.0, "observation_s": 0.0017307838425040245, "request_build_s": 4.608277231454849e-05, "request_roundtrip_s": 0.09036766737699509}, "transport": {"connect_s": 0.0016676080413162708, "encode_s": 0.00037064729258418083, "send_s": 0.0004025828093290329, "wait_response_s": 0.08685116982087493, "close_s": 0.0006684539839625359, "decode_s": 7.400522008538246e-05, "request_bytes": 393748}, "server": {}}
[worker 0] task 1/1 id=0 episode 1/3 step 287/300
[worker 0] task 1/1 id=0 episode 1/3 step 288/300
[worker 0] task 1/1 id=0 episode 1/3 step 289/300
[worker 0] task 1/1 id=0 episode 1/3 step 290/300
[worker 0] task 1/1 id=0 episode 1/3 step 291/300
[worker 0] task 1/1 id=0 episode 1/3 step 292/300
[worker 0] task 1/1 id=0 episode 1/3 step 293/300
[worker 0] task 1/1 id=0 episode 1/3 step 294/300
[worker 0] task 1/1 id=0 episode 1/3 step 295/300
[worker 0] task 1/1 id=0 episode 1/3 step 296/300
PROFILE {"session": "libero-27bcaeb1", "worker": 0, "client": {"visual_record_s": 0.0026462310925126076, "env_s": 0.17973593343049288, "env_steps": 10.0, "observation_s": 0.0018163598142564297, "request_build_s": 4.7676730901002884e-05, "request_roundtrip_s": 0.08657010504975915}, "transport": {"connect_s": 0.0009514708071947098, "encode_s": 0.00038214726373553276, "send_s": 0.00041466904804110527, "wait_response_s": 0.0842663086950779, "close_s": 0.00025812629610300064, "decode_s": 3.762776032090187e-05, "request_bytes": 393748}, "server": {}}
[worker 0] task 1/1 id=0 episode 1/3 step 297/300
[worker 0] task 1/1 id=0 episode 1/3 step 298/300
[worker 0] task 1/1 id=0 episode 1/3 step 299/300
[worker 0] task 1/1 id=0 episode 1/3 step 300/300
[worker 0] saved video to: 
/data0/luokang/research/GraphVLA/tmp/pi05_worker_speed_0913/run4_w1/custom0902_i
d10ep-29999/libero_custom_0906-oracle-0913-094335-455421/videos/task_000_ep_000_
sec_016_failure_failure.mp4 (330 frames, 20.0 fps)
PROFILE_SAVE {"worker": 0, "frames": 330, "video_s": 3.161202290095389, "json_s": 0.023924347013235092}
[worker 0] saved execution record to: 
/data0/luokang/research/GraphVLA/tmp/pi05_worker_speed_0913/run4_w1/custom0902_i
d10ep-29999/libero_custom_0906-oracle-0913-094335-455421/videos/task_000_ep_000_
sec_016_failure_failure.json (330 frames)
[worker 0] task=0 episode=0 success=False env_done=False server_done=False 
progress=1/3 completed_subtasks=[1] completed_goals=["['on', 'wine_bottle_1', 
'flat_stove_1_cook_region']"]
Overall progress: 1/3 (33.3%) ETA 00:00:33
[Warning]: datasets path /data0/luokang/research/LIBERO/libero/libero/../datasets does not exist!
[Warning]: datasets path /data0/luokang/research/LIBERO/libero/libero/../datasets does not exist!
[Warning]: datasets path /data0/luokang/research/LIBERO/libero/libero/../datasets does not exist!
:demonstration is not recognized in problem
INFO:root:[worker 0] Task 0 episode 1: put the wine bottle on the stove, then put the bowl on the plate, then put the cream cheese on the wooden cabinet
[worker 0] task 1/1 id=0 episode 2/3 init_state=1: put the wine bottle on the 
stove, then put the bowl on the plate, then put the cream cheese on the wooden 
cabinet
[worker 0] task 1/1 id=0 episode 2/3 wait_step 1/30
[worker 0] task 1/1 id=0 episode 2/3 wait_step 2/30
[worker 0] task 1/1 id=0 episode 2/3 wait_step 3/30
[worker 0] task 1/1 id=0 episode 2/3 wait_step 4/30
[worker 0] task 1/1 id=0 episode 2/3 wait_step 5/30
[worker 0] task 1/1 id=0 episode 2/3 wait_step 6/30
[worker 0] task 1/1 id=0 episode 2/3 wait_step 7/30
[worker 0] task 1/1 id=0 episode 2/3 wait_step 8/30
[worker 0] task 1/1 id=0 episode 2/3 wait_step 9/30
[worker 0] task 1/1 id=0 episode 2/3 wait_step 10/30
[worker 0] task 1/1 id=0 episode 2/3 wait_step 11/30
[worker 0] task 1/1 id=0 episode 2/3 wait_step 12/30
[worker 0] task 1/1 id=0 episode 2/3 wait_step 13/30
[worker 0] task 1/1 id=0 episode 2/3 wait_step 14/30
[worker 0] task 1/1 id=0 episode 2/3 wait_step 15/30
[worker 0] task 1/1 id=0 episode 2/3 wait_step 16/30
[worker 0] task 1/1 id=0 episode 2/3 wait_step 17/30
[worker 0] task 1/1 id=0 episode 2/3 wait_step 18/30
[worker 0] task 1/1 id=0 episode 2/3 wait_step 19/30
[worker 0] task 1/1 id=0 episode 2/3 wait_step 20/30
[worker 0] task 1/1 id=0 episode 2/3 wait_step 21/30
[worker 0] task 1/1 id=0 episode 2/3 wait_step 22/30
[worker 0] task 1/1 id=0 episode 2/3 wait_step 23/30
[worker 0] task 1/1 id=0 episode 2/3 wait_step 24/30
[worker 0] task 1/1 id=0 episode 2/3 wait_step 25/30
[worker 0] task 1/1 id=0 episode 2/3 wait_step 26/30
[worker 0] task 1/1 id=0 episode 2/3 wait_step 27/30
[worker 0] task 1/1 id=0 episode 2/3 wait_step 28/30
[worker 0] task 1/1 id=0 episode 2/3 wait_step 29/30
[worker 0] task 1/1 id=0 episode 2/3 wait_step 30/30
[worker 0] task 1/1 id=0 episode 2/3 step 1/300
PROFILE {"session": "libero-27bcaeb1", "worker": 0, "client": {"observation_s": 0.00020873220637440681, "request_build_s": 5.032634362578392e-05, "request_roundtrip_s": 0.08937690360471606}, "transport": {"connect_s": 0.0010598339140415192, "encode_s": 0.00013280799612402916, "send_s": 0.0002088760957121849, "wait_response_s": 0.08733340725302696, "close_s": 0.00030126888304948807, "decode_s": 4.6405941247940063e-05, "request_bytes": 393763}, "server": {}}
[worker 0] task 1/1 id=0 episode 2/3 step 2/300
[worker 0] task 1/1 id=0 episode 2/3 step 3/300
[worker 0] task 1/1 id=0 episode 2/3 step 4/300
[worker 0] task 1/1 id=0 episode 2/3 step 5/300
[worker 0] task 1/1 id=0 episode 2/3 step 6/300
[worker 0] task 1/1 id=0 episode 2/3 step 7/300
[worker 0] task 1/1 id=0 episode 2/3 step 8/300
[worker 0] task 1/1 id=0 episode 2/3 step 9/300
[worker 0] task 1/1 id=0 episode 2/3 step 10/300
[worker 0] task 1/1 id=0 episode 2/3 step 11/300
PROFILE {"session": "libero-27bcaeb1", "worker": 0, "client": {"visual_record_s": 0.0018985406495630741, "env_s": 0.20168640790507197, "env_steps": 10.0, "observation_s": 0.0019879541359841824, "request_build_s": 4.801899194717407e-05, "request_roundtrip_s": 0.08995707612484694}, "transport": {"connect_s": 0.0009620180353522301, "encode_s": 0.00012935325503349304, "send_s": 0.0001927376724779606, "wait_response_s": 0.08792261593043804, "close_s": 0.0004073483869433403, "decode_s": 5.369586870074272e-05, "request_bytes": 393748}, "server": {}}
[worker 0] task 1/1 id=0 episode 2/3 step 12/300
[worker 0] task 1/1 id=0 episode 2/3 step 13/300
[worker 0] task 1/1 id=0 episode 2/3 step 14/300
[worker 0] task 1/1 id=0 episode 2/3 step 15/300
[worker 0] task 1/1 id=0 episode 2/3 step 16/300
[worker 0] task 1/1 id=0 episode 2/3 step 17/300
[worker 0] task 1/1 id=0 episode 2/3 step 18/300
[worker 0] task 1/1 id=0 episode 2/3 step 19/300
[worker 0] task 1/1 id=0 episode 2/3 step 20/300
[worker 0] task 1/1 id=0 episode 2/3 step 21/300
PROFILE {"session": "libero-27bcaeb1", "worker": 0, "client": {"visual_record_s": 0.002057853154838085, "env_s": 0.19076479272916913, "env_steps": 10.0, "observation_s": 0.00211103493347764, "request_build_s": 5.370704457163811e-05, "request_roundtrip_s": 0.08477860409766436}, "transport": {"connect_s": 0.0017159059643745422, "encode_s": 0.00013668322935700417, "send_s": 0.000190861988812685, "wait_response_s": 0.08203383814543486, "close_s": 0.00031035859137773514, "decode_s": 6.296113133430481e-05, "request_bytes": 393748}, "server": {}}
[worker 0] task 1/1 id=0 episode 2/3 step 22/300
[worker 0] task 1/1 id=0 episode 2/3 step 23/300
[worker 0] task 1/1 id=0 episode 2/3 step 24/300
[worker 0] task 1/1 id=0 episode 2/3 step 25/300
[worker 0] task 1/1 id=0 episode 2/3 step 26/300
[worker 0] task 1/1 id=0 episode 2/3 step 27/300
[worker 0] task 1/1 id=0 episode 2/3 step 28/300
[worker 0] task 1/1 id=0 episode 2/3 step 29/300
[worker 0] task 1/1 id=0 episode 2/3 step 30/300
[worker 0] task 1/1 id=0 episode 2/3 step 31/300
PROFILE {"session": "libero-27bcaeb1", "worker": 0, "client": {"visual_record_s": 0.0019582919776439667, "env_s": 0.20580422738566995, "env_steps": 10.0, "observation_s": 0.0019961856305599213, "request_build_s": 5.0031114369630814e-05, "request_roundtrip_s": 0.08634558087214828}, "transport": {"connect_s": 0.0009326748549938202, "encode_s": 0.00012452807277441025, "send_s": 0.0001920880749821663, "wait_response_s": 0.08432943793013692, "close_s": 0.0004350319504737854, "decode_s": 4.383409395813942e-05, "request_bytes": 393748}, "server": {}}
[worker 0] task 1/1 id=0 episode 2/3 step 32/300
[worker 0] task 1/1 id=0 episode 2/3 step 33/300
[worker 0] task 1/1 id=0 episode 2/3 step 34/300
[worker 0] task 1/1 id=0 episode 2/3 step 35/300
[worker 0] task 1/1 id=0 episode 2/3 step 36/300
[worker 0] task 1/1 id=0 episode 2/3 step 37/300
[worker 0] task 1/1 id=0 episode 2/3 step 38/300
[worker 0] task 1/1 id=0 episode 2/3 step 39/300
[worker 0] task 1/1 id=0 episode 2/3 step 40/300
[worker 0] task 1/1 id=0 episode 2/3 step 41/300
PROFILE {"session": "libero-27bcaeb1", "worker": 0, "client": {"visual_record_s": 0.0020125387236475945, "env_s": 0.19980931468307972, "env_steps": 10.0, "observation_s": 0.0020630848594009876, "request_build_s": 4.6587083488702774e-05, "request_roundtrip_s": 0.08269634190946817}, "transport": {"connect_s": 0.0008979188278317451, "encode_s": 0.00012751296162605286, "send_s": 0.00019582314416766167, "wait_response_s": 0.08003308484330773, "close_s": 0.0011045578867197037, "decode_s": 5.533406510949135e-05, "request_bytes": 393748}, "server": {}}
[worker 0] task 1/1 id=0 episode 2/3 step 42/300
[worker 0] task 1/1 id=0 episode 2/3 step 43/300
[worker 0] task 1/1 id=0 episode 2/3 step 44/300
[worker 0] task 1/1 id=0 episode 2/3 step 45/300
[worker 0] task 1/1 id=0 episode 2/3 step 46/300
[worker 0] task 1/1 id=0 episode 2/3 step 47/300
[worker 0] task 1/1 id=0 episode 2/3 step 48/300
[worker 0] task 1/1 id=0 episode 2/3 step 49/300
[worker 0] task 1/1 id=0 episode 2/3 step 50/300
[worker 0] task 1/1 id=0 episode 2/3 step 51/300
PROFILE {"session": "libero-27bcaeb1", "worker": 0, "client": {"visual_record_s": 0.002100949641317129, "env_s": 0.21000431152060628, "env_steps": 10.0, "observation_s": 0.0022134045138955116, "request_build_s": 5.058804526925087e-05, "request_roundtrip_s": 0.08878615498542786}, "transport": {"connect_s": 0.0009852158837020397, "encode_s": 0.00012789200991392136, "send_s": 0.0001942361705005169, "wait_response_s": 0.08624970586970448, "close_s": 0.0006176028400659561, "decode_s": 0.00014303205534815788, "request_bytes": 393748}, "server": {}}
[worker 0] task 1/1 id=0 episode 2/3 step 52/300
[worker 0] task 1/1 id=0 episode 2/3 step 53/300
[worker 0] task 1/1 id=0 episode 2/3 step 54/300
[worker 0] task 1/1 id=0 episode 2/3 step 55/300
[worker 0] task 1/1 id=0 episode 2/3 step 56/300
[worker 0] task 1/1 id=0 episode 2/3 step 57/300
[worker 0] task 1/1 id=0 episode 2/3 step 58/300
[worker 0] task 1/1 id=0 episode 2/3 step 59/300
[worker 0] task 1/1 id=0 episode 2/3 step 60/300
[worker 0] task 1/1 id=0 episode 2/3 step 61/300
PROFILE {"session": "libero-27bcaeb1", "worker": 0, "client": {"visual_record_s": 0.0019644740968942642, "env_s": 0.20823787851259112, "env_steps": 10.0, "observation_s": 0.0020396593026816845, "request_build_s": 5.3338706493377686e-05, "request_roundtrip_s": 0.0949232173152268}, "transport": {"connect_s": 0.0017506759613752365, "encode_s": 0.0001341528259217739, "send_s": 0.00018732110038399696, "wait_response_s": 0.09166145324707031, "close_s": 0.0007707308977842331, "decode_s": 0.00012744776904582977, "request_bytes": 393748}, "server": {}}
[worker 0] task 1/1 id=0 episode 2/3 step 62/300
[worker 0] task 1/1 id=0 episode 2/3 step 63/300
[worker 0] task 1/1 id=0 episode 2/3 step 64/300
[worker 0] task 1/1 id=0 episode 2/3 step 65/300
[worker 0] task 1/1 id=0 episode 2/3 step 66/300
[worker 0] task 1/1 id=0 episode 2/3 step 67/300
[worker 0] task 1/1 id=0 episode 2/3 step 68/300
[worker 0] task 1/1 id=0 episode 2/3 step 69/300
[worker 0] task 1/1 id=0 episode 2/3 step 70/300
[worker 0] task 1/1 id=0 episode 2/3 step 71/300
PROFILE {"session": "libero-27bcaeb1", "worker": 0, "client": {"visual_record_s": 0.0020483401603996754, "env_s": 0.19330815691500902, "env_steps": 10.0, "observation_s": 0.002036597114056349, "request_build_s": 6.343424320220947e-05, "request_roundtrip_s": 0.10259740566834807}, "transport": {"connect_s": 0.0017812647856771946, "encode_s": 0.00015523191541433334, "send_s": 0.000199862290173769, "wait_response_s": 0.09923350578173995, "close_s": 0.0008007269352674484, "decode_s": 0.00012372713536024094, "request_bytes": 393748}, "server": {}}
[worker 0] task 1/1 id=0 episode 2/3 step 72/300
[worker 0] task 1/1 id=0 episode 2/3 step 73/300
[worker 0] task 1/1 id=0 episode 2/3 step 74/300
[worker 0] task 1/1 id=0 episode 2/3 step 75/300
[worker 0] task 1/1 id=0 episode 2/3 step 76/300
[worker 0] task 1/1 id=0 episode 2/3 step 77/300
[worker 0] task 1/1 id=0 episode 2/3 step 78/300
[worker 0] task 1/1 id=0 episode 2/3 step 79/300
[worker 0] task 1/1 id=0 episode 2/3 step 80/300
[worker 0] task 1/1 id=0 episode 2/3 step 81/300
PROFILE {"session": "libero-27bcaeb1", "worker": 0, "client": {"visual_record_s": 0.0020689605735242367, "env_s": 0.23382652504369617, "env_steps": 10.0, "observation_s": 0.001997672952711582, "request_build_s": 5.1023904234170914e-05, "request_roundtrip_s": 0.09697945415973663}, "transport": {"connect_s": 0.0016663148999214172, "encode_s": 0.00013624504208564758, "send_s": 0.00018269382417201996, "wait_response_s": 0.09416134003549814, "close_s": 0.0004972671158611774, "decode_s": 4.756217822432518e-05, "request_bytes": 393748}, "server": {}}
[worker 0] task 1/1 id=0 episode 2/3 step 82/300
[worker 0] task 1/1 id=0 episode 2/3 step 83/300
[worker 0] task 1/1 id=0 episode 2/3 step 84/300
[worker 0] task 1/1 id=0 episode 2/3 step 85/300
[worker 0] task 1/1 id=0 episode 2/3 step 86/300
[worker 0] task 1/1 id=0 episode 2/3 step 87/300
[worker 0] task 1/1 id=0 episode 2/3 step 88/300
[worker 0] task 1/1 id=0 episode 2/3 step 89/300
[worker 0] task 1/1 id=0 episode 2/3 step 90/300
[worker 0] task 1/1 id=0 episode 2/3 step 91/300
PROFILE {"session": "libero-27bcaeb1", "worker": 0, "client": {"visual_record_s": 0.0019890638068318367, "env_s": 0.2244265479966998, "env_steps": 10.0, "observation_s": 0.0020658052526414394, "request_build_s": 5.421089008450508e-05, "request_roundtrip_s": 0.09624966140836477}, "transport": {"connect_s": 0.0016052010469138622, "encode_s": 0.0001281648874282837, "send_s": 0.00018126005306839943, "wait_response_s": 0.09287164313718677, "close_s": 0.0010935370810329914, "decode_s": 8.162995800375938e-05, "request_bytes": 393748}, "server": {}}
[worker 0] task 1/1 id=0 episode 2/3 step 92/300
[worker 0] task 1/1 id=0 episode 2/3 step 93/300
[worker 0] task 1/1 id=0 episode 2/3 step 94/300
[worker 0] task 1/1 id=0 episode 2/3 step 95/300
[worker 0] task 1/1 id=0 episode 2/3 step 96/300
[worker 0] task 1/1 id=0 episode 2/3 step 97/300
[worker 0] task 1/1 id=0 episode 2/3 step 98/300
[worker 0] task 1/1 id=0 episode 2/3 step 99/300
[worker 0] task 1/1 id=0 episode 2/3 step 100/300
[worker 0] task 1/1 id=0 episode 2/3 step 101/300
PROFILE {"session": "libero-27bcaeb1", "worker": 0, "client": {"visual_record_s": 0.002218589186668396, "env_s": 0.231428574770689, "env_steps": 10.0, "observation_s": 0.002227631863206625, "request_build_s": 6.760889664292336e-05, "request_roundtrip_s": 0.09765135403722525}, "transport": {"connect_s": 0.0017583640292286873, "encode_s": 0.0001311320811510086, "send_s": 0.00018117530271410942, "wait_response_s": 0.09415061073377728, "close_s": 0.000780981034040451, "decode_s": 0.0001428108662366867, "request_bytes": 393748}, "server": {}}
[worker 0] task 1/1 id=0 episode 2/3 step 102/300
[worker 0] task 1/1 id=0 episode 2/3 step 103/300
[worker 0] task 1/1 id=0 episode 2/3 step 104/300
[worker 0] task 1/1 id=0 episode 2/3 step 105/300
[worker 0] task 1/1 id=0 episode 2/3 step 106/300
[worker 0] task 1/1 id=0 episode 2/3 step 107/300
[worker 0] task 1/1 id=0 episode 2/3 step 108/300
[worker 0] task 1/1 id=0 episode 2/3 step 109/300
[worker 0] task 1/1 id=0 episode 2/3 step 110/300
[worker 0] task 1/1 id=0 episode 2/3 step 111/300
PROFILE {"session": "libero-27bcaeb1", "worker": 0, "client": {"visual_record_s": 0.0024134228006005287, "env_s": 0.24931815126910806, "env_steps": 10.0, "observation_s": 0.0020908829756081104, "request_build_s": 4.848092794418335e-05, "request_roundtrip_s": 0.09473277488723397}, "transport": {"connect_s": 0.0019703591242432594, "encode_s": 0.00012539001181721687, "send_s": 0.0001827329397201538, "wait_response_s": 0.09106369316577911, "close_s": 0.0007509691640734673, "decode_s": 0.00014302367344498634, "request_bytes": 393748}, "server": {}}
[worker 0] task 1/1 id=0 episode 2/3 step 112/300
[worker 0] task 1/1 id=0 episode 2/3 step 113/300
[worker 0] task 1/1 id=0 episode 2/3 step 114/300
[worker 0] task 1/1 id=0 episode 2/3 step 115/300
[worker 0] task 1/1 id=0 episode 2/3 step 116/300
[worker 0] task 1/1 id=0 episode 2/3 step 117/300
[worker 0] task 1/1 id=0 episode 2/3 step 118/300
[worker 0] task 1/1 id=0 episode 2/3 step 119/300
[worker 0] task 1/1 id=0 episode 2/3 step 120/300
[worker 0] task 1/1 id=0 episode 2/3 step 121/300
PROFILE {"session": "libero-27bcaeb1", "worker": 0, "client": {"visual_record_s": 0.002428872510790825, "env_s": 0.21264862129464746, "env_steps": 10.0, "observation_s": 0.002085540909320116, "request_build_s": 6.096530705690384e-05, "request_roundtrip_s": 0.10179355600848794}, "transport": {"connect_s": 0.00211978517472744, "encode_s": 0.00023537687957286835, "send_s": 0.0002362411469221115, "wait_response_s": 0.0982979591935873, "close_s": 0.0005129226483404636, "decode_s": 6.0101039707660675e-05, "request_bytes": 393748}, "server": {}}
[worker 0] task 1/1 id=0 episode 2/3 step 122/300
[worker 0] task 1/1 id=0 episode 2/3 step 123/300
[worker 0] task 1/1 id=0 episode 2/3 step 124/300
[worker 0] task 1/1 id=0 episode 2/3 step 125/300
[worker 0] task 1/1 id=0 episode 2/3 step 126/300
[worker 0] task 1/1 id=0 episode 2/3 step 127/300
[worker 0] task 1/1 id=0 episode 2/3 step 128/300
[worker 0] task 1/1 id=0 episode 2/3 step 129/300
[worker 0] task 1/1 id=0 episode 2/3 step 130/300
[worker 0] task 1/1 id=0 episode 2/3 step 131/300
PROFILE {"session": "libero-27bcaeb1", "worker": 0, "client": {"visual_record_s": 0.002196651417762041, "env_s": 0.23572817398235202, "env_steps": 10.0, "observation_s": 0.0021470715291798115, "request_build_s": 4.913238808512688e-05, "request_roundtrip_s": 0.09887495683506131}, "transport": {"connect_s": 0.0018328470177948475, "encode_s": 0.0001287907361984253, "send_s": 0.00018131593242287636, "wait_response_s": 0.09536064090207219, "close_s": 0.0007072901353240013, "decode_s": 0.00016144709661602974, "request_bytes": 393748}, "server": {}}
[worker 0] task 1/1 id=0 episode 2/3 step 132/300
[worker 0] task 1/1 id=0 episode 2/3 step 133/300
[worker 0] task 1/1 id=0 episode 2/3 step 134/300
[worker 0] task 1/1 id=0 episode 2/3 step 135/300
[worker 0] task 1/1 id=0 episode 2/3 step 136/300
[worker 0] task 1/1 id=0 episode 2/3 step 137/300
[worker 0] task 1/1 id=0 episode 2/3 step 138/300
[worker 0] task 1/1 id=0 episode 2/3 step 139/300
[worker 0] task 1/1 id=0 episode 2/3 step 140/300
[worker 0] task 1/1 id=0 episode 2/3 step 141/300
PROFILE {"session": "libero-27bcaeb1", "worker": 0, "client": {"visual_record_s": 0.0020223590545356274, "env_s": 0.2219554539769888, "env_steps": 10.0, "observation_s": 0.00204777205362916, "request_build_s": 4.859268665313721e-05, "request_roundtrip_s": 0.09739480912685394}, "transport": {"connect_s": 0.0017282157205045223, "encode_s": 0.0001283460296690464, "send_s": 0.000188430305570364, "wait_response_s": 0.09421528177335858, "close_s": 0.0007852781563997269, "decode_s": 4.609301686286926e-05, "request_bytes": 393748}, "server": {}}
[worker 0] task 1/1 id=0 episode 2/3 step 142/300
[worker 0] task 1/1 id=0 episode 2/3 step 143/300
[worker 0] task 1/1 id=0 episode 2/3 step 144/300
[worker 0] task 1/1 id=0 episode 2/3 step 145/300
[worker 0] task 1/1 id=0 episode 2/3 step 146/300
[worker 0] task 1/1 id=0 episode 2/3 step 147/300
[worker 0] task 1/1 id=0 episode 2/3 step 148/300
[worker 0] task 1/1 id=0 episode 2/3 step 149/300
[worker 0] task 1/1 id=0 episode 2/3 step 150/300
[worker 0] task 1/1 id=0 episode 2/3 step 151/300
PROFILE {"session": "libero-27bcaeb1", "worker": 0, "client": {"visual_record_s": 0.002180917654186487, "env_s": 0.24000047333538532, "env_steps": 10.0, "observation_s": 0.002144608646631241, "request_build_s": 4.8969872295856476e-05, "request_roundtrip_s": 0.09761582128703594}, "transport": {"connect_s": 0.001710293348878622, "encode_s": 0.00012829480692744255, "send_s": 0.00018515205010771751, "wait_response_s": 0.09454953297972679, "close_s": 0.0007068081758916378, "decode_s": 4.5078806579113007e-05, "request_bytes": 393748}, "server": {}}
[worker 0] task 1/1 id=0 episode 2/3 step 152/300
[worker 0] task 1/1 id=0 episode 2/3 step 153/300
[worker 0] task 1/1 id=0 episode 2/3 step 154/300
[worker 0] task 1/1 id=0 episode 2/3 step 155/300
[worker 0] task 1/1 id=0 episode 2/3 step 156/300
[worker 0] task 1/1 id=0 episode 2/3 step 157/300
[worker 0] task 1/1 id=0 episode 2/3 step 158/300
[worker 0] task 1/1 id=0 episode 2/3 step 159/300
[worker 0] task 1/1 id=0 episode 2/3 step 160/300
[worker 0] task 1/1 id=0 episode 2/3 step 161/300
PROFILE {"session": "libero-27bcaeb1", "worker": 0, "client": {"visual_record_s": 0.002001709770411253, "env_s": 0.23267269879579544, "env_steps": 10.0, "observation_s": 0.002043099608272314, "request_build_s": 4.851585254073143e-05, "request_roundtrip_s": 0.09288524510338902}, "transport": {"connect_s": 0.001645833719521761, "encode_s": 0.00012759026139974594, "send_s": 0.00018633296713232994, "wait_response_s": 0.08959394507110119, "close_s": 0.0009671058505773544, "decode_s": 7.127085700631142e-05, "request_bytes": 393748}, "server": {}}
[worker 0] task 1/1 id=0 episode 2/3 step 162/300
[worker 0] task 1/1 id=0 episode 2/3 step 163/300
[worker 0] task 1/1 id=0 episode 2/3 step 164/300
[worker 0] task 1/1 id=0 episode 2/3 step 165/300
[worker 0] task 1/1 id=0 episode 2/3 step 166/300
[worker 0] task 1/1 id=0 episode 2/3 step 167/300
[worker 0] task 1/1 id=0 episode 2/3 step 168/300
[worker 0] task 1/1 id=0 episode 2/3 step 169/300
[worker 0] task 1/1 id=0 episode 2/3 step 170/300
[worker 0] task 1/1 id=0 episode 2/3 step 171/300
PROFILE {"session": "libero-27bcaeb1", "worker": 0, "client": {"visual_record_s": 0.0021210601553320885, "env_s": 0.2099149227142334, "env_steps": 10.0, "observation_s": 0.002221552189439535, "request_build_s": 5.159992724657059e-05, "request_roundtrip_s": 0.09802591102197766}, "transport": {"connect_s": 0.001763179898262024, "encode_s": 0.00013976497575640678, "send_s": 0.0001889900304377079, "wait_response_s": 0.09511754615232348, "close_s": 0.00047828396782279015, "decode_s": 4.409393295645714e-05, "request_bytes": 393748}, "server": {}}
[worker 0] task 1/1 id=0 episode 2/3 step 172/300
[worker 0] task 1/1 id=0 episode 2/3 step 173/300
[worker 0] task 1/1 id=0 episode 2/3 step 174/300
[worker 0] task 1/1 id=0 episode 2/3 step 175/300
[worker 0] task 1/1 id=0 episode 2/3 step 176/300
[worker 0] task 1/1 id=0 episode 2/3 step 177/300
[worker 0] task 1/1 id=0 episode 2/3 step 178/300
[worker 0] task 1/1 id=0 episode 2/3 step 179/300
[worker 0] task 1/1 id=0 episode 2/3 step 180/300
[worker 0] task 1/1 id=0 episode 2/3 step 181/300
PROFILE {"session": "libero-27bcaeb1", "worker": 0, "client": {"visual_record_s": 0.002054124139249325, "env_s": 0.23574460949748755, "env_steps": 10.0, "observation_s": 0.002048592083156109, "request_build_s": 4.971306771039963e-05, "request_roundtrip_s": 0.09801954170688987}, "transport": {"connect_s": 0.001725879032164812, "encode_s": 0.0001352350227534771, "send_s": 0.00018318090587854385, "wait_response_s": 0.09455975098535419, "close_s": 0.0007586739957332611, "decode_s": 0.0001441468484699726, "request_bytes": 393748}, "server": {}}
[worker 0] task 1/1 id=0 episode 2/3 step 182/300
[worker 0] task 1/1 id=0 episode 2/3 step 183/300
[worker 0] task 1/1 id=0 episode 2/3 step 184/300
[worker 0] task 1/1 id=0 episode 2/3 step 185/300
[worker 0] task 1/1 id=0 episode 2/3 step 186/300
[worker 0] task 1/1 id=0 episode 2/3 step 187/300
PROFILE {"session": "libero-27bcaeb1", "worker": 0, "client": {"visual_record_s": 0.0019035604782402515, "env_s": 0.17554217437282205, "env_steps": 6.0, "observation_s": 0.0016085682436823845, "request_build_s": 5.60469925403595e-05, "request_roundtrip_s": 0.006186604965478182}, "transport": {"connect_s": 0.0016675051301717758, "encode_s": 0.000133465975522995, "send_s": 0.00020516524091362953, "wait_response_s": 0.003436436876654625, "close_s": 0.00040809204801917076, "decode_s": 3.489013761281967e-05, "request_bytes": 393778}, "server": {}}
[worker 0] task 1/1 id=0 episode 2/3 step 188/300
[worker 0] task 1/1 id=0 episode 2/3 step 189/300
[worker 0] task 1/1 id=0 episode 2/3 step 190/300
[worker 0] task 1/1 id=0 episode 2/3 step 191/300
[worker 0] task 1/1 id=0 episode 2/3 step 192/300
[worker 0] task 1/1 id=0 episode 2/3 step 193/300
[worker 0] task 1/1 id=0 episode 2/3 step 194/300
[worker 0] task 1/1 id=0 episode 2/3 step 195/300
[worker 0] task 1/1 id=0 episode 2/3 step 196/300
[worker 0] task 1/1 id=0 episode 2/3 step 197/300
[worker 0] task 1/1 id=0 episode 2/3 step 198/300
[worker 0] task 1/1 id=0 episode 2/3 step 199/300
[worker 0] task 1/1 id=0 episode 2/3 step 200/300
[worker 0] task 1/1 id=0 episode 2/3 step 201/300
[worker 0] task 1/1 id=0 episode 2/3 step 202/300
[worker 0] task 1/1 id=0 episode 2/3 step 203/300
[worker 0] task 1/1 id=0 episode 2/3 step 204/300
[worker 0] task 1/1 id=0 episode 2/3 step 205/300
[worker 0] task 1/1 id=0 episode 2/3 step 206/300
[worker 0] task 1/1 id=0 episode 2/3 step 207/300
PROFILE {"session": "libero-27bcaeb1", "worker": 0, "client": {"visual_record_s": 0.004057284910231829, "env_s": 0.4223960293456912, "env_steps": 20.0, "observation_s": 0.004055448342114687, "request_build_s": 5.0694216042757034e-05, "request_roundtrip_s": 0.09328847471624613}, "transport": {"connect_s": 0.0018471209332346916, "encode_s": 0.0003667520359158516, "send_s": 0.000323364045470953, "wait_response_s": 0.08991029812023044, "close_s": 0.0005022250115871429, "decode_s": 4.6940986067056656e-05, "request_bytes": 393748}, "server": {}}
[worker 0] task 1/1 id=0 episode 2/3 step 208/300
[worker 0] task 1/1 id=0 episode 2/3 step 209/300
[worker 0] task 1/1 id=0 episode 2/3 step 210/300
[worker 0] task 1/1 id=0 episode 2/3 step 211/300
[worker 0] task 1/1 id=0 episode 2/3 step 212/300
[worker 0] task 1/1 id=0 episode 2/3 step 213/300
[worker 0] task 1/1 id=0 episode 2/3 step 214/300
[worker 0] task 1/1 id=0 episode 2/3 step 215/300
[worker 0] task 1/1 id=0 episode 2/3 step 216/300
[worker 0] task 1/1 id=0 episode 2/3 step 217/300
PROFILE {"session": "libero-27bcaeb1", "worker": 0, "client": {"visual_record_s": 0.0020071519538760185, "env_s": 0.20532049844041467, "env_steps": 10.0, "observation_s": 0.0020354818552732468, "request_build_s": 4.964601248502731e-05, "request_roundtrip_s": 0.09100908786058426}, "transport": {"connect_s": 0.0017249011434614658, "encode_s": 0.00013257190585136414, "send_s": 0.00019554700702428818, "wait_response_s": 0.08786250092089176, "close_s": 0.0007584872655570507, "decode_s": 4.7371722757816315e-05, "request_bytes": 393748}, "server": {}}
[worker 0] task 1/1 id=0 episode 2/3 step 218/300
[worker 0] task 1/1 id=0 episode 2/3 step 219/300
[worker 0] task 1/1 id=0 episode 2/3 step 220/300
[worker 0] task 1/1 id=0 episode 2/3 step 221/300
[worker 0] task 1/1 id=0 episode 2/3 step 222/300
[worker 0] task 1/1 id=0 episode 2/3 step 223/300
[worker 0] task 1/1 id=0 episode 2/3 step 224/300
[worker 0] task 1/1 id=0 episode 2/3 step 225/300
[worker 0] task 1/1 id=0 episode 2/3 step 226/300
[worker 0] task 1/1 id=0 episode 2/3 step 227/300
PROFILE {"session": "libero-27bcaeb1", "worker": 0, "client": {"visual_record_s": 0.0021571917459368706, "env_s": 0.20735680079087615, "env_steps": 10.0, "observation_s": 0.0020866491831839085, "request_build_s": 4.9915630370378494e-05, "request_roundtrip_s": 0.09852427430450916}, "transport": {"connect_s": 0.001750672236084938, "encode_s": 0.00033910060301423073, "send_s": 0.0004779309965670109, "wait_response_s": 0.09482856094837189, "close_s": 0.0006648870185017586, "decode_s": 0.00011339504271745682, "request_bytes": 393748}, "server": {}}
[worker 0] task 1/1 id=0 episode 2/3 step 228/300
[worker 0] task 1/1 id=0 episode 2/3 step 229/300
[worker 0] task 1/1 id=0 episode 2/3 step 230/300
[worker 0] task 1/1 id=0 episode 2/3 step 231/300
[worker 0] task 1/1 id=0 episode 2/3 step 232/300
[worker 0] task 1/1 id=0 episode 2/3 step 233/300
[worker 0] task 1/1 id=0 episode 2/3 step 234/300
[worker 0] task 1/1 id=0 episode 2/3 step 235/300
[worker 0] task 1/1 id=0 episode 2/3 step 236/300
[worker 0] task 1/1 id=0 episode 2/3 step 237/300
PROFILE {"session": "libero-27bcaeb1", "worker": 0, "client": {"visual_record_s": 0.0028479015454649925, "env_s": 0.20980423828586936, "env_steps": 10.0, "observation_s": 0.0020338515751063824, "request_build_s": 5.078362300992012e-05, "request_roundtrip_s": 0.0930442651733756}, "transport": {"connect_s": 0.0016652178019285202, "encode_s": 0.00042434222996234894, "send_s": 0.00047093071043491364, "wait_response_s": 0.08964573219418526, "close_s": 0.0005152132362127304, "decode_s": 4.6067871153354645e-05, "request_bytes": 393748}, "server": {}}
[worker 0] task 1/1 id=0 episode 2/3 step 238/300
[worker 0] task 1/1 id=0 episode 2/3 step 239/300
[worker 0] task 1/1 id=0 episode 2/3 step 240/300
[worker 0] task 1/1 id=0 episode 2/3 step 241/300
[worker 0] task 1/1 id=0 episode 2/3 step 242/300
[worker 0] task 1/1 id=0 episode 2/3 step 243/300
[worker 0] task 1/1 id=0 episode 2/3 step 244/300
[worker 0] task 1/1 id=0 episode 2/3 step 245/300
[worker 0] task 1/1 id=0 episode 2/3 step 246/300
[worker 0] task 1/1 id=0 episode 2/3 step 247/300
PROFILE {"session": "libero-27bcaeb1", "worker": 0, "client": {"visual_record_s": 0.002879226114600897, "env_s": 0.18594558257609606, "env_steps": 10.0, "observation_s": 0.0021110977977514267, "request_build_s": 5.3894706070423126e-05, "request_roundtrip_s": 0.10335310408845544}, "transport": {"connect_s": 0.001909265760332346, "encode_s": 0.0004399190656840801, "send_s": 0.0005573290400207043, "wait_response_s": 0.09957870189100504, "close_s": 0.0005177720449864864, "decode_s": 4.804600030183792e-05, "request_bytes": 393748}, "server": {}}
[worker 0] task 1/1 id=0 episode 2/3 step 248/300
[worker 0] task 1/1 id=0 episode 2/3 step 249/300
[worker 0] task 1/1 id=0 episode 2/3 step 250/300
[worker 0] task 1/1 id=0 episode 2/3 step 251/300
[worker 0] task 1/1 id=0 episode 2/3 step 252/300
[worker 0] task 1/1 id=0 episode 2/3 step 253/300
[worker 0] task 1/1 id=0 episode 2/3 step 254/300
[worker 0] task 1/1 id=0 episode 2/3 step 255/300
[worker 0] task 1/1 id=0 episode 2/3 step 256/300
[worker 0] task 1/1 id=0 episode 2/3 step 257/300
PROFILE {"session": "libero-27bcaeb1", "worker": 0, "client": {"visual_record_s": 0.002926358487457037, "env_s": 0.2208555256947875, "env_steps": 10.0, "observation_s": 0.0020961258560419083, "request_build_s": 4.980899393558502e-05, "request_roundtrip_s": 0.09357924479991198}, "transport": {"connect_s": 0.0017751199193298817, "encode_s": 0.00042821886017918587, "send_s": 0.00047058984637260437, "wait_response_s": 0.090153141412884, "close_s": 0.0004010605625808239, "decode_s": 5.728425458073616e-05, "request_bytes": 393748}, "server": {}}
[worker 0] task 1/1 id=0 episode 2/3 step 258/300
[worker 0] task 1/1 id=0 episode 2/3 step 259/300
[worker 0] task 1/1 id=0 episode 2/3 step 260/300
[worker 0] task 1/1 id=0 episode 2/3 step 261/300
[worker 0] task 1/1 id=0 episode 2/3 step 262/300
[worker 0] task 1/1 id=0 episode 2/3 step 263/300
[worker 0] task 1/1 id=0 episode 2/3 step 264/300
[worker 0] task 1/1 id=0 episode 2/3 step 265/300
[worker 0] task 1/1 id=0 episode 2/3 step 266/300
[worker 0] task 1/1 id=0 episode 2/3 step 267/300
PROFILE {"session": "libero-27bcaeb1", "worker": 0, "client": {"visual_record_s": 0.0029418510384857655, "env_s": 0.20612328266724944, "env_steps": 10.0, "observation_s": 0.002108057029545307, "request_build_s": 5.049305036664009e-05, "request_roundtrip_s": 0.09240561816841364}, "transport": {"connect_s": 0.001656814943999052, "encode_s": 0.0004293159581720829, "send_s": 0.00045803189277648926, "wait_response_s": 0.088780352845788, "close_s": 0.0007460992783308029, "decode_s": 4.60711307823658e-05, "request_bytes": 393748}, "server": {}}
[worker 0] task 1/1 id=0 episode 2/3 step 268/300
[worker 0] task 1/1 id=0 episode 2/3 step 269/300
[worker 0] task 1/1 id=0 episode 2/3 step 270/300
[worker 0] task 1/1 id=0 episode 2/3 step 271/300
[worker 0] task 1/1 id=0 episode 2/3 step 272/300
[worker 0] task 1/1 id=0 episode 2/3 step 273/300
[worker 0] task 1/1 id=0 episode 2/3 step 274/300
[worker 0] task 1/1 id=0 episode 2/3 step 275/300
[worker 0] task 1/1 id=0 episode 2/3 step 276/300
[worker 0] task 1/1 id=0 episode 2/3 step 277/300
PROFILE {"session": "libero-27bcaeb1", "worker": 0, "client": {"visual_record_s": 0.0030722361989319324, "env_s": 0.2023543487302959, "env_steps": 10.0, "observation_s": 0.0021188510581851006, "request_build_s": 5.1004812121391296e-05, "request_roundtrip_s": 0.10225025983527303}, "transport": {"connect_s": 0.0016417810693383217, "encode_s": 0.00042298994958400726, "send_s": 0.00045993877574801445, "wait_response_s": 0.09897772734984756, "close_s": 0.00041648978367447853, "decode_s": 4.653492942452431e-05, "request_bytes": 393748}, "server": {}}
[worker 0] task 1/1 id=0 episode 2/3 step 278/300
[worker 0] task 1/1 id=0 episode 2/3 step 279/300
[worker 0] task 1/1 id=0 episode 2/3 step 280/300
[worker 0] task 1/1 id=0 episode 2/3 step 281/300
[worker 0] task 1/1 id=0 episode 2/3 step 282/300
[worker 0] task 1/1 id=0 episode 2/3 step 283/300
[worker 0] task 1/1 id=0 episode 2/3 step 284/300
[worker 0] task 1/1 id=0 episode 2/3 step 285/300
[worker 0] task 1/1 id=0 episode 2/3 step 286/300
[worker 0] task 1/1 id=0 episode 2/3 step 287/300
PROFILE {"session": "libero-27bcaeb1", "worker": 0, "client": {"visual_record_s": 0.00288206385448575, "env_s": 0.21615950483828783, "env_steps": 10.0, "observation_s": 0.0020848913118243217, "request_build_s": 4.993937909603119e-05, "request_roundtrip_s": 0.09537676582112908}, "transport": {"connect_s": 0.0016325227916240692, "encode_s": 0.00042173219844698906, "send_s": 0.0004728911444544792, "wait_response_s": 0.09213488595560193, "close_s": 0.0003786180168390274, "decode_s": 4.599709063768387e-05, "request_bytes": 393748}, "server": {}}
[worker 0] task 1/1 id=0 episode 2/3 step 288/300
[worker 0] task 1/1 id=0 episode 2/3 step 289/300
[worker 0] task 1/1 id=0 episode 2/3 step 290/300
[worker 0] task 1/1 id=0 episode 2/3 step 291/300
[worker 0] task 1/1 id=0 episode 2/3 step 292/300
[worker 0] task 1/1 id=0 episode 2/3 step 293/300
[worker 0] task 1/1 id=0 episode 2/3 step 294/300
[worker 0] task 1/1 id=0 episode 2/3 step 295/300
[worker 0] task 1/1 id=0 episode 2/3 step 296/300
[worker 0] task 1/1 id=0 episode 2/3 step 297/300
PROFILE {"session": "libero-27bcaeb1", "worker": 0, "client": {"visual_record_s": 0.003095931839197874, "env_s": 0.21319840336218476, "env_steps": 10.0, "observation_s": 0.002130072098225355, "request_build_s": 5.103228613734245e-05, "request_roundtrip_s": 0.09628169378265738}, "transport": {"connect_s": 0.001774527132511139, "encode_s": 0.00044828979298472404, "send_s": 0.0005571129731833935, "wait_response_s": 0.09264704678207636, "close_s": 0.0005093654617667198, "decode_s": 4.829978570342064e-05, "request_bytes": 393748}, "server": {}}
[worker 0] task 1/1 id=0 episode 2/3 step 298/300
[worker 0] task 1/1 id=0 episode 2/3 step 299/300
[worker 0] task 1/1 id=0 episode 2/3 step 300/300
[worker 0] saved video to: 
/data0/luokang/research/GraphVLA/tmp/pi05_worker_speed_0913/run4_w1/custom0902_i
d10ep-29999/libero_custom_0906-oracle-0913-094335-455421/videos/task_000_ep_001_
sec_016_failure_failure.mp4 (330 frames, 20.0 fps)
PROFILE_SAVE {"worker": 0, "frames": 330, "video_s": 3.1572028710506856, "json_s": 0.03744340408593416}
[worker 0] saved execution record to: 
/data0/luokang/research/GraphVLA/tmp/pi05_worker_speed_0913/run4_w1/custom0902_i
d10ep-29999/libero_custom_0906-oracle-0913-094335-455421/videos/task_000_ep_001_
sec_016_failure_failure.json (330 frames)
[worker 0] task=0 episode=1 success=False env_done=False server_done=False 
progress=1/3 completed_subtasks=[1] completed_goals=["['on', 'wine_bottle_1', 
'flat_stove_1_cook_region']"]
Overall progress: 2/3 (66.7%) ETA 00:00:15
[Warning]: datasets path /data0/luokang/research/LIBERO/libero/libero/../datasets does not exist!
[Warning]: datasets path /data0/luokang/research/LIBERO/libero/libero/../datasets does not exist!
[Warning]: datasets path /data0/luokang/research/LIBERO/libero/libero/../datasets does not exist!
:demonstration is not recognized in problem
INFO:root:[worker 0] Task 0 episode 2: put the wine bottle on the stove, then put the bowl on the plate, then put the cream cheese on the wooden cabinet
[worker 0] task 1/1 id=0 episode 3/3 init_state=2: put the wine bottle on the 
stove, then put the bowl on the plate, then put the cream cheese on the wooden 
cabinet
[worker 0] task 1/1 id=0 episode 3/3 wait_step 1/30
[worker 0] task 1/1 id=0 episode 3/3 wait_step 2/30
[worker 0] task 1/1 id=0 episode 3/3 wait_step 3/30
[worker 0] task 1/1 id=0 episode 3/3 wait_step 4/30
[worker 0] task 1/1 id=0 episode 3/3 wait_step 5/30
[worker 0] task 1/1 id=0 episode 3/3 wait_step 6/30
[worker 0] task 1/1 id=0 episode 3/3 wait_step 7/30
[worker 0] task 1/1 id=0 episode 3/3 wait_step 8/30
[worker 0] task 1/1 id=0 episode 3/3 wait_step 9/30
[worker 0] task 1/1 id=0 episode 3/3 wait_step 10/30
[worker 0] task 1/1 id=0 episode 3/3 wait_step 11/30
[worker 0] task 1/1 id=0 episode 3/3 wait_step 12/30
[worker 0] task 1/1 id=0 episode 3/3 wait_step 13/30
[worker 0] task 1/1 id=0 episode 3/3 wait_step 14/30
[worker 0] task 1/1 id=0 episode 3/3 wait_step 15/30
[worker 0] task 1/1 id=0 episode 3/3 wait_step 16/30
[worker 0] task 1/1 id=0 episode 3/3 wait_step 17/30
[worker 0] task 1/1 id=0 episode 3/3 wait_step 18/30
[worker 0] task 1/1 id=0 episode 3/3 wait_step 19/30
[worker 0] task 1/1 id=0 episode 3/3 wait_step 20/30
[worker 0] task 1/1 id=0 episode 3/3 wait_step 21/30
[worker 0] task 1/1 id=0 episode 3/3 wait_step 22/30
[worker 0] task 1/1 id=0 episode 3/3 wait_step 23/30
[worker 0] task 1/1 id=0 episode 3/3 wait_step 24/30
[worker 0] task 1/1 id=0 episode 3/3 wait_step 25/30
[worker 0] task 1/1 id=0 episode 3/3 wait_step 26/30
[worker 0] task 1/1 id=0 episode 3/3 wait_step 27/30
[worker 0] task 1/1 id=0 episode 3/3 wait_step 28/30
[worker 0] task 1/1 id=0 episode 3/3 wait_step 29/30
[worker 0] task 1/1 id=0 episode 3/3 wait_step 30/30
[worker 0] task 1/1 id=0 episode 3/3 step 1/300
PROFILE {"session": "libero-27bcaeb1", "worker": 0, "client": {"observation_s": 0.00020882487297058105, "request_build_s": 4.894379526376724e-05, "request_roundtrip_s": 0.08026075502857566}, "transport": {"connect_s": 0.0017554867081344128, "encode_s": 0.00013269111514091492, "send_s": 0.00018673716112971306, "wait_response_s": 0.07742574298754334, "close_s": 0.0004089716821908951, "decode_s": 4.854705184698105e-05, "request_bytes": 393763}, "server": {}}
[worker 0] task 1/1 id=0 episode 3/3 step 2/300
[worker 0] task 1/1 id=0 episode 3/3 step 3/300
[worker 0] task 1/1 id=0 episode 3/3 step 4/300
[worker 0] task 1/1 id=0 episode 3/3 step 5/300
[worker 0] task 1/1 id=0 episode 3/3 step 6/300
[worker 0] task 1/1 id=0 episode 3/3 step 7/300
[worker 0] task 1/1 id=0 episode 3/3 step 8/300
[worker 0] task 1/1 id=0 episode 3/3 step 9/300
[worker 0] task 1/1 id=0 episode 3/3 step 10/300
[worker 0] task 1/1 id=0 episode 3/3 step 11/300
PROFILE {"session": "libero-27bcaeb1", "worker": 0, "client": {"visual_record_s": 0.0018976740539073944, "env_s": 0.1919972700998187, "env_steps": 10.0, "observation_s": 0.0020313370041549206, "request_build_s": 4.9452297389507294e-05, "request_roundtrip_s": 0.08188960188999772}, "transport": {"connect_s": 0.0017315610311925411, "encode_s": 0.00012169266119599342, "send_s": 0.00020023994147777557, "wait_response_s": 0.07881037518382072, "close_s": 0.0006763502024114132, "decode_s": 4.5894645154476166e-05, "request_bytes": 393748}, "server": {}}
[worker 0] task 1/1 id=0 episode 3/3 step 12/300
[worker 0] task 1/1 id=0 episode 3/3 step 13/300
[worker 0] task 1/1 id=0 episode 3/3 step 14/300
[worker 0] task 1/1 id=0 episode 3/3 step 15/300
[worker 0] task 1/1 id=0 episode 3/3 step 16/300
[worker 0] task 1/1 id=0 episode 3/3 step 17/300
[worker 0] task 1/1 id=0 episode 3/3 step 18/300
[worker 0] task 1/1 id=0 episode 3/3 step 19/300
[worker 0] task 1/1 id=0 episode 3/3 step 20/300
[worker 0] task 1/1 id=0 episode 3/3 step 21/300
PROFILE {"session": "libero-27bcaeb1", "worker": 0, "client": {"visual_record_s": 0.002068199682980776, "env_s": 0.20963540533557534, "env_steps": 10.0, "observation_s": 0.0021168841049075127, "request_build_s": 4.8102810978889465e-05, "request_roundtrip_s": 0.08470162097364664}, "transport": {"connect_s": 0.0018265149556100368, "encode_s": 0.00013195490464568138, "send_s": 0.00019738497212529182, "wait_response_s": 0.08178813010454178, "close_s": 0.00040851207450032234, "decode_s": 4.8269983381032944e-05, "request_bytes": 393748}, "server": {}}
[worker 0] task 1/1 id=0 episode 3/3 step 22/300
[worker 0] task 1/1 id=0 episode 3/3 step 23/300
[worker 0] task 1/1 id=0 episode 3/3 step 24/300
[worker 0] task 1/1 id=0 episode 3/3 step 25/300
[worker 0] task 1/1 id=0 episode 3/3 step 26/300
[worker 0] task 1/1 id=0 episode 3/3 step 27/300
[worker 0] task 1/1 id=0 episode 3/3 step 28/300
[worker 0] task 1/1 id=0 episode 3/3 step 29/300
[worker 0] task 1/1 id=0 episode 3/3 step 30/300
[worker 0] task 1/1 id=0 episode 3/3 step 31/300
PROFILE {"session": "libero-27bcaeb1", "worker": 0, "client": {"visual_record_s": 0.0020107044838368893, "env_s": 0.20954249938949943, "env_steps": 10.0, "observation_s": 0.0020694895647466183, "request_build_s": 5.0853006541728973e-05, "request_roundtrip_s": 0.08346975315362215}, "transport": {"connect_s": 0.0017408509738743305, "encode_s": 0.0001349220983684063, "send_s": 0.00018730293959379196, "wait_response_s": 0.08057263726368546, "close_s": 0.00044328393414616585, "decode_s": 6.589293479919434e-05, "request_bytes": 393748}, "server": {}}
[worker 0] task 1/1 id=0 episode 3/3 step 32/300
[worker 0] task 1/1 id=0 episode 3/3 step 33/300
[worker 0] task 1/1 id=0 episode 3/3 step 34/300
[worker 0] task 1/1 id=0 episode 3/3 step 35/300
[worker 0] task 1/1 id=0 episode 3/3 step 36/300
[worker 0] task 1/1 id=0 episode 3/3 step 37/300
[worker 0] task 1/1 id=0 episode 3/3 step 38/300
[worker 0] task 1/1 id=0 episode 3/3 step 39/300
[worker 0] task 1/1 id=0 episode 3/3 step 40/300
[worker 0] task 1/1 id=0 episode 3/3 step 41/300
PROFILE {"session": "libero-27bcaeb1", "worker": 0, "client": {"visual_record_s": 0.0020811613649129868, "env_s": 0.18320807348936796, "env_steps": 10.0, "observation_s": 0.0020609386265277863, "request_build_s": 5.365908145904541e-05, "request_roundtrip_s": 0.08632739121094346}, "transport": {"connect_s": 0.0018364530988037586, "encode_s": 0.00014976412057876587, "send_s": 0.00020413100719451904, "wait_response_s": 0.08330840617418289, "close_s": 0.0004561706446111202, "decode_s": 5.2799005061388016e-05, "request_bytes": 393748}, "server": {}}
[worker 0] task 1/1 id=0 episode 3/3 step 42/300
[worker 0] task 1/1 id=0 episode 3/3 step 43/300
[worker 0] task 1/1 id=0 episode 3/3 step 44/300
[worker 0] task 1/1 id=0 episode 3/3 step 45/300
[worker 0] task 1/1 id=0 episode 3/3 step 46/300
[worker 0] task 1/1 id=0 episode 3/3 step 47/300
[worker 0] task 1/1 id=0 episode 3/3 step 48/300
[worker 0] task 1/1 id=0 episode 3/3 step 49/300
[worker 0] task 1/1 id=0 episode 3/3 step 50/300
[worker 0] task 1/1 id=0 episode 3/3 step 51/300
PROFILE {"session": "libero-27bcaeb1", "worker": 0, "client": {"visual_record_s": 0.0020890426822006702, "env_s": 0.21449577901512384, "env_steps": 10.0, "observation_s": 0.0020630089566111565, "request_build_s": 4.908395931124687e-05, "request_roundtrip_s": 0.0848618932068348}, "transport": {"connect_s": 0.0016578389331698418, "encode_s": 0.00013239402323961258, "send_s": 0.00017919624224305153, "wait_response_s": 0.08208074374124408, "close_s": 0.00046364404261112213, "decode_s": 5.163392052054405e-05, "request_bytes": 393748}, "server": {}}
[worker 0] task 1/1 id=0 episode 3/3 step 52/300
[worker 0] task 1/1 id=0 episode 3/3 step 53/300
[worker 0] task 1/1 id=0 episode 3/3 step 54/300
[worker 0] task 1/1 id=0 episode 3/3 step 55/300
[worker 0] task 1/1 id=0 episode 3/3 step 56/300
[worker 0] task 1/1 id=0 episode 3/3 step 57/300
[worker 0] task 1/1 id=0 episode 3/3 step 58/300
[worker 0] task 1/1 id=0 episode 3/3 step 59/300
[worker 0] task 1/1 id=0 episode 3/3 step 60/300
[worker 0] task 1/1 id=0 episode 3/3 step 61/300
PROFILE {"session": "libero-27bcaeb1", "worker": 0, "client": {"visual_record_s": 0.0020797033794224262, "env_s": 0.21023377776145935, "env_steps": 10.0, "observation_s": 0.0020556426607072353, "request_build_s": 4.961621016263962e-05, "request_roundtrip_s": 0.08299519587308168}, "transport": {"connect_s": 0.0017080488614737988, "encode_s": 0.0001395437866449356, "send_s": 0.000182990450412035, "wait_response_s": 0.080101880710572, "close_s": 0.0004518129862844944, "decode_s": 6.63422979414463e-05, "request_bytes": 393748}, "server": {}}
[worker 0] task 1/1 id=0 episode 3/3 step 62/300
[worker 0] task 1/1 id=0 episode 3/3 step 63/300
[worker 0] task 1/1 id=0 episode 3/3 step 64/300
[worker 0] task 1/1 id=0 episode 3/3 step 65/300
[worker 0] task 1/1 id=0 episode 3/3 step 66/300
[worker 0] task 1/1 id=0 episode 3/3 step 67/300
[worker 0] task 1/1 id=0 episode 3/3 step 68/300
[worker 0] task 1/1 id=0 episode 3/3 step 69/300
[worker 0] task 1/1 id=0 episode 3/3 step 70/300
[worker 0] task 1/1 id=0 episode 3/3 step 71/300
PROFILE {"session": "libero-27bcaeb1", "worker": 0, "client": {"visual_record_s": 0.0022105989046394825, "env_s": 0.19977216189727187, "env_steps": 10.0, "observation_s": 0.002213415689766407, "request_build_s": 5.4904259741306305e-05, "request_roundtrip_s": 0.08646551705896854}, "transport": {"connect_s": 0.0018733902834355831, "encode_s": 0.00014502881094813347, "send_s": 0.00019686901941895485, "wait_response_s": 0.08341336902230978, "close_s": 0.0004358449950814247, "decode_s": 6.210198625922203e-05, "request_bytes": 393748}, "server": {}}
[worker 0] task 1/1 id=0 episode 3/3 step 72/300
[worker 0] task 1/1 id=0 episode 3/3 step 73/300
[worker 0] task 1/1 id=0 episode 3/3 step 74/300
[worker 0] task 1/1 id=0 episode 3/3 step 75/300
[worker 0] task 1/1 id=0 episode 3/3 step 76/300
[worker 0] task 1/1 id=0 episode 3/3 step 77/300
[worker 0] task 1/1 id=0 episode 3/3 step 78/300
[worker 0] task 1/1 id=0 episode 3/3 step 79/300
[worker 0] task 1/1 id=0 episode 3/3 step 80/300
[worker 0] task 1/1 id=0 episode 3/3 step 81/300
PROFILE {"session": "libero-27bcaeb1", "worker": 0, "client": {"visual_record_s": 0.002170911058783531, "env_s": 0.24079540185630322, "env_steps": 10.0, "observation_s": 0.00201801722869277, "request_build_s": 4.983274266123772e-05, "request_roundtrip_s": 0.08532164106145501}, "transport": {"connect_s": 0.0017768610268831253, "encode_s": 0.00013044895604252815, "send_s": 0.00018611876294016838, "wait_response_s": 0.08248545695096254, "close_s": 0.00040325894951820374, "decode_s": 4.9116089940071106e-05, "request_bytes": 393748}, "server": {}}
[worker 0] task 1/1 id=0 episode 3/3 step 82/300
[worker 0] task 1/1 id=0 episode 3/3 step 83/300
[worker 0] task 1/1 id=0 episode 3/3 step 84/300
[worker 0] task 1/1 id=0 episode 3/3 step 85/300
[worker 0] task 1/1 id=0 episode 3/3 step 86/300
[worker 0] task 1/1 id=0 episode 3/3 step 87/300
[worker 0] task 1/1 id=0 episode 3/3 step 88/300
[worker 0] task 1/1 id=0 episode 3/3 step 89/300
[worker 0] task 1/1 id=0 episode 3/3 step 90/300
[worker 0] task 1/1 id=0 episode 3/3 step 91/300
PROFILE {"session": "libero-27bcaeb1", "worker": 0, "client": {"visual_record_s": 0.002028249204158783, "env_s": 0.21038478706032038, "env_steps": 10.0, "observation_s": 0.0020750751718878746, "request_build_s": 5.219224840402603e-05, "request_roundtrip_s": 0.08937101205810905}, "transport": {"connect_s": 0.0017955983057618141, "encode_s": 0.00013584177941083908, "send_s": 0.00021505216136574745, "wait_response_s": 0.08591654198244214, "close_s": 0.000887781847268343, "decode_s": 6.479118019342422e-05, "request_bytes": 393748}, "server": {}}
[worker 0] task 1/1 id=0 episode 3/3 step 92/300
[worker 0] task 1/1 id=0 episode 3/3 step 93/300
[worker 0] task 1/1 id=0 episode 3/3 step 94/300
[worker 0] task 1/1 id=0 episode 3/3 step 95/300
[worker 0] task 1/1 id=0 episode 3/3 step 96/300
[worker 0] task 1/1 id=0 episode 3/3 step 97/300
[worker 0] task 1/1 id=0 episode 3/3 step 98/300
[worker 0] task 1/1 id=0 episode 3/3 step 99/300
[worker 0] task 1/1 id=0 episode 3/3 step 100/300
[worker 0] task 1/1 id=0 episode 3/3 step 101/300
PROFILE {"session": "libero-27bcaeb1", "worker": 0, "client": {"visual_record_s": 0.0021249153651297092, "env_s": 0.23540562856942415, "env_steps": 10.0, "observation_s": 0.0022254870273172855, "request_build_s": 5.051726475358009e-05, "request_roundtrip_s": 0.08058191277086735}, "transport": {"connect_s": 0.0017742686904966831, "encode_s": 0.00013896403834223747, "send_s": 0.00018779095262289047, "wait_response_s": 0.0777319842018187, "close_s": 0.0004016938619315624, "decode_s": 4.585925489664078e-05, "request_bytes": 393748}, "server": {}}
[worker 0] task 1/1 id=0 episode 3/3 step 102/300
[worker 0] task 1/1 id=0 episode 3/3 step 103/300
[worker 0] task 1/1 id=0 episode 3/3 step 104/300
[worker 0] task 1/1 id=0 episode 3/3 step 105/300
[worker 0] task 1/1 id=0 episode 3/3 step 106/300
[worker 0] task 1/1 id=0 episode 3/3 step 107/300
[worker 0] task 1/1 id=0 episode 3/3 step 108/300
[worker 0] task 1/1 id=0 episode 3/3 step 109/300
[worker 0] task 1/1 id=0 episode 3/3 step 110/300
[worker 0] task 1/1 id=0 episode 3/3 step 111/300
PROFILE {"session": "libero-27bcaeb1", "worker": 0, "client": {"visual_record_s": 0.002062286250293255, "env_s": 0.23376849852502346, "env_steps": 10.0, "observation_s": 0.002080738078802824, "request_build_s": 4.9305614084005356e-05, "request_roundtrip_s": 0.08337060315534472}, "transport": {"connect_s": 0.002072880044579506, "encode_s": 0.0001296219415962696, "send_s": 0.0001850184053182602, "wait_response_s": 0.0802603387273848, "close_s": 0.0003804648295044899, "decode_s": 4.750629886984825e-05, "request_bytes": 393748}, "server": {}}
[worker 0] task 1/1 id=0 episode 3/3 step 112/300
[worker 0] task 1/1 id=0 episode 3/3 step 113/300
[worker 0] task 1/1 id=0 episode 3/3 step 114/300
[worker 0] task 1/1 id=0 episode 3/3 step 115/300
[worker 0] task 1/1 id=0 episode 3/3 step 116/300
[worker 0] task 1/1 id=0 episode 3/3 step 117/300
[worker 0] task 1/1 id=0 episode 3/3 step 118/300
[worker 0] task 1/1 id=0 episode 3/3 step 119/300
[worker 0] task 1/1 id=0 episode 3/3 step 120/300
[worker 0] task 1/1 id=0 episode 3/3 step 121/300
PROFILE {"session": "libero-27bcaeb1", "worker": 0, "client": {"visual_record_s": 0.0022203675471246243, "env_s": 0.22245750203728676, "env_steps": 10.0, "observation_s": 0.002178623341023922, "request_build_s": 5.974713712930679e-05, "request_roundtrip_s": 0.0853134598582983}, "transport": {"connect_s": 0.001782326027750969, "encode_s": 0.00014275731518864632, "send_s": 0.00019028782844543457, "wait_response_s": 0.08233914198353887, "close_s": 0.00046287383884191513, "decode_s": 6.652809679508209e-05, "request_bytes": 393748}, "server": {}}
[worker 0] task 1/1 id=0 episode 3/3 step 122/300
[worker 0] task 1/1 id=0 episode 3/3 step 123/300
[worker 0] task 1/1 id=0 episode 3/3 step 124/300
[worker 0] task 1/1 id=0 episode 3/3 step 125/300
[worker 0] task 1/1 id=0 episode 3/3 step 126/300
[worker 0] task 1/1 id=0 episode 3/3 step 127/300
[worker 0] task 1/1 id=0 episode 3/3 step 128/300
[worker 0] task 1/1 id=0 episode 3/3 step 129/300
[worker 0] task 1/1 id=0 episode 3/3 step 130/300
[worker 0] task 1/1 id=0 episode 3/3 step 131/300
PROFILE {"session": "libero-27bcaeb1", "worker": 0, "client": {"visual_record_s": 0.002155252266675234, "env_s": 0.2427980829961598, "env_steps": 10.0, "observation_s": 0.002039018552750349, "request_build_s": 4.968419671058655e-05, "request_roundtrip_s": 0.0888481279835105}, "transport": {"connect_s": 0.0017342260107398033, "encode_s": 0.00012834928929805756, "send_s": 0.00018550874665379524, "wait_response_s": 0.08534825500100851, "close_s": 0.000794743187725544, "decode_s": 0.00014325696974992752, "request_bytes": 393748}, "server": {}}
[worker 0] task 1/1 id=0 episode 3/3 step 132/300
[worker 0] task 1/1 id=0 episode 3/3 step 133/300
[worker 0] task 1/1 id=0 episode 3/3 step 134/300
[worker 0] task 1/1 id=0 episode 3/3 step 135/300
[worker 0] task 1/1 id=0 episode 3/3 step 136/300
[worker 0] task 1/1 id=0 episode 3/3 step 137/300
[worker 0] task 1/1 id=0 episode 3/3 step 138/300
[worker 0] task 1/1 id=0 episode 3/3 step 139/300
[worker 0] task 1/1 id=0 episode 3/3 step 140/300
[worker 0] task 1/1 id=0 episode 3/3 step 141/300
PROFILE {"session": "libero-27bcaeb1", "worker": 0, "client": {"visual_record_s": 0.002416941337287426, "env_s": 0.21063791122287512, "env_steps": 10.0, "observation_s": 0.0020251083187758923, "request_build_s": 4.961621016263962e-05, "request_roundtrip_s": 0.0959290019236505}, "transport": {"connect_s": 0.001234658993780613, "encode_s": 0.00013771792873740196, "send_s": 0.00018650898709893227, "wait_response_s": 0.09352700831368566, "close_s": 0.00047817081212997437, "decode_s": 4.9789901822805405e-05, "request_bytes": 393748}, "server": {}}
[worker 0] task 1/1 id=0 episode 3/3 step 142/300
[worker 0] task 1/1 id=0 episode 3/3 step 143/300
[worker 0] task 1/1 id=0 episode 3/3 step 144/300
[worker 0] task 1/1 id=0 episode 3/3 step 145/300
[worker 0] task 1/1 id=0 episode 3/3 step 146/300
[worker 0] task 1/1 id=0 episode 3/3 step 147/300
[worker 0] task 1/1 id=0 episode 3/3 step 148/300
[worker 0] task 1/1 id=0 episode 3/3 step 149/300
[worker 0] task 1/1 id=0 episode 3/3 step 150/300
[worker 0] task 1/1 id=0 episode 3/3 step 151/300
PROFILE {"session": "libero-27bcaeb1", "worker": 0, "client": {"visual_record_s": 0.002189863007515669, "env_s": 0.23378802184015512, "env_steps": 10.0, "observation_s": 0.0021081105805933475, "request_build_s": 4.8658810555934906e-05, "request_roundtrip_s": 0.09528711531311274}, "transport": {"connect_s": 0.002025325782597065, "encode_s": 0.00013260683044791222, "send_s": 0.00018839119002223015, "wait_response_s": 0.09215124091133475, "close_s": 0.0004501882940530777, "decode_s": 4.520965740084648e-05, "request_bytes": 393748}, "server": {}}
[worker 0] task 1/1 id=0 episode 3/3 step 152/300
[worker 0] task 1/1 id=0 episode 3/3 step 153/300
[worker 0] task 1/1 id=0 episode 3/3 step 154/300
[worker 0] task 1/1 id=0 episode 3/3 step 155/300
[worker 0] task 1/1 id=0 episode 3/3 step 156/300
[worker 0] task 1/1 id=0 episode 3/3 step 157/300
[worker 0] task 1/1 id=0 episode 3/3 step 158/300
[worker 0] task 1/1 id=0 episode 3/3 step 159/300
[worker 0] task 1/1 id=0 episode 3/3 step 160/300
[worker 0] task 1/1 id=0 episode 3/3 step 161/300
PROFILE {"session": "libero-27bcaeb1", "worker": 0, "client": {"visual_record_s": 0.0020994222722947598, "env_s": 0.22252384340390563, "env_steps": 10.0, "observation_s": 0.0020891930907964706, "request_build_s": 4.851119592785835e-05, "request_roundtrip_s": 0.09337014611810446}, "transport": {"connect_s": 0.0017557810060679913, "encode_s": 0.0001312829554080963, "send_s": 0.00018486008048057556, "wait_response_s": 0.09026668919250369, "close_s": 0.0006967647932469845, "decode_s": 4.642782732844353e-05, "request_bytes": 393748}, "server": {}}
[worker 0] task 1/1 id=0 episode 3/3 step 162/300
[worker 0] task 1/1 id=0 episode 3/3 step 163/300
[worker 0] task 1/1 id=0 episode 3/3 step 164/300
[worker 0] task 1/1 id=0 episode 3/3 step 165/300
[worker 0] task 1/1 id=0 episode 3/3 step 166/300
[worker 0] task 1/1 id=0 episode 3/3 step 167/300
[worker 0] task 1/1 id=0 episode 3/3 step 168/300
[worker 0] task 1/1 id=0 episode 3/3 step 169/300
[worker 0] task 1/1 id=0 episode 3/3 step 170/300
[worker 0] task 1/1 id=0 episode 3/3 step 171/300
PROFILE {"session": "libero-27bcaeb1", "worker": 0, "client": {"visual_record_s": 0.002177290618419647, "env_s": 0.228925044182688, "env_steps": 10.0, "observation_s": 0.0021925056353211403, "request_build_s": 4.8061832785606384e-05, "request_roundtrip_s": 0.09448670921847224}, "transport": {"connect_s": 0.0017358427867293358, "encode_s": 0.00013229809701442719, "send_s": 0.00019116420298814774, "wait_response_s": 0.09095368580892682, "close_s": 0.000815254170447588, "decode_s": 0.0001485859975218773, "request_bytes": 393748}, "server": {}}
[worker 0] task 1/1 id=0 episode 3/3 step 172/300
[worker 0] task 1/1 id=0 episode 3/3 step 173/300
[worker 0] task 1/1 id=0 episode 3/3 step 174/300
[worker 0] task 1/1 id=0 episode 3/3 step 175/300
[worker 0] task 1/1 id=0 episode 3/3 step 176/300
[worker 0] task 1/1 id=0 episode 3/3 step 177/300
[worker 0] task 1/1 id=0 episode 3/3 step 178/300
[worker 0] task 1/1 id=0 episode 3/3 step 179/300
PROFILE {"session": "libero-27bcaeb1", "worker": 0, "client": {"visual_record_s": 0.001904685515910387, "env_s": 0.18728772830218077, "env_steps": 8.0, "observation_s": 0.0019313669763505459, "request_build_s": 6.839307025074959e-05, "request_roundtrip_s": 0.0034193522296845913}, "transport": {"connect_s": 0.000973767600953579, "encode_s": 0.00014247838407754898, "send_s": 0.00022400589659810066, "wait_response_s": 0.001463976688683033, "close_s": 0.00029677804559469223, "decode_s": 3.6325305700302124e-05, "request_bytes": 393778}, "server": {}}
[worker 0] task 1/1 id=0 episode 3/3 step 180/300
[worker 0] task 1/1 id=0 episode 3/3 step 181/300
[worker 0] task 1/1 id=0 episode 3/3 step 182/300
[worker 0] task 1/1 id=0 episode 3/3 step 183/300
[worker 0] task 1/1 id=0 episode 3/3 step 184/300
[worker 0] task 1/1 id=0 episode 3/3 step 185/300
[worker 0] task 1/1 id=0 episode 3/3 step 186/300
[worker 0] task 1/1 id=0 episode 3/3 step 187/300
[worker 0] task 1/1 id=0 episode 3/3 step 188/300
[worker 0] task 1/1 id=0 episode 3/3 step 189/300
[worker 0] task 1/1 id=0 episode 3/3 step 190/300
[worker 0] task 1/1 id=0 episode 3/3 step 191/300
[worker 0] task 1/1 id=0 episode 3/3 step 192/300
[worker 0] task 1/1 id=0 episode 3/3 step 193/300
[worker 0] task 1/1 id=0 episode 3/3 step 194/300
[worker 0] task 1/1 id=0 episode 3/3 step 195/300
[worker 0] task 1/1 id=0 episode 3/3 step 196/300
[worker 0] task 1/1 id=0 episode 3/3 step 197/300
[worker 0] task 1/1 id=0 episode 3/3 step 198/300
[worker 0] task 1/1 id=0 episode 3/3 step 199/300
PROFILE {"session": "libero-27bcaeb1", "worker": 0, "client": {"visual_record_s": 0.003860851749777794, "env_s": 0.3604591484181583, "env_steps": 20.0, "observation_s": 0.0039098202250897884, "request_build_s": 4.793284460902214e-05, "request_roundtrip_s": 0.09095434611663222}, "transport": {"connect_s": 0.0017061079852283, "encode_s": 0.00013426924124360085, "send_s": 0.00017151981592178345, "wait_response_s": 0.08764324896037579, "close_s": 0.0007763560861349106, "decode_s": 0.00014818087220191956, "request_bytes": 393748}, "server": {}}
[worker 0] task 1/1 id=0 episode 3/3 step 200/300
[worker 0] task 1/1 id=0 episode 3/3 step 201/300
[worker 0] task 1/1 id=0 episode 3/3 step 202/300
[worker 0] task 1/1 id=0 episode 3/3 step 203/300
[worker 0] task 1/1 id=0 episode 3/3 step 204/300
[worker 0] task 1/1 id=0 episode 3/3 step 205/300
[worker 0] task 1/1 id=0 episode 3/3 step 206/300
[worker 0] task 1/1 id=0 episode 3/3 step 207/300
[worker 0] task 1/1 id=0 episode 3/3 step 208/300
[worker 0] task 1/1 id=0 episode 3/3 step 209/300
PROFILE {"session": "libero-27bcaeb1", "worker": 0, "client": {"visual_record_s": 0.0018628980033099651, "env_s": 0.18486528936773539, "env_steps": 10.0, "observation_s": 0.0017385035753250122, "request_build_s": 4.508905112743378e-05, "request_roundtrip_s": 0.08126588072627783}, "transport": {"connect_s": 0.001754279714077711, "encode_s": 0.00012247031554579735, "send_s": 0.00018283678218722343, "wait_response_s": 0.07855966594070196, "close_s": 0.000351571012288332, "decode_s": 3.9884354919195175e-05, "request_bytes": 393748}, "server": {}}
[worker 0] task 1/1 id=0 episode 3/3 step 210/300
[worker 0] task 1/1 id=0 episode 3/3 step 211/300
[worker 0] task 1/1 id=0 episode 3/3 step 212/300
[worker 0] task 1/1 id=0 episode 3/3 step 213/300
[worker 0] task 1/1 id=0 episode 3/3 step 214/300
[worker 0] task 1/1 id=0 episode 3/3 step 215/300
[worker 0] task 1/1 id=0 episode 3/3 step 216/300
[worker 0] task 1/1 id=0 episode 3/3 step 217/300
[worker 0] task 1/1 id=0 episode 3/3 step 218/300
[worker 0] task 1/1 id=0 episode 3/3 step 219/300
PROFILE {"session": "libero-27bcaeb1", "worker": 0, "client": {"visual_record_s": 0.001782383769750595, "env_s": 0.17882253043353558, "env_steps": 10.0, "observation_s": 0.0017084106802940369, "request_build_s": 4.596123471856117e-05, "request_roundtrip_s": 0.08295923564583063}, "transport": {"connect_s": 0.0017406418919563293, "encode_s": 0.00012556696310639381, "send_s": 0.00020243320614099503, "wait_response_s": 0.08025081595405936, "close_s": 0.00034514209255576134, "decode_s": 3.8383062928915024e-05, "request_bytes": 393748}, "server": {}}
[worker 0] task 1/1 id=0 episode 3/3 step 220/300
[worker 0] task 1/1 id=0 episode 3/3 step 221/300
[worker 0] task 1/1 id=0 episode 3/3 step 222/300
[worker 0] task 1/1 id=0 episode 3/3 step 223/300
[worker 0] task 1/1 id=0 episode 3/3 step 224/300
[worker 0] task 1/1 id=0 episode 3/3 step 225/300
[worker 0] task 1/1 id=0 episode 3/3 step 226/300
[worker 0] task 1/1 id=0 episode 3/3 step 227/300
[worker 0] task 1/1 id=0 episode 3/3 step 228/300
[worker 0] task 1/1 id=0 episode 3/3 step 229/300
PROFILE {"session": "libero-27bcaeb1", "worker": 0, "client": {"visual_record_s": 0.0018244944512844086, "env_s": 0.1544441068544984, "env_steps": 10.0, "observation_s": 0.0017583975568413734, "request_build_s": 5.4702628403902054e-05, "request_roundtrip_s": 0.07946065627038479}, "transport": {"connect_s": 0.0016975346952676773, "encode_s": 0.0001307763159275055, "send_s": 0.00019261660054326057, "wait_response_s": 0.07675896724686027, "close_s": 0.00036562513560056686, "decode_s": 4.030577838420868e-05, "request_bytes": 393748}, "server": {}}
[worker 0] task 1/1 id=0 episode 3/3 step 230/300
[worker 0] task 1/1 id=0 episode 3/3 step 231/300
[worker 0] task 1/1 id=0 episode 3/3 step 232/300
[worker 0] task 1/1 id=0 episode 3/3 step 233/300
[worker 0] task 1/1 id=0 episode 3/3 step 234/300
[worker 0] task 1/1 id=0 episode 3/3 step 235/300
[worker 0] task 1/1 id=0 episode 3/3 step 236/300
[worker 0] task 1/1 id=0 episode 3/3 step 237/300
[worker 0] task 1/1 id=0 episode 3/3 step 238/300
[worker 0] task 1/1 id=0 episode 3/3 step 239/300
PROFILE {"session": "libero-27bcaeb1", "worker": 0, "client": {"visual_record_s": 0.0018382691778242588, "env_s": 0.1781096337363124, "env_steps": 10.0, "observation_s": 0.0018059317953884602, "request_build_s": 4.713796079158783e-05, "request_roundtrip_s": 0.07419713819399476}, "transport": {"connect_s": 0.0009755897335708141, "encode_s": 0.00012606289237737656, "send_s": 0.0002000723034143448, "wait_response_s": 0.07224206207320094, "close_s": 0.0003508739173412323, "decode_s": 3.9657112210989e-05, "request_bytes": 393748}, "server": {}}
[worker 0] task 1/1 id=0 episode 3/3 step 240/300
[worker 0] task 1/1 id=0 episode 3/3 step 241/300
[worker 0] task 1/1 id=0 episode 3/3 step 242/300
[worker 0] task 1/1 id=0 episode 3/3 step 243/300
[worker 0] task 1/1 id=0 episode 3/3 step 244/300
[worker 0] task 1/1 id=0 episode 3/3 step 245/300
[worker 0] task 1/1 id=0 episode 3/3 step 246/300
[worker 0] task 1/1 id=0 episode 3/3 step 247/300
[worker 0] task 1/1 id=0 episode 3/3 step 248/300
[worker 0] task 1/1 id=0 episode 3/3 step 249/300
PROFILE {"session": "libero-27bcaeb1", "worker": 0, "client": {"visual_record_s": 0.0017803194932639599, "env_s": 0.1840084702707827, "env_steps": 10.0, "observation_s": 0.0017562275752425194, "request_build_s": 4.694191738963127e-05, "request_roundtrip_s": 0.07886394625529647}, "transport": {"connect_s": 0.001691334880888462, "encode_s": 0.0001225150190293789, "send_s": 0.00018637999892234802, "wait_response_s": 0.07621527090668678, "close_s": 0.00034913234412670135, "decode_s": 3.7766993045806885e-05, "request_bytes": 393748}, "server": {}}
[worker 0] task 1/1 id=0 episode 3/3 step 250/300
[worker 0] task 1/1 id=0 episode 3/3 step 251/300
[worker 0] task 1/1 id=0 episode 3/3 step 252/300
[worker 0] task 1/1 id=0 episode 3/3 step 253/300
[worker 0] task 1/1 id=0 episode 3/3 step 254/300
[worker 0] task 1/1 id=0 episode 3/3 step 255/300
[worker 0] task 1/1 id=0 episode 3/3 step 256/300
[worker 0] task 1/1 id=0 episode 3/3 step 257/300
[worker 0] task 1/1 id=0 episode 3/3 step 258/300
[worker 0] task 1/1 id=0 episode 3/3 step 259/300
PROFILE {"session": "libero-27bcaeb1", "worker": 0, "client": {"visual_record_s": 0.001803684514015913, "env_s": 0.15355347516015172, "env_steps": 10.0, "observation_s": 0.0018268385902047157, "request_build_s": 4.38690185546875e-05, "request_roundtrip_s": 0.07952520903199911}, "transport": {"connect_s": 0.0017035342752933502, "encode_s": 0.00012449873611330986, "send_s": 0.0001919809728860855, "wait_response_s": 0.07683534221723676, "close_s": 0.00036628684028983116, "decode_s": 4.106992855668068e-05, "request_bytes": 393748}, "server": {}}
[worker 0] task 1/1 id=0 episode 3/3 step 260/300
[worker 0] task 1/1 id=0 episode 3/3 step 261/300
[worker 0] task 1/1 id=0 episode 3/3 step 262/300
[worker 0] task 1/1 id=0 episode 3/3 step 263/300
[worker 0] task 1/1 id=0 episode 3/3 step 264/300
[worker 0] task 1/1 id=0 episode 3/3 step 265/300
[worker 0] task 1/1 id=0 episode 3/3 step 266/300
[worker 0] task 1/1 id=0 episode 3/3 step 267/300
[worker 0] task 1/1 id=0 episode 3/3 step 268/300
[worker 0] task 1/1 id=0 episode 3/3 step 269/300
PROFILE {"session": "libero-27bcaeb1", "worker": 0, "client": {"visual_record_s": 0.0018538744188845158, "env_s": 0.18113829428330064, "env_steps": 10.0, "observation_s": 0.0017466060817241669, "request_build_s": 4.655681550502777e-05, "request_roundtrip_s": 0.07914351997897029}, "transport": {"connect_s": 0.0016910918056964874, "encode_s": 0.00012521306052803993, "send_s": 0.00019049830734729767, "wait_response_s": 0.07643579784780741, "close_s": 0.0004014940932393074, "decode_s": 3.982707858085632e-05, "request_bytes": 393748}, "server": {}}
[worker 0] task 1/1 id=0 episode 3/3 step 270/300
[worker 0] task 1/1 id=0 episode 3/3 step 271/300
[worker 0] task 1/1 id=0 episode 3/3 step 272/300
[worker 0] task 1/1 id=0 episode 3/3 step 273/300
[worker 0] task 1/1 id=0 episode 3/3 step 274/300
[worker 0] task 1/1 id=0 episode 3/3 step 275/300
[worker 0] task 1/1 id=0 episode 3/3 step 276/300
[worker 0] task 1/1 id=0 episode 3/3 step 277/300
[worker 0] task 1/1 id=0 episode 3/3 step 278/300
[worker 0] task 1/1 id=0 episode 3/3 step 279/300
PROFILE {"session": "libero-27bcaeb1", "worker": 0, "client": {"visual_record_s": 0.001867493148893118, "env_s": 0.19390097120776772, "env_steps": 10.0, "observation_s": 0.0019044727087020874, "request_build_s": 4.757288843393326e-05, "request_roundtrip_s": 0.07879566680639982}, "transport": {"connect_s": 0.0017246068455278873, "encode_s": 0.00012652110308408737, "send_s": 0.00018975278362631798, "wait_response_s": 0.07608106127008796, "close_s": 0.00035845302045345306, "decode_s": 4.010973498225212e-05, "request_bytes": 393748}, "server": {}}
[worker 0] task 1/1 id=0 episode 3/3 step 280/300
[worker 0] task 1/1 id=0 episode 3/3 step 281/300
[worker 0] task 1/1 id=0 episode 3/3 step 282/300
[worker 0] task 1/1 id=0 episode 3/3 step 283/300
[worker 0] task 1/1 id=0 episode 3/3 step 284/300
[worker 0] task 1/1 id=0 episode 3/3 step 285/300
[worker 0] task 1/1 id=0 episode 3/3 step 286/300
[worker 0] task 1/1 id=0 episode 3/3 step 287/300
[worker 0] task 1/1 id=0 episode 3/3 step 288/300
[worker 0] task 1/1 id=0 episode 3/3 step 289/300
PROFILE {"session": "libero-27bcaeb1", "worker": 0, "client": {"visual_record_s": 0.0018811766058206558, "env_s": 0.15689773950725794, "env_steps": 10.0, "observation_s": 0.0017326530069112778, "request_build_s": 4.5995693653821945e-05, "request_roundtrip_s": 0.07968994090333581}, "transport": {"connect_s": 0.0016665421426296234, "encode_s": 0.00013550370931625366, "send_s": 0.000190656166523695, "wait_response_s": 0.07702356902882457, "close_s": 0.00037352973595261574, "decode_s": 4.0043145418167114e-05, "request_bytes": 393748}, "server": {}}
[worker 0] task 1/1 id=0 episode 3/3 step 290/300
[worker 0] task 1/1 id=0 episode 3/3 step 291/300
[worker 0] task 1/1 id=0 episode 3/3 step 292/300
[worker 0] task 1/1 id=0 episode 3/3 step 293/300
[worker 0] task 1/1 id=0 episode 3/3 step 294/300
[worker 0] task 1/1 id=0 episode 3/3 step 295/300
[worker 0] task 1/1 id=0 episode 3/3 step 296/300
[worker 0] task 1/1 id=0 episode 3/3 step 297/300
[worker 0] task 1/1 id=0 episode 3/3 step 298/300
[worker 0] task 1/1 id=0 episode 3/3 step 299/300
PROFILE {"session": "libero-27bcaeb1", "worker": 0, "client": {"visual_record_s": 0.0018840627744793892, "env_s": 0.18200641125440598, "env_steps": 10.0, "observation_s": 0.0018038591369986534, "request_build_s": 4.645995795726776e-05, "request_roundtrip_s": 0.07988197123631835}, "transport": {"connect_s": 0.0016905972734093666, "encode_s": 0.00012452295050024986, "send_s": 0.00018836092203855515, "wait_response_s": 0.07719385391101241, "close_s": 0.00038120103999972343, "decode_s": 3.99821437895298e-05, "request_bytes": 393748}, "server": {}}
[worker 0] task 1/1 id=0 episode 3/3 step 300/300
[worker 0] saved video to: 
/data0/luokang/research/GraphVLA/tmp/pi05_worker_speed_0913/run4_w1/custom0902_i
d10ep-29999/libero_custom_0906-oracle-0913-094335-455421/videos/task_000_ep_002_
sec_016_failure_failure.mp4 (330 frames, 20.0 fps)
PROFILE_SAVE {"worker": 0, "frames": 330, "video_s": 3.1971597098745406, "json_s": 0.03811851795762777}
[worker 0] saved execution record to: 
/data0/luokang/research/GraphVLA/tmp/pi05_worker_speed_0913/run4_w1/custom0902_i
d10ep-29999/libero_custom_0906-oracle-0913-094335-455421/videos/task_000_ep_002_
sec_016_failure_failure.json (330 frames)
[worker 0] task=0 episode=2 success=False env_done=False server_done=False 
progress=1/3 completed_subtasks=[1] completed_goals=["['on', 'wine_bottle_1', 
'flat_stove_1_cook_region']"]
Overall progress: 3/3 (100.0%) ETA 00:00:00
[worker 0] saved results to: 
/data0/luokang/research/GraphVLA/tmp/pi05_worker_speed_0913/run4_w1/custom0902_i
d10ep-29999/libero_custom_0906-oracle-0913-094335-455421/result.json
