[robosuite WARNING] No private macro file found! (__init__.py:7)
[robosuite WARNING] It is recommended to use a private macro file (__init__.py:8)
[robosuite WARNING] To setup, run: python /data0/luokang/miniconda3/envs/robobrain/lib/python3.11/site-packages/robosuite/scripts/setup_macros.py (__init__.py:9)
Gym has been unmaintained since 2022 and does not support NumPy 2.0 amongst other critical functionality.
Please upgrade to Gymnasium, the maintained drop-in replacement of Gym, or contact the authors of your software and request that they upgrade.
See the migration guide at https://gymnasium.farama.org/introduction/migration_guide/ for additional information.
[worker 0] Args(host='127.0.0.1', port=8011, control_freq=20, 
task_suite_name='libero_custom_0906', tasks=[0], num_steps_wait=30, 
num_trials_per_task=3, trials_init_state=[0, 1, 2], max_steps=300, 
switch_mode='oracle', seed=42, save_video=True, action_delta=True, 
num_workers=3, resume_dir=None, image_obs_steps=None, observation_keys=None, 
embodiment='franka_panda')
[Warning]: datasets path /data0/luokang/research/LIBERO/libero/libero/../datasets does not exist!
[worker 0] running 3 episodes from 1 tasks across 3 concurrent workers
[Warning]: datasets path /data0/luokang/research/LIBERO/libero/libero/../datasets does not exist!
[Warning]: datasets path /data0/luokang/research/LIBERO/libero/libero/../datasets does not exist!
[Warning]: datasets path /data0/luokang/research/LIBERO/libero/libero/../datasets does not exist!
[Warning]: datasets path /data0/luokang/research/LIBERO/libero/libero/../datasets does not exist!
[Warning]: datasets path /data0/luokang/research/LIBERO/libero/libero/../datasets does not exist!
[Warning]: datasets path /data0/luokang/research/LIBERO/libero/libero/../datasets does not exist!
[Warning]: datasets path /data0/luokang/research/LIBERO/libero/libero/../datasets does not exist!
:demonstration is not recognized in problem
[Warning]: datasets path /data0/luokang/research/LIBERO/libero/libero/../datasets does not exist![Warning]: datasets path /data0/luokang/research/LIBERO/libero/libero/../datasets does not exist!

:demonstration is not recognized in problem
:demonstration is not recognized in problem
INFO:root:[worker 1] Task 0 episode 1: put the wine bottle on the stove, then put the bowl on the plate, then put the cream cheese on the wooden cabinet
[worker 1] task 1/1 id=0 episode 2/3 init_state=1: put the wine bottle on the 
stove, then put the bowl on the plate, then put the cream cheese on the wooden 
cabinet
INFO:root:[worker 2] Task 0 episode 2: put the wine bottle on the stove, then put the bowl on the plate, then put the cream cheese on the wooden cabinet
[worker 2] task 1/1 id=0 episode 3/3 init_state=2: put the wine bottle on the 
stove, then put the bowl on the plate, then put the cream cheese on the wooden 
cabinet
INFO:root:[worker 0] Task 0 episode 0: put the wine bottle on the stove, then put the bowl on the plate, then put the cream cheese on the wooden cabinet
[worker 0] task 1/1 id=0 episode 1/3 init_state=0: put the wine bottle on the 
stove, then put the bowl on the plate, then put the cream cheese on the wooden 
cabinet
[worker 1] task 1/1 id=0 episode 2/3 wait_step 1/30
[worker 2] task 1/1 id=0 episode 3/3 wait_step 1/30
[worker 0] task 1/1 id=0 episode 1/3 wait_step 1/30
[worker 0] task 1/1 id=0 episode 1/3 wait_step 2/30
[worker 1] task 1/1 id=0 episode 2/3 wait_step 2/30
[worker 2] task 1/1 id=0 episode 3/3 wait_step 2/30
[worker 0] task 1/1 id=0 episode 1/3 wait_step 3/30
[worker 1] task 1/1 id=0 episode 2/3 wait_step 3/30
[worker 2] task 1/1 id=0 episode 3/3 wait_step 3/30
[worker 0] task 1/1 id=0 episode 1/3 wait_step 4/30
[worker 1] task 1/1 id=0 episode 2/3 wait_step 4/30
[worker 0] task 1/1 id=0 episode 1/3 wait_step 5/30
[worker 2] task 1/1 id=0 episode 3/3 wait_step 4/30
[worker 1] task 1/1 id=0 episode 2/3 wait_step 5/30
[worker 0] task 1/1 id=0 episode 1/3 wait_step 6/30
[worker 2] task 1/1 id=0 episode 3/3 wait_step 5/30
[worker 0] task 1/1 id=0 episode 1/3 wait_step 7/30
[worker 1] task 1/1 id=0 episode 2/3 wait_step 6/30
[worker 2] task 1/1 id=0 episode 3/3 wait_step 6/30
[worker 0] task 1/1 id=0 episode 1/3 wait_step 8/30
[worker 1] task 1/1 id=0 episode 2/3 wait_step 7/30
[worker 2] task 1/1 id=0 episode 3/3 wait_step 7/30
[worker 0] task 1/1 id=0 episode 1/3 wait_step 9/30
[worker 2] task 1/1 id=0 episode 3/3 wait_step 8/30
[worker 1] task 1/1 id=0 episode 2/3 wait_step 8/30
[worker 0] task 1/1 id=0 episode 1/3 wait_step 10/30
[worker 2] task 1/1 id=0 episode 3/3 wait_step 9/30
[worker 1] task 1/1 id=0 episode 2/3 wait_step 9/30
[worker 0] task 1/1 id=0 episode 1/3 wait_step 11/30
[worker 2] task 1/1 id=0 episode 3/3 wait_step 10/30
[worker 0] task 1/1 id=0 episode 1/3 wait_step 12/30
[worker 1] task 1/1 id=0 episode 2/3 wait_step 10/30
[worker 0] task 1/1 id=0 episode 1/3 wait_step 13/30
[worker 2] task 1/1 id=0 episode 3/3 wait_step 11/30
[worker 1] task 1/1 id=0 episode 2/3 wait_step 11/30
[worker 0] task 1/1 id=0 episode 1/3 wait_step 14/30
[worker 2] task 1/1 id=0 episode 3/3 wait_step 12/30
[worker 1] task 1/1 id=0 episode 2/3 wait_step 12/30
[worker 0] task 1/1 id=0 episode 1/3 wait_step 15/30
[worker 2] task 1/1 id=0 episode 3/3 wait_step 13/30
[worker 0] task 1/1 id=0 episode 1/3 wait_step 16/30
[worker 1] task 1/1 id=0 episode 2/3 wait_step 13/30
[worker 2] task 1/1 id=0 episode 3/3 wait_step 14/30
[worker 0] task 1/1 id=0 episode 1/3 wait_step 17/30
[worker 1] task 1/1 id=0 episode 2/3 wait_step 14/30
[worker 2] task 1/1 id=0 episode 3/3 wait_step 15/30
[worker 0] task 1/1 id=0 episode 1/3 wait_step 18/30
[worker 1] task 1/1 id=0 episode 2/3 wait_step 15/30
[worker 2] task 1/1 id=0 episode 3/3 wait_step 16/30
[worker 0] task 1/1 id=0 episode 1/3 wait_step 19/30
[worker 1] task 1/1 id=0 episode 2/3 wait_step 16/30
[worker 2] task 1/1 id=0 episode 3/3 wait_step 17/30
[worker 0] task 1/1 id=0 episode 1/3 wait_step 20/30
[worker 1] task 1/1 id=0 episode 2/3 wait_step 17/30
[worker 0] task 1/1 id=0 episode 1/3 wait_step 21/30
[worker 2] task 1/1 id=0 episode 3/3 wait_step 18/30
[worker 1] task 1/1 id=0 episode 2/3 wait_step 18/30
[worker 0] task 1/1 id=0 episode 1/3 wait_step 22/30
[worker 2] task 1/1 id=0 episode 3/3 wait_step 19/30
[worker 1] task 1/1 id=0 episode 2/3 wait_step 19/30
[worker 0] task 1/1 id=0 episode 1/3 wait_step 23/30
[worker 2] task 1/1 id=0 episode 3/3 wait_step 20/30
[worker 1] task 1/1 id=0 episode 2/3 wait_step 20/30
[worker 0] task 1/1 id=0 episode 1/3 wait_step 24/30
[worker 2] task 1/1 id=0 episode 3/3 wait_step 21/30
[worker 0] task 1/1 id=0 episode 1/3 wait_step 25/30
[worker 1] task 1/1 id=0 episode 2/3 wait_step 21/30
[worker 2] task 1/1 id=0 episode 3/3 wait_step 22/30
[worker 0] task 1/1 id=0 episode 1/3 wait_step 26/30
[worker 1] task 1/1 id=0 episode 2/3 wait_step 22/30
[worker 2] task 1/1 id=0 episode 3/3 wait_step 23/30
[worker 0] task 1/1 id=0 episode 1/3 wait_step 27/30
[worker 1] task 1/1 id=0 episode 2/3 wait_step 23/30
[worker 2] task 1/1 id=0 episode 3/3 wait_step 24/30
[worker 0] task 1/1 id=0 episode 1/3 wait_step 28/30
[worker 1] task 1/1 id=0 episode 2/3 wait_step 24/30
[worker 2] task 1/1 id=0 episode 3/3 wait_step 25/30
[worker 0] task 1/1 id=0 episode 1/3 wait_step 29/30
[worker 1] task 1/1 id=0 episode 2/3 wait_step 25/30
[worker 2] task 1/1 id=0 episode 3/3 wait_step 26/30
[worker 0] task 1/1 id=0 episode 1/3 wait_step 30/30
[worker 1] task 1/1 id=0 episode 2/3 wait_step 26/30
[worker 2] task 1/1 id=0 episode 3/3 wait_step 27/30
[worker 1] task 1/1 id=0 episode 2/3 wait_step 27/30
[worker 0] task 1/1 id=0 episode 1/3 step 1/300
[worker 2] task 1/1 id=0 episode 3/3 wait_step 28/30
[worker 1] task 1/1 id=0 episode 2/3 wait_step 28/30
[worker 2] task 1/1 id=0 episode 3/3 wait_step 29/30
[worker 1] task 1/1 id=0 episode 2/3 wait_step 29/30
[worker 2] task 1/1 id=0 episode 3/3 wait_step 30/30
[worker 1] task 1/1 id=0 episode 2/3 wait_step 30/30
[worker 2] task 1/1 id=0 episode 3/3 step 1/300
PROFILE {"session": "libero-288700b7", "worker": 0, "client": {"observation_s": 0.0006075911223888397, "request_build_s": 0.00029349513351917267, "request_roundtrip_s": 0.10252510476857424}, "transport": {"connect_s": 0.002420875709503889, "encode_s": 0.00017470913007855415, "send_s": 0.00024181511253118515, "wait_response_s": 0.09797479584813118, "close_s": 0.0006584729999303818, "decode_s": 6.124423816800117e-05, "request_bytes": 393763}, "server": {}}
[worker 1] task 1/1 id=0 episode 2/3 step 1/300
[worker 0] task 1/1 id=0 episode 1/3 step 2/300
[worker 0] task 1/1 id=0 episode 1/3 step 3/300
PROFILE {"session": "libero-074cadf3", "worker": 2, "client": {"observation_s": 0.0005044331774115562, "request_build_s": 5.709519609808922e-05, "request_roundtrip_s": 0.10404571378603578}, "transport": {"connect_s": 0.0017650676891207695, "encode_s": 0.00014530401676893234, "send_s": 0.00018771830946207047, "wait_response_s": 0.10099197458475828, "close_s": 0.0005206591449677944, "decode_s": 5.804281681776047e-05, "request_bytes": 393763}, "server": {}}
[worker 0] task 1/1 id=0 episode 1/3 step 4/300
[worker 2] task 1/1 id=0 episode 3/3 step 2/300
[worker 0] task 1/1 id=0 episode 1/3 step 5/300
[worker 2] task 1/1 id=0 episode 3/3 step 3/300
[worker 0] task 1/1 id=0 episode 1/3 step 6/300
PROFILE {"session": "libero-d5272899", "worker": 1, "client": {"observation_s": 0.00028603384271264076, "request_build_s": 6.27683475613594e-05, "request_roundtrip_s": 0.1747993598692119}, "transport": {"connect_s": 0.0017186491750180721, "encode_s": 0.00013352371752262115, "send_s": 0.00024091731756925583, "wait_response_s": 0.1708435290493071, "close_s": 0.0007981876842677593, "decode_s": 5.3897034376859665e-05, "request_bytes": 393763}, "server": {}}
[worker 2] task 1/1 id=0 episode 3/3 step 4/300
[worker 0] task 1/1 id=0 episode 1/3 step 7/300
[worker 1] task 1/1 id=0 episode 2/3 step 2/300
[worker 2] task 1/1 id=0 episode 3/3 step 5/300
[worker 0] task 1/1 id=0 episode 1/3 step 8/300
[worker 1] task 1/1 id=0 episode 2/3 step 3/300
[worker 2] task 1/1 id=0 episode 3/3 step 6/300
[worker 0] task 1/1 id=0 episode 1/3 step 9/300
[worker 2] task 1/1 id=0 episode 3/3 step 7/300
[worker 1] task 1/1 id=0 episode 2/3 step 4/300
[worker 0] task 1/1 id=0 episode 1/3 step 10/300
[worker 2] task 1/1 id=0 episode 3/3 step 8/300
[worker 0] task 1/1 id=0 episode 1/3 step 11/300
[worker 1] task 1/1 id=0 episode 2/3 step 5/300
[worker 2] task 1/1 id=0 episode 3/3 step 9/300
[worker 1] task 1/1 id=0 episode 2/3 step 6/300
[worker 2] task 1/1 id=0 episode 3/3 step 10/300
[worker 1] task 1/1 id=0 episode 2/3 step 7/300
PROFILE {"session": "libero-288700b7", "worker": 0, "client": {"visual_record_s": 0.005173124372959137, "env_s": 0.41491219913586974, "env_steps": 10.0, "observation_s": 0.008655777666717768, "request_build_s": 0.00029260292649269104, "request_roundtrip_s": 0.09138423996046185}, "transport": {"connect_s": 0.0020206491462886333, "encode_s": 0.00020582787692546844, "send_s": 0.0011295191943645477, "wait_response_s": 0.08634028676897287, "close_s": 0.0009430749341845512, "decode_s": 8.95550474524498e-05, "request_bytes": 393748}, "server": {}}
[worker 2] task 1/1 id=0 episode 3/3 step 11/300
[worker 1] task 1/1 id=0 episode 2/3 step 8/300
[worker 0] task 1/1 id=0 episode 1/3 step 12/300
[worker 1] task 1/1 id=0 episode 2/3 step 9/300
[worker 0] task 1/1 id=0 episode 1/3 step 13/300
PROFILE {"session": "libero-074cadf3", "worker": 2, "client": {"visual_record_s": 0.005416009575128555, "env_s": 0.44193155551329255, "env_steps": 10.0, "observation_s": 0.005731850862503052, "request_build_s": 0.00039690034464001656, "request_roundtrip_s": 0.0911343228071928}, "transport": {"connect_s": 0.0016777128912508488, "encode_s": 0.00015256134793162346, "send_s": 0.00020653195679187775, "wait_response_s": 0.08732199901714921, "close_s": 0.0007465919479727745, "decode_s": 8.337199687957764e-05, "request_bytes": 393748}, "server": {}}
[worker 1] task 1/1 id=0 episode 2/3 step 10/300
[worker 0] task 1/1 id=0 episode 1/3 step 14/300
[worker 1] task 1/1 id=0 episode 2/3 step 11/300
[worker 2] task 1/1 id=0 episode 3/3 step 12/300
[worker 0] task 1/1 id=0 episode 1/3 step 15/300
[worker 2] task 1/1 id=0 episode 3/3 step 13/300
[worker 0] task 1/1 id=0 episode 1/3 step 16/300
PROFILE {"session": "libero-d5272899", "worker": 1, "client": {"visual_record_s": 0.006584603805094957, "env_s": 0.4938656962476671, "env_steps": 10.0, "observation_s": 0.006211056839674711, "request_build_s": 0.00010975124314427376, "request_roundtrip_s": 0.09141954872757196}, "transport": {"connect_s": 0.0020661470480263233, "encode_s": 0.00014337105676531792, "send_s": 0.0009189927950501442, "wait_response_s": 0.08680793922394514, "close_s": 0.0009692106395959854, "decode_s": 6.946036592125893e-05, "request_bytes": 393748}, "server": {}}
[worker 0] task 1/1 id=0 episode 1/3 step 17/300
[worker 2] task 1/1 id=0 episode 3/3 step 14/300
[worker 1] task 1/1 id=0 episode 2/3 step 12/300
[worker 0] task 1/1 id=0 episode 1/3 step 18/300
[worker 2] task 1/1 id=0 episode 3/3 step 15/300
[worker 1] task 1/1 id=0 episode 2/3 step 13/300
[worker 0] task 1/1 id=0 episode 1/3 step 19/300
[worker 2] task 1/1 id=0 episode 3/3 step 16/300
[worker 0] task 1/1 id=0 episode 1/3 step 20/300
[worker 1] task 1/1 id=0 episode 2/3 step 14/300
[worker 2] task 1/1 id=0 episode 3/3 step 17/300
[worker 0] task 1/1 id=0 episode 1/3 step 21/300
[worker 1] task 1/1 id=0 episode 2/3 step 15/300
[worker 2] task 1/1 id=0 episode 3/3 step 18/300
[worker 2] task 1/1 id=0 episode 3/3 step 19/300
[worker 1] task 1/1 id=0 episode 2/3 step 16/300
PROFILE {"session": "libero-288700b7", "worker": 0, "client": {"visual_record_s": 0.0062994640320539474, "env_s": 0.5015122229233384, "env_steps": 10.0, "observation_s": 0.009693363681435585, "request_build_s": 7.296213880181313e-05, "request_roundtrip_s": 0.09296919405460358}, "transport": {"connect_s": 0.0019107311964035034, "encode_s": 0.00014251191169023514, "send_s": 0.0002055000513792038, "wait_response_s": 0.08903942909091711, "close_s": 0.0005370327271521091, "decode_s": 6.470084190368652e-05, "request_bytes": 393748}, "server": {}}
[worker 2] task 1/1 id=0 episode 3/3 step 20/300
[worker 1] task 1/1 id=0 episode 2/3 step 17/300
[worker 0] task 1/1 id=0 episode 1/3 step 22/300
[worker 2] task 1/1 id=0 episode 3/3 step 21/300
[worker 1] task 1/1 id=0 episode 2/3 step 18/300
[worker 0] task 1/1 id=0 episode 1/3 step 23/300
[worker 1] task 1/1 id=0 episode 2/3 step 19/300
PROFILE {"session": "libero-074cadf3", "worker": 2, "client": {"visual_record_s": 0.006572572980076075, "env_s": 0.5705311801284552, "env_steps": 10.0, "observation_s": 0.009280232712626457, "request_build_s": 9.30926762521267e-05, "request_roundtrip_s": 0.09689969616010785}, "transport": {"connect_s": 0.002242191694676876, "encode_s": 0.00016831234097480774, "send_s": 0.0002380278892815113, "wait_response_s": 0.09087668173015118, "close_s": 0.0014987862668931484, "decode_s": 0.00012040510773658752, "request_bytes": 393748}, "server": {}}
[worker 0] task 1/1 id=0 episode 1/3 step 24/300
[worker 1] task 1/1 id=0 episode 2/3 step 20/300
[worker 0] task 1/1 id=0 episode 1/3 step 25/300
[worker 1] task 1/1 id=0 episode 2/3 step 21/300
[worker 2] task 1/1 id=0 episode 3/3 step 22/300
[worker 0] task 1/1 id=0 episode 1/3 step 26/300
[worker 2] task 1/1 id=0 episode 3/3 step 23/300
PROFILE {"session": "libero-d5272899", "worker": 1, "client": {"visual_record_s": 0.006567100994288921, "env_s": 0.6115874168463051, "env_steps": 10.0, "observation_s": 0.01297279866412282, "request_build_s": 0.00010435236617922783, "request_roundtrip_s": 0.10072031989693642}, "transport": {"connect_s": 0.004483761731535196, "encode_s": 0.0006910152733325958, "send_s": 0.0006680027581751347, "wait_response_s": 0.09232727717608213, "close_s": 0.0010060127824544907, "decode_s": 0.00014937296509742737, "request_bytes": 393748}, "server": {}}
[worker 0] task 1/1 id=0 episode 1/3 step 27/300
[worker 2] task 1/1 id=0 episode 3/3 step 24/300
[worker 0] task 1/1 id=0 episode 1/3 step 28/300
[worker 1] task 1/1 id=0 episode 2/3 step 22/300
[worker 2] task 1/1 id=0 episode 3/3 step 25/300
[worker 0] task 1/1 id=0 episode 1/3 step 29/300
[worker 1] task 1/1 id=0 episode 2/3 step 23/300
[worker 2] task 1/1 id=0 episode 3/3 step 26/300
[worker 0] task 1/1 id=0 episode 1/3 step 30/300
[worker 1] task 1/1 id=0 episode 2/3 step 24/300
[worker 2] task 1/1 id=0 episode 3/3 step 27/300
[worker 0] task 1/1 id=0 episode 1/3 step 31/300
[worker 1] task 1/1 id=0 episode 2/3 step 25/300
[worker 2] task 1/1 id=0 episode 3/3 step 28/300
[worker 1] task 1/1 id=0 episode 2/3 step 26/300
PROFILE {"session": "libero-288700b7", "worker": 0, "client": {"visual_record_s": 0.007344207726418972, "env_s": 0.6787900691851974, "env_steps": 10.0, "observation_s": 0.013508162926882505, "request_build_s": 0.00018979795277118683, "request_roundtrip_s": 0.096880451310426}, "transport": {"connect_s": 0.002761546056717634, "encode_s": 0.0006259721703827381, "send_s": 0.0006536650471389294, "wait_response_s": 0.08993613999336958, "close_s": 0.001462804153561592, "decode_s": 0.00010854890570044518, "request_bytes": 393748}, "server": {}}
[worker 2] task 1/1 id=0 episode 3/3 step 29/300
[worker 1] task 1/1 id=0 episode 2/3 step 27/300
[worker 0] task 1/1 id=0 episode 1/3 step 32/300
[worker 2] task 1/1 id=0 episode 3/3 step 30/300
[worker 1] task 1/1 id=0 episode 2/3 step 28/300
[worker 0] task 1/1 id=0 episode 1/3 step 33/300
[worker 2] task 1/1 id=0 episode 3/3 step 31/300
[worker 1] task 1/1 id=0 episode 2/3 step 29/300
[worker 0] task 1/1 id=0 episode 1/3 step 34/300
[worker 1] task 1/1 id=0 episode 2/3 step 30/300
PROFILE {"session": "libero-074cadf3", "worker": 2, "client": {"visual_record_s": 0.01046860869973898, "env_s": 0.7973902025260031, "env_steps": 10.0, "observation_s": 0.012576290871948004, "request_build_s": 0.00012179510667920113, "request_roundtrip_s": 0.09606623509898782}, "transport": {"connect_s": 0.0033189840614795685, "encode_s": 0.0003622411750257015, "send_s": 0.0009350148029625416, "wait_response_s": 0.08973148092627525, "close_s": 0.000722372904419899, "decode_s": 0.00012520933523774147, "request_bytes": 393748}, "server": {}}
[worker 0] task 1/1 id=0 episode 1/3 step 35/300
[worker 1] task 1/1 id=0 episode 2/3 step 31/300
[worker 2] task 1/1 id=0 episode 3/3 step 32/300
[worker 0] task 1/1 id=0 episode 1/3 step 36/300
PROFILE {"session": "libero-d5272899", "worker": 1, "client": {"visual_record_s": 0.009316625539213419, "env_s": 0.7348780916072428, "env_steps": 10.0, "observation_s": 0.013966331724077463, "request_build_s": 0.0001352890394628048, "request_roundtrip_s": 0.09190984163433313}, "transport": {"connect_s": 0.001896633766591549, "encode_s": 0.000642681960016489, "send_s": 0.0009543141350150108, "wait_response_s": 0.08676195377483964, "close_s": 0.0005797110497951508, "decode_s": 8.966634050011635e-05, "request_bytes": 393748}, "server": {}}
[worker 0] task 1/1 id=0 episode 1/3 step 37/300
[worker 2] task 1/1 id=0 episode 3/3 step 33/300
[worker 0] task 1/1 id=0 episode 1/3 step 38/300
[worker 1] task 1/1 id=0 episode 2/3 step 32/300
[worker 2] task 1/1 id=0 episode 3/3 step 34/300
[worker 0] task 1/1 id=0 episode 1/3 step 39/300
[worker 1] task 1/1 id=0 episode 2/3 step 33/300
[worker 2] task 1/1 id=0 episode 3/3 step 35/300
[worker 0] task 1/1 id=0 episode 1/3 step 40/300
[worker 2] task 1/1 id=0 episode 3/3 step 36/300
[worker 1] task 1/1 id=0 episode 2/3 step 34/300
[worker 0] task 1/1 id=0 episode 1/3 step 41/300
[worker 2] task 1/1 id=0 episode 3/3 step 37/300
[worker 1] task 1/1 id=0 episode 2/3 step 35/300
[worker 2] task 1/1 id=0 episode 3/3 step 38/300
[worker 1] task 1/1 id=0 episode 2/3 step 36/300
PROFILE {"session": "libero-288700b7", "worker": 0, "client": {"visual_record_s": 0.010169145185500383, "env_s": 0.6999788386747241, "env_steps": 10.0, "observation_s": 0.012739299330860376, "request_build_s": 8.471589535474777e-05, "request_roundtrip_s": 0.09276113519445062}, "transport": {"connect_s": 0.002205530647188425, "encode_s": 0.0005211583338677883, "send_s": 0.000548400916159153, "wait_response_s": 0.08778891991823912, "close_s": 0.0008943458087742329, "decode_s": 9.435508400201797e-05, "request_bytes": 393748}, "server": {}}
[worker 2] task 1/1 id=0 episode 3/3 step 39/300
[worker 1] task 1/1 id=0 episode 2/3 step 37/300
[worker 0] task 1/1 id=0 episode 1/3 step 42/300
[worker 2] task 1/1 id=0 episode 3/3 step 40/300
[worker 1] task 1/1 id=0 episode 2/3 step 38/300
[worker 0] task 1/1 id=0 episode 1/3 step 43/300
[worker 2] task 1/1 id=0 episode 3/3 step 41/300
[worker 1] task 1/1 id=0 episode 2/3 step 39/300
[worker 0] task 1/1 id=0 episode 1/3 step 44/300
[worker 1] task 1/1 id=0 episode 2/3 step 40/300
PROFILE {"session": "libero-074cadf3", "worker": 2, "client": {"visual_record_s": 0.009632801171392202, "env_s": 0.6937614092603326, "env_steps": 10.0, "observation_s": 0.008803078439086676, "request_build_s": 0.00032508373260498047, "request_roundtrip_s": 0.09811812499538064}, "transport": {"connect_s": 0.002585554961115122, "encode_s": 0.0008157398551702499, "send_s": 0.0008905329741537571, "wait_response_s": 0.09062400599941611, "close_s": 0.0015473011881113052, "decode_s": 0.0001466739922761917, "request_bytes": 393748}, "server": {}}
[worker 0] task 1/1 id=0 episode 1/3 step 45/300
[worker 1] task 1/1 id=0 episode 2/3 step 41/300
[worker 2] task 1/1 id=0 episode 3/3 step 42/300
[worker 0] task 1/1 id=0 episode 1/3 step 46/300
PROFILE {"session": "libero-d5272899", "worker": 1, "client": {"visual_record_s": 0.011221667286008596, "env_s": 0.7300316523760557, "env_steps": 10.0, "observation_s": 0.00934512261301279, "request_build_s": 0.00012246426194906235, "request_roundtrip_s": 0.09599932888522744}, "transport": {"connect_s": 0.0026501850225031376, "encode_s": 0.000583946704864502, "send_s": 0.000653684139251709, "wait_response_s": 0.09015630185604095, "close_s": 0.0012105312198400497, "decode_s": 0.00012635579332709312, "request_bytes": 393748}, "server": {}}
[worker 2] task 1/1 id=0 episode 3/3 step 43/300
[worker 0] task 1/1 id=0 episode 1/3 step 47/300
[worker 1] task 1/1 id=0 episode 2/3 step 42/300
[worker 0] task 1/1 id=0 episode 1/3 step 48/300
[worker 2] task 1/1 id=0 episode 3/3 step 44/300
[worker 1] task 1/1 id=0 episode 2/3 step 43/300
[worker 2] task 1/1 id=0 episode 3/3 step 45/300
[worker 0] task 1/1 id=0 episode 1/3 step 49/300
[worker 1] task 1/1 id=0 episode 2/3 step 44/300
[worker 2] task 1/1 id=0 episode 3/3 step 46/300
[worker 0] task 1/1 id=0 episode 1/3 step 50/300
[worker 1] task 1/1 id=0 episode 2/3 step 45/300
[worker 2] task 1/1 id=0 episode 3/3 step 47/300
[worker 0] task 1/1 id=0 episode 1/3 step 51/300
[worker 1] task 1/1 id=0 episode 2/3 step 46/300
[worker 2] task 1/1 id=0 episode 3/3 step 48/300
[worker 1] task 1/1 id=0 episode 2/3 step 47/300
PROFILE {"session": "libero-288700b7", "worker": 0, "client": {"visual_record_s": 0.00926378509029746, "env_s": 0.7618542243726552, "env_steps": 10.0, "observation_s": 0.014293946791440248, "request_build_s": 0.00029671192169189453, "request_roundtrip_s": 0.0901843961328268}, "transport": {"connect_s": 0.002147912047803402, "encode_s": 0.000722148921340704, "send_s": 0.0012627467513084412, "wait_response_s": 0.08407882088795304, "close_s": 0.000960745383054018, "decode_s": 0.00012706266716122627, "request_bytes": 393748}, "server": {}}
[worker 2] task 1/1 id=0 episode 3/3 step 49/300
[worker 1] task 1/1 id=0 episode 2/3 step 48/300
[worker 2] task 1/1 id=0 episode 3/3 step 50/300
[worker 0] task 1/1 id=0 episode 1/3 step 52/300
[worker 1] task 1/1 id=0 episode 2/3 step 49/300
[worker 2] task 1/1 id=0 episode 3/3 step 51/300
[worker 0] task 1/1 id=0 episode 1/3 step 53/300
[worker 1] task 1/1 id=0 episode 2/3 step 50/300
[worker 0] task 1/1 id=0 episode 1/3 step 54/300
[worker 1] task 1/1 id=0 episode 2/3 step 51/300
PROFILE {"session": "libero-074cadf3", "worker": 2, "client": {"visual_record_s": 0.014003952965140343, "env_s": 0.6905157305300236, "env_steps": 10.0, "observation_s": 0.010118211153894663, "request_build_s": 9.09329392015934e-05, "request_roundtrip_s": 0.10545830288901925}, "transport": {"connect_s": 0.0019067870453000069, "encode_s": 0.0005970792844891548, "send_s": 0.0005777189508080482, "wait_response_s": 0.10048219282180071, "close_s": 0.0011495398357510567, "decode_s": 0.0001299651339650154, "request_bytes": 393748}, "server": {}}
[worker 0] task 1/1 id=0 episode 1/3 step 55/300
[worker 0] task 1/1 id=0 episode 1/3 step 56/300
[worker 2] task 1/1 id=0 episode 3/3 step 52/300
PROFILE {"session": "libero-d5272899", "worker": 1, "client": {"visual_record_s": 0.006271655671298504, "env_s": 0.6306518740020692, "env_steps": 10.0, "observation_s": 0.009127294644713402, "request_build_s": 8.991919457912445e-05, "request_roundtrip_s": 0.0962196160107851}, "transport": {"connect_s": 0.001964057795703411, "encode_s": 0.0004954352043569088, "send_s": 0.0005630869418382645, "wait_response_s": 0.09190309001132846, "close_s": 0.0006196750327944756, "decode_s": 8.246209472417831e-05, "request_bytes": 393748}, "server": {}}
[worker 0] task 1/1 id=0 episode 1/3 step 57/300
[worker 2] task 1/1 id=0 episode 3/3 step 53/300
[worker 1] task 1/1 id=0 episode 2/3 step 52/300
[worker 0] task 1/1 id=0 episode 1/3 step 58/300
[worker 2] task 1/1 id=0 episode 3/3 step 54/300
[worker 0] task 1/1 id=0 episode 1/3 step 59/300
[worker 1] task 1/1 id=0 episode 2/3 step 53/300
[worker 2] task 1/1 id=0 episode 3/3 step 55/300
[worker 0] task 1/1 id=0 episode 1/3 step 60/300
[worker 1] task 1/1 id=0 episode 2/3 step 54/300
[worker 0] task 1/1 id=0 episode 1/3 step 61/300
[worker 2] task 1/1 id=0 episode 3/3 step 56/300
[worker 1] task 1/1 id=0 episode 2/3 step 55/300
[worker 2] task 1/1 id=0 episode 3/3 step 57/300
[worker 1] task 1/1 id=0 episode 2/3 step 56/300
PROFILE {"session": "libero-288700b7", "worker": 0, "client": {"visual_record_s": 0.009813179261982441, "env_s": 0.6268784217536449, "env_steps": 10.0, "observation_s": 0.007540504448115826, "request_build_s": 0.0001688702031970024, "request_roundtrip_s": 0.08834159467369318}, "transport": {"connect_s": 0.001814447809010744, "encode_s": 0.0006693392060697079, "send_s": 0.0009827218018472195, "wait_response_s": 0.0822732150554657, "close_s": 0.0007932032458484173, "decode_s": 0.00011317571625113487, "request_bytes": 393748}, "server": {}}
[worker 2] task 1/1 id=0 episode 3/3 step 58/300
[worker 1] task 1/1 id=0 episode 2/3 step 57/300
[worker 0] task 1/1 id=0 episode 1/3 step 62/300
[worker 2] task 1/1 id=0 episode 3/3 step 59/300
[worker 1] task 1/1 id=0 episode 2/3 step 58/300
[worker 0] task 1/1 id=0 episode 1/3 step 63/300
[worker 2] task 1/1 id=0 episode 3/3 step 60/300
[worker 1] task 1/1 id=0 episode 2/3 step 59/300
[worker 0] task 1/1 id=0 episode 1/3 step 64/300
[worker 2] task 1/1 id=0 episode 3/3 step 61/300
[worker 1] task 1/1 id=0 episode 2/3 step 60/300
[worker 0] task 1/1 id=0 episode 1/3 step 65/300
[worker 1] task 1/1 id=0 episode 2/3 step 61/300
[worker 0] task 1/1 id=0 episode 1/3 step 66/300
PROFILE {"session": "libero-074cadf3", "worker": 2, "client": {"visual_record_s": 0.010064515750855207, "env_s": 0.7633374943397939, "env_steps": 10.0, "observation_s": 0.010354313533753157, "request_build_s": 0.00011251308023929596, "request_roundtrip_s": 0.10245541809126735}, "transport": {"connect_s": 0.003994462080299854, "encode_s": 0.0006400761194527149, "send_s": 0.0006515588611364365, "wait_response_s": 0.09506530687212944, "close_s": 0.0011423192918300629, "decode_s": 0.00014705397188663483, "request_bytes": 393748}, "server": {}}
[worker 0] task 1/1 id=0 episode 1/3 step 67/300
[worker 0] task 1/1 id=0 episode 1/3 step 68/300
[worker 2] task 1/1 id=0 episode 3/3 step 62/300
PROFILE {"session": "libero-d5272899", "worker": 1, "client": {"visual_record_s": 0.009178259875625372, "env_s": 0.743758600205183, "env_steps": 10.0, "observation_s": 0.014758056495338678, "request_build_s": 0.00010938616469502449, "request_roundtrip_s": 0.12147055473178625}, "transport": {"connect_s": 0.002064803149551153, "encode_s": 0.0006456668488681316, "send_s": 0.000620668288320303, "wait_response_s": 0.11638284660875797, "close_s": 0.0008930880576372147, "decode_s": 0.00012666033580899239, "request_bytes": 393748}, "server": {}}
[worker 0] task 1/1 id=0 episode 1/3 step 69/300
[worker 2] task 1/1 id=0 episode 3/3 step 63/300
[worker 1] task 1/1 id=0 episode 2/3 step 62/300
[worker 0] task 1/1 id=0 episode 1/3 step 70/300
[worker 2] task 1/1 id=0 episode 3/3 step 64/300
[worker 1] task 1/1 id=0 episode 2/3 step 63/300
[worker 0] task 1/1 id=0 episode 1/3 step 71/300
[worker 2] task 1/1 id=0 episode 3/3 step 65/300
[worker 1] task 1/1 id=0 episode 2/3 step 64/300
[worker 2] task 1/1 id=0 episode 3/3 step 66/300
[worker 1] task 1/1 id=0 episode 2/3 step 65/300
PROFILE {"session": "libero-288700b7", "worker": 0, "client": {"visual_record_s": 0.006748098414391279, "env_s": 0.6780171669088304, "env_steps": 10.0, "observation_s": 0.010955961886793375, "request_build_s": 9.698420763015747e-05, "request_roundtrip_s": 0.09233643114566803}, "transport": {"connect_s": 0.002752219792455435, "encode_s": 0.0005497010424733162, "send_s": 0.0005840640515089035, "wait_response_s": 0.08652692288160324, "close_s": 0.0011265198700129986, "decode_s": 7.812026888132095e-05, "request_bytes": 393748}, "server": {}}
[worker 2] task 1/1 id=0 episode 3/3 step 67/300
[worker 1] task 1/1 id=0 episode 2/3 step 66/300
[worker 0] task 1/1 id=0 episode 1/3 step 72/300
[worker 2] task 1/1 id=0 episode 3/3 step 68/300
[worker 1] task 1/1 id=0 episode 2/3 step 67/300
[worker 0] task 1/1 id=0 episode 1/3 step 73/300
[worker 2] task 1/1 id=0 episode 3/3 step 69/300
[worker 1] task 1/1 id=0 episode 2/3 step 68/300
[worker 0] task 1/1 id=0 episode 1/3 step 74/300
[worker 2] task 1/1 id=0 episode 3/3 step 70/300
[worker 1] task 1/1 id=0 episode 2/3 step 69/300
[worker 0] task 1/1 id=0 episode 1/3 step 75/300
[worker 2] task 1/1 id=0 episode 3/3 step 71/300
[worker 1] task 1/1 id=0 episode 2/3 step 70/300
[worker 0] task 1/1 id=0 episode 1/3 step 76/300
[worker 1] task 1/1 id=0 episode 2/3 step 71/300
[worker 0] task 1/1 id=0 episode 1/3 step 77/300
PROFILE {"session": "libero-074cadf3", "worker": 2, "client": {"visual_record_s": 0.008866732940077782, "env_s": 0.6529580890201032, "env_steps": 10.0, "observation_s": 0.006207860540598631, "request_build_s": 0.00013601593673229218, "request_roundtrip_s": 0.10130508616566658}, "transport": {"connect_s": 0.002357926219701767, "encode_s": 0.0005199066363275051, "send_s": 0.0004971222952008247, "wait_response_s": 0.09643435897305608, "close_s": 0.000729764811694622, "decode_s": 8.25212337076664e-05, "request_bytes": 393748}, "server": {}}
[worker 0] task 1/1 id=0 episode 1/3 step 78/300
[worker 0] task 1/1 id=0 episode 1/3 step 79/300
[worker 2] task 1/1 id=0 episode 3/3 step 72/300
[worker 0] task 1/1 id=0 episode 1/3 step 80/300
PROFILE {"session": "libero-d5272899", "worker": 1, "client": {"visual_record_s": 0.009924425277858973, "env_s": 0.619384041056037, "env_steps": 10.0, "observation_s": 0.0066061257384717464, "request_build_s": 7.693702355027199e-05, "request_roundtrip_s": 0.13557942816987634}, "transport": {"connect_s": 0.0017394889146089554, "encode_s": 0.0004384149797260761, "send_s": 0.0004917560145258904, "wait_response_s": 0.13065154012292624, "close_s": 0.0011219680309295654, "decode_s": 0.00011064019054174423, "request_bytes": 393748}, "server": {}}
[worker 2] task 1/1 id=0 episode 3/3 step 73/300
[worker 0] task 1/1 id=0 episode 1/3 step 81/300
[worker 1] task 1/1 id=0 episode 2/3 step 72/300
[worker 2] task 1/1 id=0 episode 3/3 step 74/300
[worker 1] task 1/1 id=0 episode 2/3 step 73/300
PROFILE {"session": "libero-288700b7", "worker": 0, "client": {"visual_record_s": 0.0071361130103468895, "env_s": 0.5012791608460248, "env_steps": 10.0, "observation_s": 0.006402249913662672, "request_build_s": 0.0005619931034743786, "request_roundtrip_s": 0.09056371822953224}, "transport": {"connect_s": 0.0016730129718780518, "encode_s": 0.0003565046936273575, "send_s": 0.0006252252496778965, "wait_response_s": 0.08483800664544106, "close_s": 0.0008679581806063652, "decode_s": 8.9988112449646e-05, "request_bytes": 393748}, "server": {}}
[worker 2] task 1/1 id=0 episode 3/3 step 75/300
[worker 1] task 1/1 id=0 episode 2/3 step 74/300
[worker 0] task 1/1 id=0 episode 1/3 step 82/300
[worker 2] task 1/1 id=0 episode 3/3 step 76/300
[worker 1] task 1/1 id=0 episode 2/3 step 75/300
[worker 0] task 1/1 id=0 episode 1/3 step 83/300
[worker 2] task 1/1 id=0 episode 3/3 step 77/300
[worker 1] task 1/1 id=0 episode 2/3 step 76/300
[worker 0] task 1/1 id=0 episode 1/3 step 84/300
[worker 2] task 1/1 id=0 episode 3/3 step 78/300
[worker 1] task 1/1 id=0 episode 2/3 step 77/300
[worker 0] task 1/1 id=0 episode 1/3 step 85/300
[worker 2] task 1/1 id=0 episode 3/3 step 79/300
[worker 1] task 1/1 id=0 episode 2/3 step 78/300
[worker 0] task 1/1 id=0 episode 1/3 step 86/300
[worker 2] task 1/1 id=0 episode 3/3 step 80/300
[worker 1] task 1/1 id=0 episode 2/3 step 79/300
[worker 0] task 1/1 id=0 episode 1/3 step 87/300
[worker 2] task 1/1 id=0 episode 3/3 step 81/300
[worker 1] task 1/1 id=0 episode 2/3 step 80/300
[worker 0] task 1/1 id=0 episode 1/3 step 88/300
[worker 1] task 1/1 id=0 episode 2/3 step 81/300
[worker 0] task 1/1 id=0 episode 1/3 step 89/300
[worker 0] task 1/1 id=0 episode 1/3 step 90/300
PROFILE {"session": "libero-074cadf3", "worker": 2, "client": {"visual_record_s": 0.004847378935664892, "env_s": 0.5786398123018444, "env_steps": 10.0, "observation_s": 0.006354392971843481, "request_build_s": 0.0003256560303270817, "request_roundtrip_s": 0.09154213313013315}, "transport": {"connect_s": 0.0017979079857468605, "encode_s": 0.0003862581215798855, "send_s": 0.0005080918781459332, "wait_response_s": 0.08764929696917534, "close_s": 0.0006261491216719151, "decode_s": 5.988311022520065e-05, "request_bytes": 393748}, "server": {}}
[worker 0] task 1/1 id=0 episode 1/3 step 91/300
[worker 2] task 1/1 id=0 episode 3/3 step 82/300
[worker 2] task 1/1 id=0 episode 3/3 step 83/300
PROFILE {"session": "libero-d5272899", "worker": 1, "client": {"visual_record_s": 0.006924461107701063, "env_s": 0.5452261394821107, "env_steps": 10.0, "observation_s": 0.005164314527064562, "request_build_s": 0.00010404735803604126, "request_roundtrip_s": 0.13115160586312413}, "transport": {"connect_s": 0.0017764018848538399, "encode_s": 0.00041124317795038223, "send_s": 0.000727752223610878, "wait_response_s": 0.1257508099079132, "close_s": 0.001051910687237978, "decode_s": 6.341328844428062e-05, "request_bytes": 393748}, "server": {}}
[worker 2] task 1/1 id=0 episode 3/3 step 84/300
[worker 2] task 1/1 id=0 episode 3/3 step 85/300
[worker 1] task 1/1 id=0 episode 2/3 step 82/300
[worker 2] task 1/1 id=0 episode 3/3 step 86/300
PROFILE {"session": "libero-288700b7", "worker": 0, "client": {"visual_record_s": 0.005083129741251469, "env_s": 0.45965713635087013, "env_steps": 10.0, "observation_s": 0.006072815041989088, "request_build_s": 4.891399294137955e-05, "request_roundtrip_s": 0.1599525404162705}, "transport": {"connect_s": 0.0015676128678023815, "encode_s": 0.00032987818121910095, "send_s": 0.00032764673233032227, "wait_response_s": 0.15662495233118534, "close_s": 0.0006787218153476715, "decode_s": 7.361592724919319e-05, "request_bytes": 393748}, "server": {}}
[worker 2] task 1/1 id=0 episode 3/3 step 87/300
[worker 1] task 1/1 id=0 episode 2/3 step 83/300
[worker 0] task 1/1 id=0 episode 1/3 step 92/300
[worker 2] task 1/1 id=0 episode 3/3 step 88/300
[worker 1] task 1/1 id=0 episode 2/3 step 84/300
[worker 0] task 1/1 id=0 episode 1/3 step 93/300
[worker 2] task 1/1 id=0 episode 3/3 step 89/300
[worker 1] task 1/1 id=0 episode 2/3 step 85/300
[worker 0] task 1/1 id=0 episode 1/3 step 94/300
[worker 2] task 1/1 id=0 episode 3/3 step 90/300
[worker 1] task 1/1 id=0 episode 2/3 step 86/300
[worker 0] task 1/1 id=0 episode 1/3 step 95/300
[worker 2] task 1/1 id=0 episode 3/3 step 91/300
[worker 1] task 1/1 id=0 episode 2/3 step 87/300
[worker 0] task 1/1 id=0 episode 1/3 step 96/300
[worker 1] task 1/1 id=0 episode 2/3 step 88/300
[worker 0] task 1/1 id=0 episode 1/3 step 97/300
PROFILE {"session": "libero-074cadf3", "worker": 2, "client": {"visual_record_s": 0.004324855282902718, "env_s": 0.37162703555077314, "env_steps": 10.0, "observation_s": 0.0040106154046952724, "request_build_s": 0.00010014884173870087, "request_roundtrip_s": 0.08690845733508468}, "transport": {"connect_s": 0.0014141597785055637, "encode_s": 0.0003109751269221306, "send_s": 0.0004949760623276234, "wait_response_s": 0.0826117666438222, "close_s": 0.0006568869575858116, "decode_s": 5.1330309361219406e-05, "request_bytes": 393748}, "server": {}}
[worker 1] task 1/1 id=0 episode 2/3 step 89/300
[worker 0] task 1/1 id=0 episode 1/3 step 98/300
[worker 2] task 1/1 id=0 episode 3/3 step 92/300
[worker 1] task 1/1 id=0 episode 2/3 step 90/300
[worker 0] task 1/1 id=0 episode 1/3 step 99/300
[worker 1] task 1/1 id=0 episode 2/3 step 91/300
[worker 2] task 1/1 id=0 episode 3/3 step 93/300
[worker 0] task 1/1 id=0 episode 1/3 step 100/300
[worker 0] task 1/1 id=0 episode 1/3 step 101/300
[worker 2] task 1/1 id=0 episode 3/3 step 94/300
[worker 2] task 1/1 id=0 episode 3/3 step 95/300
PROFILE {"session": "libero-d5272899", "worker": 1, "client": {"visual_record_s": 0.005505511537194252, "env_s": 0.4803849859163165, "env_steps": 10.0, "observation_s": 0.0036820154637098312, "request_build_s": 0.00014338036999106407, "request_roundtrip_s": 0.09488573484122753}, "transport": {"connect_s": 0.0016150572337210178, "encode_s": 0.00037148594856262207, "send_s": 0.0006156717427074909, "wait_response_s": 0.09099657414481044, "close_s": 0.0005129198543727398, "decode_s": 5.877530202269554e-05, "request_bytes": 393748}, "server": {}}
[worker 2] task 1/1 id=0 episode 3/3 step 96/300
[worker 1] task 1/1 id=0 episode 2/3 step 92/300
[worker 2] task 1/1 id=0 episode 3/3 step 97/300
[worker 2] task 1/1 id=0 episode 3/3 step 98/300
[worker 1] task 1/1 id=0 episode 2/3 step 93/300
PROFILE {"session": "libero-288700b7", "worker": 0, "client": {"visual_record_s": 0.005759433843195438, "env_s": 0.44234413420781493, "env_steps": 10.0, "observation_s": 0.004647551104426384, "request_build_s": 5.4409727454185486e-05, "request_roundtrip_s": 0.13495238730683923}, "transport": {"connect_s": 0.001540894154459238, "encode_s": 0.0003589070402085781, "send_s": 0.00039977673441171646, "wait_response_s": 0.13155064824968576, "close_s": 0.0006374348886311054, "decode_s": 5.38812018930912e-05, "request_bytes": 393748}, "server": {}}
[worker 2] task 1/1 id=0 episode 3/3 step 99/300
[worker 0] task 1/1 id=0 episode 1/3 step 102/300
[worker 1] task 1/1 id=0 episode 2/3 step 94/300
[worker 2] task 1/1 id=0 episode 3/3 step 100/300
[worker 0] task 1/1 id=0 episode 1/3 step 103/300
[worker 1] task 1/1 id=0 episode 2/3 step 95/300
[worker 2] task 1/1 id=0 episode 3/3 step 101/300
[worker 0] task 1/1 id=0 episode 1/3 step 104/300
[worker 1] task 1/1 id=0 episode 2/3 step 96/300
[worker 0] task 1/1 id=0 episode 1/3 step 105/300
[worker 1] task 1/1 id=0 episode 2/3 step 97/300
[worker 0] task 1/1 id=0 episode 1/3 step 106/300
[worker 1] task 1/1 id=0 episode 2/3 step 98/300
PROFILE {"session": "libero-074cadf3", "worker": 2, "client": {"visual_record_s": 0.004533504135906696, "env_s": 0.3862886833958328, "env_steps": 10.0, "observation_s": 0.004138872493058443, "request_build_s": 4.376005381345749e-05, "request_roundtrip_s": 0.10313303489238024}, "transport": {"connect_s": 0.0015435763634741306, "encode_s": 0.0002925288863480091, "send_s": 0.0005629397928714752, "wait_response_s": 0.09850705321878195, "close_s": 0.0010222028940916061, "decode_s": 7.081124931573868e-05, "request_bytes": 393748}, "server": {}}
[worker 0] task 1/1 id=0 episode 1/3 step 107/300
[worker 1] task 1/1 id=0 episode 2/3 step 99/300
[worker 2] task 1/1 id=0 episode 3/3 step 102/300
[worker 0] task 1/1 id=0 episode 1/3 step 108/300
[worker 1] task 1/1 id=0 episode 2/3 step 100/300
[worker 2] task 1/1 id=0 episode 3/3 step 103/300
[worker 0] task 1/1 id=0 episode 1/3 step 109/300
[worker 1] task 1/1 id=0 episode 2/3 step 101/300
[worker 2] task 1/1 id=0 episode 3/3 step 104/300
[worker 0] task 1/1 id=0 episode 1/3 step 110/300
[worker 2] task 1/1 id=0 episode 3/3 step 105/300
[worker 0] task 1/1 id=0 episode 1/3 step 111/300
[worker 2] task 1/1 id=0 episode 3/3 step 106/300
PROFILE {"session": "libero-d5272899", "worker": 1, "client": {"visual_record_s": 0.005420563742518425, "env_s": 0.3859789753332734, "env_steps": 10.0, "observation_s": 0.005939710419625044, "request_build_s": 9.526778012514114e-05, "request_roundtrip_s": 0.08558083977550268}, "transport": {"connect_s": 0.0015602270141243935, "encode_s": 0.0003441590815782547, "send_s": 0.00034173671156167984, "wait_response_s": 0.082411739975214, "close_s": 0.0004274439997971058, "decode_s": 5.3934287279844284e-05, "request_bytes": 393748}, "server": {}}
[worker 2] task 1/1 id=0 episode 3/3 step 107/300
[worker 1] task 1/1 id=0 episode 2/3 step 102/300
[worker 2] task 1/1 id=0 episode 3/3 step 108/300
[worker 1] task 1/1 id=0 episode 2/3 step 103/300
PROFILE {"session": "libero-288700b7", "worker": 0, "client": {"visual_record_s": 0.0035839807242155075, "env_s": 0.363696426153183, "env_steps": 10.0, "observation_s": 0.005199494305998087, "request_build_s": 0.00014533987268805504, "request_roundtrip_s": 0.10772540187463164}, "transport": {"connect_s": 0.0008629648946225643, "encode_s": 0.0003509451635181904, "send_s": 0.00042671896517276764, "wait_response_s": 0.10522232810035348, "close_s": 0.0005128318443894386, "decode_s": 4.681805148720741e-05, "request_bytes": 393748}, "server": {}}
[worker 2] task 1/1 id=0 episode 3/3 step 109/300
[worker 0] task 1/1 id=0 episode 1/3 step 112/300
[worker 1] task 1/1 id=0 episode 2/3 step 104/300
[worker 2] task 1/1 id=0 episode 3/3 step 110/300
[worker 0] task 1/1 id=0 episode 1/3 step 113/300
[worker 1] task 1/1 id=0 episode 2/3 step 105/300
[worker 2] task 1/1 id=0 episode 3/3 step 111/300
[worker 0] task 1/1 id=0 episode 1/3 step 114/300
[worker 1] task 1/1 id=0 episode 2/3 step 106/300
[worker 0] task 1/1 id=0 episode 1/3 step 115/300
[worker 1] task 1/1 id=0 episode 2/3 step 107/300
PROFILE {"session": "libero-074cadf3", "worker": 2, "client": {"visual_record_s": 0.004069631453603506, "env_s": 0.3690520990639925, "env_steps": 10.0, "observation_s": 0.004279204178601503, "request_build_s": 0.0002940800040960312, "request_roundtrip_s": 0.09088726993650198}, "transport": {"connect_s": 0.0018872958607971668, "encode_s": 0.00032083597034215927, "send_s": 0.0004691588692367077, "wait_response_s": 0.08737176330760121, "close_s": 0.00038122572004795074, "decode_s": 5.286792293190956e-05, "request_bytes": 393748}, "server": {}}
[worker 0] task 1/1 id=0 episode 1/3 step 116/300
[worker 1] task 1/1 id=0 episode 2/3 step 108/300
[worker 1] task 1/1 id=0 episode 2/3 step 109/300
[worker 2] task 1/1 id=0 episode 3/3 step 112/300
[worker 0] task 1/1 id=0 episode 1/3 step 117/300
[worker 1] task 1/1 id=0 episode 2/3 step 110/300
[worker 0] task 1/1 id=0 episode 1/3 step 118/300
[worker 2] task 1/1 id=0 episode 3/3 step 113/300
[worker 1] task 1/1 id=0 episode 2/3 step 111/300
[worker 0] task 1/1 id=0 episode 1/3 step 119/300
[worker 2] task 1/1 id=0 episode 3/3 step 114/300
[worker 0] task 1/1 id=0 episode 1/3 step 120/300
[worker 2] task 1/1 id=0 episode 3/3 step 115/300
[worker 0] task 1/1 id=0 episode 1/3 step 121/300
PROFILE {"session": "libero-d5272899", "worker": 1, "client": {"visual_record_s": 0.004387543071061373, "env_s": 0.3886797558516264, "env_steps": 10.0, "observation_s": 0.004968518856912851, "request_build_s": 0.0004419321194291115, "request_roundtrip_s": 0.09177558310329914}, "transport": {"connect_s": 0.0014865929260849953, "encode_s": 0.0003728959709405899, "send_s": 0.00040622102096676826, "wait_response_s": 0.08868897426873446, "close_s": 0.0003753397613763809, "decode_s": 7.62939453125e-05, "request_bytes": 393748}, "server": {}}
[worker 2] task 1/1 id=0 episode 3/3 step 116/300
[worker 2] task 1/1 id=0 episode 3/3 step 117/300
[worker 1] task 1/1 id=0 episode 2/3 step 112/300
[worker 2] task 1/1 id=0 episode 3/3 step 118/300
[worker 1] task 1/1 id=0 episode 2/3 step 113/300
PROFILE {"session": "libero-288700b7", "worker": 0, "client": {"visual_record_s": 0.005298031494021416, "env_s": 0.3887924337759614, "env_steps": 10.0, "observation_s": 0.0039694481529295444, "request_build_s": 8.537806570529938e-05, "request_roundtrip_s": 0.09124113479629159}, "transport": {"connect_s": 0.0016309716738760471, "encode_s": 0.00032958202064037323, "send_s": 0.0003796401433646679, "wait_response_s": 0.08705445285886526, "close_s": 0.0008215159177780151, "decode_s": 0.00017813127487897873, "request_bytes": 393748}, "server": {}}
[worker 2] task 1/1 id=0 episode 3/3 step 119/300
[worker 1] task 1/1 id=0 episode 2/3 step 114/300
[worker 0] task 1/1 id=0 episode 1/3 step 122/300
[worker 2] task 1/1 id=0 episode 3/3 step 120/300
[worker 1] task 1/1 id=0 episode 2/3 step 115/300
[worker 0] task 1/1 id=0 episode 1/3 step 123/300
[worker 2] task 1/1 id=0 episode 3/3 step 121/300
[worker 1] task 1/1 id=0 episode 2/3 step 116/300
[worker 0] task 1/1 id=0 episode 1/3 step 124/300
[worker 1] task 1/1 id=0 episode 2/3 step 117/300
PROFILE {"session": "libero-074cadf3", "worker": 2, "client": {"visual_record_s": 0.004999114666134119, "env_s": 0.406985642388463, "env_steps": 10.0, "observation_s": 0.004096960183233023, "request_build_s": 7.942458614706993e-05, "request_roundtrip_s": 0.08889727713540196}, "transport": {"connect_s": 0.0021108449436724186, "encode_s": 0.0004304111935198307, "send_s": 0.0007353136315941811, "wait_response_s": 0.08423456130549312, "close_s": 0.0007704677991569042, "decode_s": 5.605490878224373e-05, "request_bytes": 393748}, "server": {}}
[worker 0] task 1/1 id=0 episode 1/3 step 125/300
[worker 1] task 1/1 id=0 episode 2/3 step 118/300
[worker 2] task 1/1 id=0 episode 3/3 step 122/300
[worker 0] task 1/1 id=0 episode 1/3 step 126/300
[worker 1] task 1/1 id=0 episode 2/3 step 119/300
[worker 2] task 1/1 id=0 episode 3/3 step 123/300
[worker 0] task 1/1 id=0 episode 1/3 step 127/300
[worker 1] task 1/1 id=0 episode 2/3 step 120/300
[worker 0] task 1/1 id=0 episode 1/3 step 128/300
[worker 2] task 1/1 id=0 episode 3/3 step 124/300
[worker 1] task 1/1 id=0 episode 2/3 step 121/300
[worker 0] task 1/1 id=0 episode 1/3 step 129/300
[worker 2] task 1/1 id=0 episode 3/3 step 125/300
[worker 0] task 1/1 id=0 episode 1/3 step 130/300
[worker 2] task 1/1 id=0 episode 3/3 step 126/300
PROFILE {"session": "libero-d5272899", "worker": 1, "client": {"visual_record_s": 0.007455349899828434, "env_s": 0.4246162734925747, "env_steps": 10.0, "observation_s": 0.003792612813413143, "request_build_s": 0.00010710442438721657, "request_roundtrip_s": 0.09561630198732018}, "transport": {"connect_s": 0.0018824082799255848, "encode_s": 0.00039116479456424713, "send_s": 0.00037682894617319107, "wait_response_s": 0.09128887811675668, "close_s": 0.0010053282603621483, "decode_s": 7.7761709690094e-05, "request_bytes": 393748}, "server": {}}
[worker 0] task 1/1 id=0 episode 1/3 step 131/300
[worker 2] task 1/1 id=0 episode 3/3 step 127/300
[worker 1] task 1/1 id=0 episode 2/3 step 122/300
[worker 2] task 1/1 id=0 episode 3/3 step 128/300
[worker 2] task 1/1 id=0 episode 3/3 step 129/300
PROFILE {"session": "libero-288700b7", "worker": 0, "client": {"visual_record_s": 0.006336828228086233, "env_s": 0.45232858834788203, "env_steps": 10.0, "observation_s": 0.004167773295193911, "request_build_s": 0.0005545108579099178, "request_roundtrip_s": 0.09825633279979229}, "transport": {"connect_s": 0.0017671408131718636, "encode_s": 0.00037484336644411087, "send_s": 0.00070980004966259, "wait_response_s": 0.09409926366060972, "close_s": 0.0006941528990864754, "decode_s": 4.74010594189167e-05, "request_bytes": 393748}, "server": {}}
[worker 1] task 1/1 id=0 episode 2/3 step 123/300
[worker 2] task 1/1 id=0 episode 3/3 step 130/300
[worker 0] task 1/1 id=0 episode 1/3 step 132/300
[worker 1] task 1/1 id=0 episode 2/3 step 124/300
[worker 2] task 1/1 id=0 episode 3/3 step 131/300
[worker 0] task 1/1 id=0 episode 1/3 step 133/300
[worker 1] task 1/1 id=0 episode 2/3 step 125/300
[worker 0] task 1/1 id=0 episode 1/3 step 134/300
[worker 1] task 1/1 id=0 episode 2/3 step 126/300
[worker 0] task 1/1 id=0 episode 1/3 step 135/300
PROFILE {"session": "libero-074cadf3", "worker": 2, "client": {"visual_record_s": 0.0041687400080263615, "env_s": 0.4249592046253383, "env_steps": 10.0, "observation_s": 0.005287476349622011, "request_build_s": 5.346816033124924e-05, "request_roundtrip_s": 0.09543818607926369}, "transport": {"connect_s": 0.002281797118484974, "encode_s": 0.0003868718631565571, "send_s": 0.0003728880546987057, "wait_response_s": 0.09121741401031613, "close_s": 0.0007208208553493023, "decode_s": 6.005028262734413e-05, "request_bytes": 393748}, "server": {}}
[worker 1] task 1/1 id=0 episode 2/3 step 127/300
[worker 0] task 1/1 id=0 episode 1/3 step 136/300
[worker 1] task 1/1 id=0 episode 2/3 step 128/300
[worker 2] task 1/1 id=0 episode 3/3 step 132/300
[worker 0] task 1/1 id=0 episode 1/3 step 137/300
[worker 1] task 1/1 id=0 episode 2/3 step 129/300
[worker 0] task 1/1 id=0 episode 1/3 step 138/300
[worker 2] task 1/1 id=0 episode 3/3 step 133/300
[worker 1] task 1/1 id=0 episode 2/3 step 130/300
[worker 0] task 1/1 id=0 episode 1/3 step 139/300
[worker 2] task 1/1 id=0 episode 3/3 step 134/300
[worker 1] task 1/1 id=0 episode 2/3 step 131/300
[worker 0] task 1/1 id=0 episode 1/3 step 140/300
[worker 2] task 1/1 id=0 episode 3/3 step 135/300
[worker 0] task 1/1 id=0 episode 1/3 step 141/300
[worker 2] task 1/1 id=0 episode 3/3 step 136/300
PROFILE {"session": "libero-d5272899", "worker": 1, "client": {"visual_record_s": 0.004927422385662794, "env_s": 0.4683646932244301, "env_steps": 10.0, "observation_s": 0.007938209921121597, "request_build_s": 7.986603304743767e-05, "request_roundtrip_s": 0.10062198806554079}, "transport": {"connect_s": 0.0018827621825039387, "encode_s": 0.0005171727389097214, "send_s": 0.0005131661891937256, "wait_response_s": 0.09664064412936568, "close_s": 0.0005168556235730648, "decode_s": 6.381142884492874e-05, "request_bytes": 393748}, "server": {}}
[worker 2] task 1/1 id=0 episode 3/3 step 137/300
[worker 2] task 1/1 id=0 episode 3/3 step 138/300
[worker 1] task 1/1 id=0 episode 2/3 step 132/300
[worker 2] task 1/1 id=0 episode 3/3 step 139/300
PROFILE {"session": "libero-288700b7", "worker": 0, "client": {"visual_record_s": 0.004837607033550739, "env_s": 0.41980526270344853, "env_steps": 10.0, "observation_s": 0.004481078591197729, "request_build_s": 5.985097959637642e-05, "request_roundtrip_s": 0.13167904689908028}, "transport": {"connect_s": 0.0015362887643277645, "encode_s": 0.00037604011595249176, "send_s": 0.0005127722397446632, "wait_response_s": 0.12698674062266946, "close_s": 0.0008721812628209591, "decode_s": 8.995085954666138e-05, "request_bytes": 393748}, "server": {}}
[worker 1] task 1/1 id=0 episode 2/3 step 133/300
[worker 2] task 1/1 id=0 episode 3/3 step 140/300
[worker 1] task 1/1 id=0 episode 2/3 step 134/300
[worker 2] task 1/1 id=0 episode 3/3 step 141/300
[worker 0] task 1/1 id=0 episode 1/3 step 142/300
[worker 1] task 1/1 id=0 episode 2/3 step 135/300
[worker 0] task 1/1 id=0 episode 1/3 step 143/300
[worker 1] task 1/1 id=0 episode 2/3 step 136/300
PROFILE {"session": "libero-074cadf3", "worker": 2, "client": {"visual_record_s": 0.004684855695813894, "env_s": 0.4457045351155102, "env_steps": 10.0, "observation_s": 0.007256998680531979, "request_build_s": 5.440693348646164e-05, "request_roundtrip_s": 0.09182783495634794}, "transport": {"connect_s": 0.0015813596546649933, "encode_s": 0.0003335890360176563, "send_s": 0.00039686495438218117, "wait_response_s": 0.08696633204817772, "close_s": 0.001075955107808113, "decode_s": 0.00016336515545845032, "request_bytes": 393748}, "server": {}}
[worker 0] task 1/1 id=0 episode 1/3 step 144/300
[worker 1] task 1/1 id=0 episode 2/3 step 137/300
[worker 2] task 1/1 id=0 episode 3/3 step 142/300
[worker 0] task 1/1 id=0 episode 1/3 step 145/300
[worker 1] task 1/1 id=0 episode 2/3 step 138/300
[worker 2] task 1/1 id=0 episode 3/3 step 143/300
[worker 0] task 1/1 id=0 episode 1/3 step 146/300
[worker 1] task 1/1 id=0 episode 2/3 step 139/300
[worker 2] task 1/1 id=0 episode 3/3 step 144/300
[worker 0] task 1/1 id=0 episode 1/3 step 147/300
[worker 1] task 1/1 id=0 episode 2/3 step 140/300
[worker 2] task 1/1 id=0 episode 3/3 step 145/300
[worker 0] task 1/1 id=0 episode 1/3 step 148/300
[worker 1] task 1/1 id=0 episode 2/3 step 141/300
[worker 2] task 1/1 id=0 episode 3/3 step 146/300
[worker 0] task 1/1 id=0 episode 1/3 step 149/300
[worker 2] task 1/1 id=0 episode 3/3 step 147/300
[worker 0] task 1/1 id=0 episode 1/3 step 150/300
[worker 2] task 1/1 id=0 episode 3/3 step 148/300
[worker 0] task 1/1 id=0 episode 1/3 step 151/300
PROFILE {"session": "libero-d5272899", "worker": 1, "client": {"visual_record_s": 0.006042227614670992, "env_s": 0.517033863812685, "env_steps": 10.0, "observation_s": 0.008001494687050581, "request_build_s": 7.562804967164993e-05, "request_roundtrip_s": 0.1061190483160317}, "transport": {"connect_s": 0.0018661138601601124, "encode_s": 0.00047494610771536827, "send_s": 0.0005231327377259731, "wait_response_s": 0.10021268110722303, "close_s": 0.0017551612108945847, "decode_s": 0.00011680973693728447, "request_bytes": 393748}, "server": {}}
[worker 2] task 1/1 id=0 episode 3/3 step 149/300
[worker 2] task 1/1 id=0 episode 3/3 step 150/300
[worker 1] task 1/1 id=0 episode 2/3 step 142/300
PROFILE {"session": "libero-288700b7", "worker": 0, "client": {"visual_record_s": 0.003357600886374712, "env_s": 0.5377110852859914, "env_steps": 10.0, "observation_s": 0.00784545298665762, "request_build_s": 0.00029537640511989594, "request_roundtrip_s": 0.10341574996709824}, "transport": {"connect_s": 0.0017110062763094902, "encode_s": 0.0004016808234155178, "send_s": 0.000472846906632185, "wait_response_s": 0.09981431905180216, "close_s": 0.0005852621980011463, "decode_s": 5.3904950618743896e-05, "request_bytes": 393748}, "server": {}}
[worker 2] task 1/1 id=0 episode 3/3 step 151/300
[worker 1] task 1/1 id=0 episode 2/3 step 143/300
[worker 0] task 1/1 id=0 episode 1/3 step 152/300
[worker 1] task 1/1 id=0 episode 2/3 step 144/300
[worker 0] task 1/1 id=0 episode 1/3 step 153/300
PROFILE {"session": "libero-074cadf3", "worker": 2, "client": {"visual_record_s": 0.005890334956347942, "env_s": 0.48451157566159964, "env_steps": 10.0, "observation_s": 0.005799786187708378, "request_build_s": 7.474515587091446e-05, "request_roundtrip_s": 0.09291715081781149}, "transport": {"connect_s": 0.001539489720016718, "encode_s": 0.0003166431561112404, "send_s": 0.0004990617744624615, "wait_response_s": 0.08894362021237612, "close_s": 0.0008927858434617519, "decode_s": 6.857700645923615e-05, "request_bytes": 393748}, "server": {}}
[worker 1] task 1/1 id=0 episode 2/3 step 145/300
[worker 0] task 1/1 id=0 episode 1/3 step 154/300
[worker 2] task 1/1 id=0 episode 3/3 step 152/300
[worker 1] task 1/1 id=0 episode 2/3 step 146/300
[worker 0] task 1/1 id=0 episode 1/3 step 155/300
[worker 2] task 1/1 id=0 episode 3/3 step 153/300
[worker 1] task 1/1 id=0 episode 2/3 step 147/300
[worker 0] task 1/1 id=0 episode 1/3 step 156/300
[worker 2] task 1/1 id=0 episode 3/3 step 154/300
[worker 1] task 1/1 id=0 episode 2/3 step 148/300
[worker 0] task 1/1 id=0 episode 1/3 step 157/300
[worker 2] task 1/1 id=0 episode 3/3 step 155/300
[worker 1] task 1/1 id=0 episode 2/3 step 149/300
[worker 0] task 1/1 id=0 episode 1/3 step 158/300
[worker 2] task 1/1 id=0 episode 3/3 step 156/300
[worker 1] task 1/1 id=0 episode 2/3 step 150/300
[worker 0] task 1/1 id=0 episode 1/3 step 159/300
[worker 2] task 1/1 id=0 episode 3/3 step 157/300
[worker 1] task 1/1 id=0 episode 2/3 step 151/300
[worker 2] task 1/1 id=0 episode 3/3 step 158/300
[worker 0] task 1/1 id=0 episode 1/3 step 160/300
[worker 2] task 1/1 id=0 episode 3/3 step 159/300
[worker 0] task 1/1 id=0 episode 1/3 step 161/300
[worker 2] task 1/1 id=0 episode 3/3 step 160/300
PROFILE {"session": "libero-d5272899", "worker": 1, "client": {"visual_record_s": 0.006039795931428671, "env_s": 0.5621772594749928, "env_steps": 10.0, "observation_s": 0.005029529798775911, "request_build_s": 5.829008296132088e-05, "request_roundtrip_s": 0.09532291302457452}, "transport": {"connect_s": 0.001215682365000248, "encode_s": 0.00038761086761951447, "send_s": 0.0003848737105727196, "wait_response_s": 0.09245053539052606, "close_s": 0.00048586586490273476, "decode_s": 5.473382771015167e-05, "request_bytes": 393748}, "server": {}}
[worker 2] task 1/1 id=0 episode 3/3 step 161/300
[worker 1] task 1/1 id=0 episode 2/3 step 152/300
[worker 1] task 1/1 id=0 episode 2/3 step 153/300
PROFILE {"session": "libero-288700b7", "worker": 0, "client": {"visual_record_s": 0.007080191280692816, "env_s": 0.5074624912813306, "env_steps": 10.0, "observation_s": 0.008216671645641327, "request_build_s": 0.00015215110033750534, "request_roundtrip_s": 0.1305885841138661}, "transport": {"connect_s": 0.00107852416113019, "encode_s": 0.0004390152171254158, "send_s": 0.0007347157225012779, "wait_response_s": 0.12685931287705898, "close_s": 0.0009072134271264076, "decode_s": 6.413878872990608e-05, "request_bytes": 393748}, "server": {}}
[worker 1] task 1/1 id=0 episode 2/3 step 154/300
[worker 1] task 1/1 id=0 episode 2/3 step 155/300
[worker 0] task 1/1 id=0 episode 1/3 step 162/300
[worker 1] task 1/1 id=0 episode 2/3 step 156/300
PROFILE {"session": "libero-074cadf3", "worker": 2, "client": {"visual_record_s": 0.006062772125005722, "env_s": 0.4551605046726763, "env_steps": 10.0, "observation_s": 0.007524897810071707, "request_build_s": 4.765531048178673e-05, "request_roundtrip_s": 0.1750328210182488}, "transport": {"connect_s": 0.0014073490165174007, "encode_s": 0.0002952008508145809, "send_s": 0.00037814490497112274, "wait_response_s": 0.1703060599975288, "close_s": 0.0020996443927288055, "decode_s": 6.495090201497078e-05, "request_bytes": 393748}, "server": {}}
[worker 1] task 1/1 id=0 episode 2/3 step 157/300
[worker 0] task 1/1 id=0 episode 1/3 step 163/300
[worker 2] task 1/1 id=0 episode 3/3 step 162/300
[worker 1] task 1/1 id=0 episode 2/3 step 158/300
[worker 0] task 1/1 id=0 episode 1/3 step 164/300
[worker 2] task 1/1 id=0 episode 3/3 step 163/300
[worker 1] task 1/1 id=0 episode 2/3 step 159/300
[worker 0] task 1/1 id=0 episode 1/3 step 165/300
[worker 2] task 1/1 id=0 episode 3/3 step 164/300
[worker 1] task 1/1 id=0 episode 2/3 step 160/300
[worker 0] task 1/1 id=0 episode 1/3 step 166/300
[worker 2] task 1/1 id=0 episode 3/3 step 165/300
PROFILE {"session": "libero-288700b7", "worker": 0, "client": {"visual_record_s": 0.0036589442752301693, "env_s": 0.2577097020111978, "env_steps": 5.0, "observation_s": 0.0036314991302788258, "request_build_s": 0.0005633807741105556, "request_roundtrip_s": 0.0074585541151463985}, "transport": {"connect_s": 0.002420295961201191, "encode_s": 0.00020423997193574905, "send_s": 0.0005318243056535721, "wait_response_s": 0.003048868849873543, "close_s": 0.0006698579527437687, "decode_s": 4.5425258576869965e-05, "request_bytes": 393778}, "server": {}}
[worker 1] task 1/1 id=0 episode 2/3 step 161/300
[worker 2] task 1/1 id=0 episode 3/3 step 166/300
[worker 0] task 1/1 id=0 episode 1/3 step 167/300
[worker 2] task 1/1 id=0 episode 3/3 step 167/300
[worker 0] task 1/1 id=0 episode 1/3 step 168/300
PROFILE {"session": "libero-d5272899", "worker": 1, "client": {"visual_record_s": 0.00437617301940918, "env_s": 0.36836922029033303, "env_steps": 10.0, "observation_s": 0.006412123795598745, "request_build_s": 8.942419663071632e-05, "request_roundtrip_s": 0.09050956694409251}, "transport": {"connect_s": 0.0018833829089999199, "encode_s": 0.00044236984103918076, "send_s": 0.0005364282988011837, "wait_response_s": 0.08481107093393803, "close_s": 0.0017328090034425259, "decode_s": 8.113402873277664e-05, "request_bytes": 393748}, "server": {}}
[worker 2] task 1/1 id=0 episode 3/3 step 168/300
[worker 0] task 1/1 id=0 episode 1/3 step 169/300
[worker 2] task 1/1 id=0 episode 3/3 step 169/300
[worker 0] task 1/1 id=0 episode 1/3 step 170/300
[worker 1] task 1/1 id=0 episode 2/3 step 162/300
[worker 0] task 1/1 id=0 episode 1/3 step 171/300
[worker 2] task 1/1 id=0 episode 3/3 step 170/300
[worker 1] task 1/1 id=0 episode 2/3 step 163/300
[worker 0] task 1/1 id=0 episode 1/3 step 172/300
[worker 2] task 1/1 id=0 episode 3/3 step 171/300
[worker 0] task 1/1 id=0 episode 1/3 step 173/300
[worker 1] task 1/1 id=0 episode 2/3 step 164/300
[worker 0] task 1/1 id=0 episode 1/3 step 174/300
[worker 1] task 1/1 id=0 episode 2/3 step 165/300
PROFILE {"session": "libero-074cadf3", "worker": 2, "client": {"visual_record_s": 0.007155770901590586, "env_s": 0.45624831039458513, "env_steps": 10.0, "observation_s": 0.007789750583469868, "request_build_s": 0.00028493208810687065, "request_roundtrip_s": 0.0955793741159141}, "transport": {"connect_s": 0.0022058840841054916, "encode_s": 0.0005241483449935913, "send_s": 0.0006641736254096031, "wait_response_s": 0.08970747236162424, "close_s": 0.0007065916433930397, "decode_s": 8.407235145568848e-05, "request_bytes": 393748}, "server": {}}
[worker 0] task 1/1 id=0 episode 1/3 step 175/300
[worker 1] task 1/1 id=0 episode 2/3 step 166/300
[worker 0] task 1/1 id=0 episode 1/3 step 176/300
[worker 2] task 1/1 id=0 episode 3/3 step 172/300
[worker 0] task 1/1 id=0 episode 1/3 step 177/300
[worker 1] task 1/1 id=0 episode 2/3 step 167/300
[worker 2] task 1/1 id=0 episode 3/3 step 173/300
[worker 0] task 1/1 id=0 episode 1/3 step 178/300
[worker 1] task 1/1 id=0 episode 2/3 step 168/300
[worker 2] task 1/1 id=0 episode 3/3 step 174/300
[worker 0] task 1/1 id=0 episode 1/3 step 179/300
[worker 1] task 1/1 id=0 episode 2/3 step 169/300
[worker 2] task 1/1 id=0 episode 3/3 step 175/300
[worker 0] task 1/1 id=0 episode 1/3 step 180/300
[worker 1] task 1/1 id=0 episode 2/3 step 170/300
[worker 2] task 1/1 id=0 episode 3/3 step 176/300
[worker 0] task 1/1 id=0 episode 1/3 step 181/300
[worker 1] task 1/1 id=0 episode 2/3 step 171/300
[worker 2] task 1/1 id=0 episode 3/3 step 177/300
[worker 0] task 1/1 id=0 episode 1/3 step 182/300
[worker 2] task 1/1 id=0 episode 3/3 step 178/300
[worker 0] task 1/1 id=0 episode 1/3 step 183/300
PROFILE {"session": "libero-d5272899", "worker": 1, "client": {"visual_record_s": 0.010116253513842821, "env_s": 0.6462948848493397, "env_steps": 10.0, "observation_s": 0.011048080399632454, "request_build_s": 0.000508531928062439, "request_roundtrip_s": 0.09508810704573989}, "transport": {"connect_s": 0.003033104818314314, "encode_s": 0.0005860649980604649, "send_s": 0.000889080110937357, "wait_response_s": 0.08827954297885299, "close_s": 0.0014470969326794147, "decode_s": 0.00011446699500083923, "request_bytes": 393748}, "server": {}}
[worker 2] task 1/1 id=0 episode 3/3 step 179/300
[worker 0] task 1/1 id=0 episode 1/3 step 184/300
[worker 1] task 1/1 id=0 episode 2/3 step 172/300
[worker 2] task 1/1 id=0 episode 3/3 step 180/300
[worker 0] task 1/1 id=0 episode 1/3 step 185/300
[worker 0] task 1/1 id=0 episode 1/3 step 186/300
[worker 2] task 1/1 id=0 episode 3/3 step 181/300
[worker 1] task 1/1 id=0 episode 2/3 step 173/300
PROFILE {"session": "libero-288700b7", "worker": 0, "client": {"visual_record_s": 0.017200492788106203, "env_s": 0.9960353667847812, "env_steps": 20.0, "observation_s": 0.014659933745861053, "request_build_s": 0.00021544797345995903, "request_roundtrip_s": 0.09658944699913263}, "transport": {"connect_s": 0.0018841247074306011, "encode_s": 0.0007127751596271992, "send_s": 0.0005524777807295322, "wait_response_s": 0.09015949629247189, "close_s": 0.002095448784530163, "decode_s": 0.00019326293841004372, "request_bytes": 393748}, "server": {}}PROFILE {"session": "libero-074cadf3", "worker": 2, "client": {"visual_record_s": 0.00732085295021534, "env_s": 0.6378353284671903, "env_steps": 10.0, "observation_s": 0.013136045541614294, "request_build_s": 0.00016128411516547203, "request_roundtrip_s": 0.0843791188672185}, "transport": {"connect_s": 0.0016219490207731724, "encode_s": 0.0004916726611554623, "send_s": 0.0009038629941642284, "wait_response_s": 0.07843651110306382, "close_s": 0.0011801528744399548, "decode_s": 0.0001233452931046486, "request_bytes": 393778}, "server": {}}

PROFILE {"session": "libero-d5272899", "worker": 1, "client": {"visual_record_s": 0.0022529526613652706, "env_s": 0.16417879424989223, "env_steps": 2.0, "observation_s": 0.0024203862994909286, "request_build_s": 0.0005911099724471569, "request_roundtrip_s": 0.08483235724270344}, "transport": {"connect_s": 0.004430443048477173, "encode_s": 0.0002608438953757286, "send_s": 0.000406055711209774, "wait_response_s": 0.07581463921815157, "close_s": 0.0030648428946733475, "decode_s": 0.00011109607294201851, "request_bytes": 393778}, "server": {}}
[worker 0] task 1/1 id=0 episode 1/3 step 187/300
[worker 1] task 1/1 id=0 episode 2/3 step 174/300
[worker 2] task 1/1 id=0 episode 3/3 step 182/300
[worker 0] task 1/1 id=0 episode 1/3 step 188/300
[worker 2] task 1/1 id=0 episode 3/3 step 183/300
[worker 1] task 1/1 id=0 episode 2/3 step 175/300
[worker 0] task 1/1 id=0 episode 1/3 step 189/300
[worker 2] task 1/1 id=0 episode 3/3 step 184/300
[worker 1] task 1/1 id=0 episode 2/3 step 176/300
[worker 0] task 1/1 id=0 episode 1/3 step 190/300
[worker 1] task 1/1 id=0 episode 2/3 step 177/300
[worker 2] task 1/1 id=0 episode 3/3 step 185/300
[worker 0] task 1/1 id=0 episode 1/3 step 191/300
[worker 1] task 1/1 id=0 episode 2/3 step 178/300
[worker 2] task 1/1 id=0 episode 3/3 step 186/300
[worker 0] task 1/1 id=0 episode 1/3 step 192/300
[worker 1] task 1/1 id=0 episode 2/3 step 179/300
[worker 2] task 1/1 id=0 episode 3/3 step 187/300
[worker 0] task 1/1 id=0 episode 1/3 step 193/300
[worker 1] task 1/1 id=0 episode 2/3 step 180/300
[worker 2] task 1/1 id=0 episode 3/3 step 188/300
[worker 0] task 1/1 id=0 episode 1/3 step 194/300
[worker 1] task 1/1 id=0 episode 2/3 step 181/300
[worker 2] task 1/1 id=0 episode 3/3 step 189/300
[worker 0] task 1/1 id=0 episode 1/3 step 195/300
[worker 1] task 1/1 id=0 episode 2/3 step 182/300
[worker 2] task 1/1 id=0 episode 3/3 step 190/300
[worker 0] task 1/1 id=0 episode 1/3 step 196/300
[worker 1] task 1/1 id=0 episode 2/3 step 183/300
[worker 2] task 1/1 id=0 episode 3/3 step 191/300
[worker 1] task 1/1 id=0 episode 2/3 step 184/300
[worker 2] task 1/1 id=0 episode 3/3 step 192/300
PROFILE {"session": "libero-288700b7", "worker": 0, "client": {"visual_record_s": 0.014876642264425755, "env_s": 1.176882612053305, "env_steps": 10.0, "observation_s": 0.02033985173329711, "request_build_s": 0.0006211567670106888, "request_roundtrip_s": 0.1146369050256908}, "transport": {"connect_s": 0.0029939739033579826, "encode_s": 0.00036156270653009415, "send_s": 0.001292504370212555, "wait_response_s": 0.10639886697754264, "close_s": 0.0015605399385094643, "decode_s": 0.00018893089145421982, "request_bytes": 393748}, "server": {}}
[worker 1] task 1/1 id=0 episode 2/3 step 185/300
[worker 2] task 1/1 id=0 episode 3/3 step 193/300
[worker 0] task 1/1 id=0 episode 1/3 step 197/300
[worker 1] task 1/1 id=0 episode 2/3 step 186/300
[worker 2] task 1/1 id=0 episode 3/3 step 194/300
[worker 0] task 1/1 id=0 episode 1/3 step 198/300
[worker 1] task 1/1 id=0 episode 2/3 step 187/300
[worker 2] task 1/1 id=0 episode 3/3 step 195/300
[worker 0] task 1/1 id=0 episode 1/3 step 199/300
[worker 1] task 1/1 id=0 episode 2/3 step 188/300
[worker 2] task 1/1 id=0 episode 3/3 step 196/300
[worker 0] task 1/1 id=0 episode 1/3 step 200/300
[worker 1] task 1/1 id=0 episode 2/3 step 189/300
[worker 2] task 1/1 id=0 episode 3/3 step 197/300
[worker 0] task 1/1 id=0 episode 1/3 step 201/300
[worker 1] task 1/1 id=0 episode 2/3 step 190/300
[worker 2] task 1/1 id=0 episode 3/3 step 198/300
[worker 0] task 1/1 id=0 episode 1/3 step 202/300
[worker 1] task 1/1 id=0 episode 2/3 step 191/300
[worker 2] task 1/1 id=0 episode 3/3 step 199/300
[worker 0] task 1/1 id=0 episode 1/3 step 203/300
[worker 1] task 1/1 id=0 episode 2/3 step 192/300
[worker 2] task 1/1 id=0 episode 3/3 step 200/300
[worker 0] task 1/1 id=0 episode 1/3 step 204/300
[worker 1] task 1/1 id=0 episode 2/3 step 193/300
[worker 2] task 1/1 id=0 episode 3/3 step 201/300
[worker 0] task 1/1 id=0 episode 1/3 step 205/300
[worker 0] task 1/1 id=0 episode 1/3 step 206/300
PROFILE {"session": "libero-d5272899", "worker": 1, "client": {"visual_record_s": 0.03302317066118121, "env_s": 2.144853732548654, "env_steps": 20.0, "observation_s": 0.04235265729948878, "request_build_s": 0.0001659989356994629, "request_roundtrip_s": 0.10178619576618075}, "transport": {"connect_s": 0.0031812870875000954, "encode_s": 0.0011352812871336937, "send_s": 0.0010275058448314667, "wait_response_s": 0.09144162014126778, "close_s": 0.0040712738409638405, "decode_s": 0.00016518309712409973, "request_bytes": 393748}, "server": {}}
[worker 1] task 1/1 id=0 episode 2/3 step 194/300
PROFILE {"session": "libero-074cadf3", "worker": 2, "client": {"visual_record_s": 0.034303875640034676, "env_s": 2.184752533212304, "env_steps": 20.0, "observation_s": 0.038705918937921524, "request_build_s": 0.00015911879017949104, "request_roundtrip_s": 0.16546551417559385}, "transport": {"connect_s": 0.002980859950184822, "encode_s": 0.0009404299780726433, "send_s": 0.0009563430212438107, "wait_response_s": 0.15781499492004514, "close_s": 0.0017267041839659214, "decode_s": 0.00015053711831569672, "request_bytes": 393748}, "server": {}}[worker 1] task 1/1 id=0 episode 2/3 step 195/300

[worker 1] task 1/1 id=0 episode 2/3 step 196/300
[worker 1] task 1/1 id=0 episode 2/3 step 197/300
PROFILE {"session": "libero-288700b7", "worker": 0, "client": {"visual_record_s": 0.013633626978844404, "env_s": 0.9553703279234469, "env_steps": 10.0, "observation_s": 0.016853119246661663, "request_build_s": 8.434895426034927e-05, "request_roundtrip_s": 0.195758115965873}, "transport": {"connect_s": 0.0018585766665637493, "encode_s": 0.0005029910244047642, "send_s": 0.0006580320186913013, "wait_response_s": 0.18710523005574942, "close_s": 0.0044382838532328606, "decode_s": 0.00018664123490452766, "request_bytes": 393748}, "server": {}}
[worker 2] task 1/1 id=0 episode 3/3 step 202/300
[worker 1] task 1/1 id=0 episode 2/3 step 198/300
[worker 0] task 1/1 id=0 episode 1/3 step 207/300
[worker 2] task 1/1 id=0 episode 3/3 step 203/300
[worker 1] task 1/1 id=0 episode 2/3 step 199/300
[worker 0] task 1/1 id=0 episode 1/3 step 208/300
[worker 2] task 1/1 id=0 episode 3/3 step 204/300
[worker 1] task 1/1 id=0 episode 2/3 step 200/300
[worker 0] task 1/1 id=0 episode 1/3 step 209/300
[worker 2] task 1/1 id=0 episode 3/3 step 205/300
[worker 1] task 1/1 id=0 episode 2/3 step 201/300
[worker 0] task 1/1 id=0 episode 1/3 step 210/300
[worker 2] task 1/1 id=0 episode 3/3 step 206/300
[worker 1] task 1/1 id=0 episode 2/3 step 202/300
[worker 0] task 1/1 id=0 episode 1/3 step 211/300
[worker 2] task 1/1 id=0 episode 3/3 step 207/300
[worker 1] task 1/1 id=0 episode 2/3 step 203/300
[worker 0] task 1/1 id=0 episode 1/3 step 212/300
[worker 2] task 1/1 id=0 episode 3/3 step 208/300
PROFILE {"session": "libero-d5272899", "worker": 1, "client": {"visual_record_s": 0.012160652782768011, "env_s": 0.769593941513449, "env_steps": 10.0, "observation_s": 0.014195299707353115, "request_build_s": 0.00016221404075622559, "request_roundtrip_s": 0.09265772299841046}, "transport": {"connect_s": 0.003186319023370743, "encode_s": 0.00037008384242653847, "send_s": 0.0005569383502006531, "wait_response_s": 0.08644563984125853, "close_s": 0.0009627528488636017, "decode_s": 0.00014697527512907982, "request_bytes": 393748}, "server": {}}
[worker 0] task 1/1 id=0 episode 1/3 step 213/300
[worker 2] task 1/1 id=0 episode 3/3 step 209/300
[worker 1] task 1/1 id=0 episode 2/3 step 204/300
[worker 0] task 1/1 id=0 episode 1/3 step 214/300
[worker 2] task 1/1 id=0 episode 3/3 step 210/300
[worker 1] task 1/1 id=0 episode 2/3 step 205/300
[worker 0] task 1/1 id=0 episode 1/3 step 215/300
[worker 2] task 1/1 id=0 episode 3/3 step 211/300
[worker 1] task 1/1 id=0 episode 2/3 step 206/300
[worker 0] task 1/1 id=0 episode 1/3 step 216/300
[worker 1] task 1/1 id=0 episode 2/3 step 207/300
PROFILE {"session": "libero-074cadf3", "worker": 2, "client": {"visual_record_s": 0.011950920801609755, "env_s": 1.1067903307266533, "env_steps": 10.0, "observation_s": 0.02254620287567377, "request_build_s": 0.00015329988673329353, "request_roundtrip_s": 0.10232349298894405}, "transport": {"connect_s": 0.006439510732889175, "encode_s": 0.00036711106076836586, "send_s": 0.0005962532013654709, "wait_response_s": 0.09128079004585743, "close_s": 0.0013883290812373161, "decode_s": 0.00014334265142679214, "request_bytes": 393748}, "server": {}}
[worker 1] task 1/1 id=0 episode 2/3 step 208/300
[worker 2] task 1/1 id=0 episode 3/3 step 212/300
PROFILE {"session": "libero-288700b7", "worker": 0, "client": {"visual_record_s": 0.02150349924340844, "env_s": 1.0824830252677202, "env_steps": 10.0, "observation_s": 0.01616195123642683, "request_build_s": 0.00015889666974544525, "request_roundtrip_s": 0.12724765297025442}, "transport": {"connect_s": 0.002306510228663683, "encode_s": 0.0009340238757431507, "send_s": 0.0009018587879836559, "wait_response_s": 0.11716986214742064, "close_s": 0.0009124930948019028, "decode_s": 0.00016682175919413567, "request_bytes": 393748}, "server": {}}
[worker 1] task 1/1 id=0 episode 2/3 step 209/300
[worker 1] task 1/1 id=0 episode 2/3 step 210/300
[worker 0] task 1/1 id=0 episode 1/3 step 217/300
[worker 2] task 1/1 id=0 episode 3/3 step 213/300
[worker 1] task 1/1 id=0 episode 2/3 step 211/300
[worker 0] task 1/1 id=0 episode 1/3 step 218/300
[worker 2] task 1/1 id=0 episode 3/3 step 214/300
[worker 1] task 1/1 id=0 episode 2/3 step 212/300
[worker 0] task 1/1 id=0 episode 1/3 step 219/300
[worker 2] task 1/1 id=0 episode 3/3 step 215/300
[worker 1] task 1/1 id=0 episode 2/3 step 213/300
[worker 0] task 1/1 id=0 episode 1/3 step 220/300
[worker 2] task 1/1 id=0 episode 3/3 step 216/300
PROFILE {"session": "libero-d5272899", "worker": 1, "client": {"visual_record_s": 0.016448757145553827, "env_s": 0.9509302917867899, "env_steps": 10.0, "observation_s": 0.013992076274007559, "request_build_s": 0.0001674010418355465, "request_roundtrip_s": 0.10476605594158173}, "transport": {"connect_s": 0.003583175130188465, "encode_s": 0.0008704238571226597, "send_s": 0.0033578849397599697, "wait_response_s": 0.09415492694824934, "close_s": 0.0016925418749451637, "decode_s": 0.0001483103260397911, "request_bytes": 393748}, "server": {}}
[worker 0] task 1/1 id=0 episode 1/3 step 221/300
[worker 2] task 1/1 id=0 episode 3/3 step 217/300
[worker 1] task 1/1 id=0 episode 2/3 step 214/300
[worker 0] task 1/1 id=0 episode 1/3 step 222/300
[worker 2] task 1/1 id=0 episode 3/3 step 218/300
[worker 1] task 1/1 id=0 episode 2/3 step 215/300
[worker 0] task 1/1 id=0 episode 1/3 step 223/300
[worker 2] task 1/1 id=0 episode 3/3 step 219/300
[worker 1] task 1/1 id=0 episode 2/3 step 216/300
[worker 0] task 1/1 id=0 episode 1/3 step 224/300
[worker 2] task 1/1 id=0 episode 3/3 step 220/300
[worker 1] task 1/1 id=0 episode 2/3 step 217/300
[worker 0] task 1/1 id=0 episode 1/3 step 225/300
[worker 2] task 1/1 id=0 episode 3/3 step 221/300
[worker 1] task 1/1 id=0 episode 2/3 step 218/300
[worker 0] task 1/1 id=0 episode 1/3 step 226/300
[worker 1] task 1/1 id=0 episode 2/3 step 219/300
[worker 1] task 1/1 id=0 episode 2/3 step 220/300
PROFILE {"session": "libero-074cadf3", "worker": 2, "client": {"visual_record_s": 0.017626965884119272, "env_s": 1.2274984577670693, "env_steps": 10.0, "observation_s": 0.022821709513664246, "request_build_s": 0.0002745967358350754, "request_roundtrip_s": 0.10358973825350404}, "transport": {"connect_s": 0.00366227887570858, "encode_s": 0.0010024961084127426, "send_s": 0.0010903426446020603, "wait_response_s": 0.09265192737802863, "close_s": 0.0010391278192400932, "decode_s": 0.00023961393162608147, "request_bytes": 393748}, "server": {}}
[worker 1] task 1/1 id=0 episode 2/3 step 221/300
[worker 2] task 1/1 id=0 episode 3/3 step 222/300
[worker 1] task 1/1 id=0 episode 2/3 step 222/300
PROFILE {"session": "libero-288700b7", "worker": 0, "client": {"visual_record_s": 0.016964325215667486, "env_s": 1.1613681898452342, "env_steps": 10.0, "observation_s": 0.018926607444882393, "request_build_s": 0.0001684008166193962, "request_roundtrip_s": 0.1737597482278943}, "transport": {"connect_s": 0.0024079657159745693, "encode_s": 0.0011573052033782005, "send_s": 0.000948677770793438, "wait_response_s": 0.16415339894592762, "close_s": 0.003933127038180828, "decode_s": 0.00017532333731651306, "request_bytes": 393748}, "server": {}}
[worker 1] task 1/1 id=0 episode 2/3 step 223/300
[worker 0] task 1/1 id=0 episode 1/3 step 227/300
[worker 2] task 1/1 id=0 episode 3/3 step 223/300
PROFILE {"session": "libero-d5272899", "worker": 1, "client": {"visual_record_s": 0.015532336197793484, "env_s": 0.8659712341614068, "env_steps": 10.0, "observation_s": 0.01781946374103427, "request_build_s": 0.00011350307613611221, "request_roundtrip_s": 0.10639443481341004}, "transport": {"connect_s": 0.0030028638429939747, "encode_s": 0.0007112869061529636, "send_s": 0.002539122011512518, "wait_response_s": 0.09746259404346347, "close_s": 0.0016784649342298508, "decode_s": 0.0001391218975186348, "request_bytes": 393748}, "server": {}}
[worker 0] task 1/1 id=0 episode 1/3 step 228/300
[worker 2] task 1/1 id=0 episode 3/3 step 224/300
[worker 1] task 1/1 id=0 episode 2/3 step 224/300
[worker 0] task 1/1 id=0 episode 1/3 step 229/300
[worker 2] task 1/1 id=0 episode 3/3 step 225/300
[worker 1] task 1/1 id=0 episode 2/3 step 225/300
[worker 0] task 1/1 id=0 episode 1/3 step 230/300
[worker 2] task 1/1 id=0 episode 3/3 step 226/300
[worker 1] task 1/1 id=0 episode 2/3 step 226/300
[worker 0] task 1/1 id=0 episode 1/3 step 231/300
[worker 2] task 1/1 id=0 episode 3/3 step 227/300
[worker 1] task 1/1 id=0 episode 2/3 step 227/300
[worker 0] task 1/1 id=0 episode 1/3 step 232/300
[worker 2] task 1/1 id=0 episode 3/3 step 228/300
[worker 1] task 1/1 id=0 episode 2/3 step 228/300
[worker 0] task 1/1 id=0 episode 1/3 step 233/300
[worker 2] task 1/1 id=0 episode 3/3 step 229/300
[worker 1] task 1/1 id=0 episode 2/3 step 229/300
[worker 0] task 1/1 id=0 episode 1/3 step 234/300
[worker 2] task 1/1 id=0 episode 3/3 step 230/300
[worker 1] task 1/1 id=0 episode 2/3 step 230/300
[worker 0] task 1/1 id=0 episode 1/3 step 235/300
[worker 2] task 1/1 id=0 episode 3/3 step 231/300
[worker 1] task 1/1 id=0 episode 2/3 step 231/300
[worker 0] task 1/1 id=0 episode 1/3 step 236/300
[worker 1] task 1/1 id=0 episode 2/3 step 232/300
PROFILE {"session": "libero-074cadf3", "worker": 2, "client": {"visual_record_s": 0.023045866284519434, "env_s": 1.194543540943414, "env_steps": 10.0, "observation_s": 0.020382223185151815, "request_build_s": 0.0009930431842803955, "request_roundtrip_s": 0.09649307699874043}, "transport": {"connect_s": 0.001972631085664034, "encode_s": 0.0004200930707156658, "send_s": 0.0007080109789967537, "wait_response_s": 0.09153146902099252, "close_s": 0.0007600309327244759, "decode_s": 8.173799142241478e-05, "request_bytes": 393748}, "server": {}}
[worker 1] task 1/1 id=0 episode 2/3 step 233/300
[worker 2] task 1/1 id=0 episode 3/3 step 232/300
[worker 2] task 1/1 id=0 episode 3/3 step 233/300
PROFILE {"session": "libero-288700b7", "worker": 0, "client": {"visual_record_s": 0.01523559633642435, "env_s": 1.1428602393716574, "env_steps": 10.0, "observation_s": 0.028473954182118177, "request_build_s": 8.49282369017601e-05, "request_roundtrip_s": 0.13926513073965907}, "transport": {"connect_s": 0.0016163932159543037, "encode_s": 0.000517744105309248, "send_s": 0.0005471948534250259, "wait_response_s": 0.1356867398135364, "close_s": 0.0003946111537516117, "decode_s": 5.2473973482847214e-05, "request_bytes": 393748}, "server": {}}
[worker 2] task 1/1 id=0 episode 3/3 step 234/300
[worker 0] task 1/1 id=0 episode 1/3 step 237/300
[worker 2] task 1/1 id=0 episode 3/3 step 235/300
PROFILE {"session": "libero-d5272899", "worker": 1, "client": {"visual_record_s": 0.01885151071473956, "env_s": 1.0330548058263958, "env_steps": 10.0, "observation_s": 0.021864149253815413, "request_build_s": 0.00013475120067596436, "request_roundtrip_s": 0.15592014882713556}, "transport": {"connect_s": 0.0019429456442594528, "encode_s": 0.000521589070558548, "send_s": 0.0005530640482902527, "wait_response_s": 0.15062959305942059, "close_s": 0.0016578738577663898, "decode_s": 0.00010861223563551903, "request_bytes": 393748}, "server": {}}
[worker 0] task 1/1 id=0 episode 1/3 step 238/300
[worker 2] task 1/1 id=0 episode 3/3 step 236/300
[worker 2] task 1/1 id=0 episode 3/3 step 237/300
[worker 1] task 1/1 id=0 episode 2/3 step 234/300
[worker 0] task 1/1 id=0 episode 1/3 step 239/300
[worker 2] task 1/1 id=0 episode 3/3 step 238/300
[worker 0] task 1/1 id=0 episode 1/3 step 240/300
[worker 1] task 1/1 id=0 episode 2/3 step 235/300
[worker 2] task 1/1 id=0 episode 3/3 step 239/300
[worker 0] task 1/1 id=0 episode 1/3 step 241/300
[worker 1] task 1/1 id=0 episode 2/3 step 236/300
[worker 2] task 1/1 id=0 episode 3/3 step 240/300
[worker 0] task 1/1 id=0 episode 1/3 step 242/300
[worker 1] task 1/1 id=0 episode 2/3 step 237/300
[worker 2] task 1/1 id=0 episode 3/3 step 241/300
[worker 0] task 1/1 id=0 episode 1/3 step 243/300
[worker 1] task 1/1 id=0 episode 2/3 step 238/300
[worker 0] task 1/1 id=0 episode 1/3 step 244/300
[worker 1] task 1/1 id=0 episode 2/3 step 239/300
PROFILE {"session": "libero-074cadf3", "worker": 2, "client": {"visual_record_s": 0.00807449733838439, "env_s": 0.5454117031767964, "env_steps": 10.0, "observation_s": 0.009848450310528278, "request_build_s": 0.00015564169734716415, "request_roundtrip_s": 0.11063882429152727}, "transport": {"connect_s": 0.003065497148782015, "encode_s": 0.0007066228426992893, "send_s": 0.0007606311701238155, "wait_response_s": 0.10335205309092999, "close_s": 0.001051994040608406, "decode_s": 0.00016726786270737648, "request_bytes": 393748}, "server": {}}
[worker 0] task 1/1 id=0 episode 1/3 step 245/300
[worker 1] task 1/1 id=0 episode 2/3 step 240/300
[worker 2] task 1/1 id=0 episode 3/3 step 242/300
[worker 0] task 1/1 id=0 episode 1/3 step 246/300
[worker 1] task 1/1 id=0 episode 2/3 step 241/300
[worker 2] task 1/1 id=0 episode 3/3 step 243/300
[worker 1] task 1/1 id=0 episode 2/3 step 242/300
PROFILE {"session": "libero-288700b7", "worker": 0, "client": {"visual_record_s": 0.011413066647946835, "env_s": 0.7199425175786018, "env_steps": 10.0, "observation_s": 0.01012312201783061, "request_build_s": 0.0012072413228452206, "request_roundtrip_s": 0.11686307471245527}, "transport": {"connect_s": 0.0039218426682055, "encode_s": 0.0007957960478961468, "send_s": 0.0007925229147076607, "wait_response_s": 0.10714312037453055, "close_s": 0.002395313698798418, "decode_s": 0.000189133919775486, "request_bytes": 393748}, "server": {}}
[worker 2] task 1/1 id=0 episode 3/3 step 244/300
[worker 1] task 1/1 id=0 episode 2/3 step 243/300
[worker 0] task 1/1 id=0 episode 1/3 step 247/300
[worker 2] task 1/1 id=0 episode 3/3 step 245/300
PROFILE {"session": "libero-d5272899", "worker": 1, "client": {"visual_record_s": 0.015467015095055103, "env_s": 0.7922577778808773, "env_steps": 10.0, "observation_s": 0.011099933180958033, "request_build_s": 0.00011997995898127556, "request_roundtrip_s": 0.12171562388539314}, "transport": {"connect_s": 0.0046377661637961864, "encode_s": 0.0007075509056448936, "send_s": 0.0009704199619591236, "wait_response_s": 0.1133459759876132, "close_s": 0.0011044819839298725, "decode_s": 0.00010398030281066895, "request_bytes": 393748}, "server": {}}
[worker 0] task 1/1 id=0 episode 1/3 step 248/300
[worker 2] task 1/1 id=0 episode 3/3 step 246/300
[worker 1] task 1/1 id=0 episode 2/3 step 244/300
[worker 0] task 1/1 id=0 episode 1/3 step 249/300
[worker 2] task 1/1 id=0 episode 3/3 step 247/300
[worker 1] task 1/1 id=0 episode 2/3 step 245/300
[worker 0] task 1/1 id=0 episode 1/3 step 250/300
[worker 2] task 1/1 id=0 episode 3/3 step 248/300
[worker 1] task 1/1 id=0 episode 2/3 step 246/300
[worker 2] task 1/1 id=0 episode 3/3 step 249/300
[worker 0] task 1/1 id=0 episode 1/3 step 251/300
[worker 1] task 1/1 id=0 episode 2/3 step 247/300
[worker 0] task 1/1 id=0 episode 1/3 step 252/300
[worker 2] task 1/1 id=0 episode 3/3 step 250/300
[worker 1] task 1/1 id=0 episode 2/3 step 248/300
[worker 0] task 1/1 id=0 episode 1/3 step 253/300
[worker 2] task 1/1 id=0 episode 3/3 step 251/300
[worker 1] task 1/1 id=0 episode 2/3 step 249/300
[worker 0] task 1/1 id=0 episode 1/3 step 254/300
PROFILE {"session": "libero-074cadf3", "worker": 2, "client": {"visual_record_s": 0.019383239559829235, "env_s": 1.0560732488520443, "env_steps": 10.0, "observation_s": 0.018790308851748705, "request_build_s": 0.00016320496797561646, "request_roundtrip_s": 0.11445697583258152}, "transport": {"connect_s": 0.004044076893478632, "encode_s": 0.0010400079190731049, "send_s": 0.001852239016443491, "wait_response_s": 0.10440632281824946, "close_s": 0.000973748043179512, "decode_s": 0.00014337711036205292, "request_bytes": 393748}, "server": {}}
[worker 1] task 1/1 id=0 episode 2/3 step 250/300
[worker 0] task 1/1 id=0 episode 1/3 step 255/300
[worker 2] task 1/1 id=0 episode 3/3 step 252/300
[worker 1] task 1/1 id=0 episode 2/3 step 251/300
[worker 0] task 1/1 id=0 episode 1/3 step 256/300
[worker 2] task 1/1 id=0 episode 3/3 step 253/300
[worker 1] task 1/1 id=0 episode 2/3 step 252/300
PROFILE {"session": "libero-288700b7", "worker": 0, "client": {"visual_record_s": 0.027526166290044785, "env_s": 1.1006244323216379, "env_steps": 10.0, "observation_s": 0.022275729570537806, "request_build_s": 0.000170048326253891, "request_roundtrip_s": 0.11462754383683205}, "transport": {"connect_s": 0.0035500451922416687, "encode_s": 0.0010138479992747307, "send_s": 0.0010669217444956303, "wait_response_s": 0.10548801720142365, "close_s": 0.002130609005689621, "decode_s": 0.00015293201431632042, "request_bytes": 393748}, "server": {}}
[worker 2] task 1/1 id=0 episode 3/3 step 254/300
[worker 1] task 1/1 id=0 episode 2/3 step 253/300
[worker 0] task 1/1 id=0 episode 1/3 step 257/300
[worker 2] task 1/1 id=0 episode 3/3 step 255/300
PROFILE {"session": "libero-d5272899", "worker": 1, "client": {"visual_record_s": 0.020288524217903614, "env_s": 1.1088040191680193, "env_steps": 10.0, "observation_s": 0.020624542143195868, "request_build_s": 0.0002636718563735485, "request_roundtrip_s": 0.11428074119612575}, "transport": {"connect_s": 0.004638157319277525, "encode_s": 0.0009130476973950863, "send_s": 0.0013431422412395477, "wait_response_s": 0.1023752368055284, "close_s": 0.002680378034710884, "decode_s": 0.00016462989151477814, "request_bytes": 393748}, "server": {}}
[worker 0] task 1/1 id=0 episode 1/3 step 258/300
[worker 2] task 1/1 id=0 episode 3/3 step 256/300
[worker 1] task 1/1 id=0 episode 2/3 step 254/300
[worker 0] task 1/1 id=0 episode 1/3 step 259/300
[worker 2] task 1/1 id=0 episode 3/3 step 257/300
[worker 1] task 1/1 id=0 episode 2/3 step 255/300
[worker 0] task 1/1 id=0 episode 1/3 step 260/300
[worker 2] task 1/1 id=0 episode 3/3 step 258/300
[worker 1] task 1/1 id=0 episode 2/3 step 256/300
[worker 0] task 1/1 id=0 episode 1/3 step 261/300
[worker 2] task 1/1 id=0 episode 3/3 step 259/300
[worker 1] task 1/1 id=0 episode 2/3 step 257/300
[worker 0] task 1/1 id=0 episode 1/3 step 262/300
[worker 2] task 1/1 id=0 episode 3/3 step 260/300
[worker 1] task 1/1 id=0 episode 2/3 step 258/300
[worker 0] task 1/1 id=0 episode 1/3 step 263/300
[worker 2] task 1/1 id=0 episode 3/3 step 261/300
[worker 1] task 1/1 id=0 episode 2/3 step 259/300
[worker 0] task 1/1 id=0 episode 1/3 step 264/300
[worker 1] task 1/1 id=0 episode 2/3 step 260/300
PROFILE {"session": "libero-074cadf3", "worker": 2, "client": {"visual_record_s": 0.01915715355426073, "env_s": 1.2007802631706, "env_steps": 10.0, "observation_s": 0.017791384365409613, "request_build_s": 0.00017152493819594383, "request_roundtrip_s": 0.12170295417308807}, "transport": {"connect_s": 0.004132541827857494, "encode_s": 0.0010533579625189304, "send_s": 0.0010330653749406338, "wait_response_s": 0.11051960662007332, "close_s": 0.0034990282729268074, "decode_s": 0.00017630401998758316, "request_bytes": 393748}, "server": {}}
[worker 0] task 1/1 id=0 episode 1/3 step 265/300
[worker 1] task 1/1 id=0 episode 2/3 step 261/300
[worker 2] task 1/1 id=0 episode 3/3 step 262/300
[worker 0] task 1/1 id=0 episode 1/3 step 266/300
[worker 1] task 1/1 id=0 episode 2/3 step 262/300
[worker 2] task 1/1 id=0 episode 3/3 step 263/300
PROFILE {"session": "libero-288700b7", "worker": 0, "client": {"visual_record_s": 0.023445934988558292, "env_s": 1.175570072606206, "env_steps": 10.0, "observation_s": 0.018013361375778913, "request_build_s": 0.00018230313435196877, "request_roundtrip_s": 0.11362419696524739}, "transport": {"connect_s": 0.003896400798112154, "encode_s": 0.0010436121374368668, "send_s": 0.0011006849817931652, "wait_response_s": 0.10425173584371805, "close_s": 0.0019517582841217518, "decode_s": 0.00015259906649589539, "request_bytes": 393748}, "server": {}}
[worker 1] task 1/1 id=0 episode 2/3 step 263/300
[worker 2] task 1/1 id=0 episode 3/3 step 264/300
[worker 0] task 1/1 id=0 episode 1/3 step 267/300
PROFILE {"session": "libero-d5272899", "worker": 1, "client": {"visual_record_s": 0.02210774691775441, "env_s": 1.1561159435659647, "env_steps": 10.0, "observation_s": 0.015104330610483885, "request_build_s": 0.0026299208402633667, "request_roundtrip_s": 0.11737331002950668}, "transport": {"connect_s": 0.0024162153713405132, "encode_s": 0.0009361007250845432, "send_s": 0.0015932610258460045, "wait_response_s": 0.10931407008320093, "close_s": 0.0016756770201027393, "decode_s": 0.00013435585424304008, "request_bytes": 393748}, "server": {}}
[worker 2] task 1/1 id=0 episode 3/3 step 265/300
[worker 0] task 1/1 id=0 episode 1/3 step 268/300
[worker 1] task 1/1 id=0 episode 2/3 step 264/300
[worker 2] task 1/1 id=0 episode 3/3 step 266/300
[worker 0] task 1/1 id=0 episode 1/3 step 269/300
[worker 1] task 1/1 id=0 episode 2/3 step 265/300
[worker 2] task 1/1 id=0 episode 3/3 step 267/300
[worker 0] task 1/1 id=0 episode 1/3 step 270/300
[worker 1] task 1/1 id=0 episode 2/3 step 266/300
[worker 2] task 1/1 id=0 episode 3/3 step 268/300
[worker 0] task 1/1 id=0 episode 1/3 step 271/300
[worker 1] task 1/1 id=0 episode 2/3 step 267/300
[worker 2] task 1/1 id=0 episode 3/3 step 269/300
[worker 0] task 1/1 id=0 episode 1/3 step 272/300
[worker 1] task 1/1 id=0 episode 2/3 step 268/300
[worker 2] task 1/1 id=0 episode 3/3 step 270/300
[worker 1] task 1/1 id=0 episode 2/3 step 269/300
[worker 0] task 1/1 id=0 episode 1/3 step 273/300
[worker 2] task 1/1 id=0 episode 3/3 step 271/300
[worker 1] task 1/1 id=0 episode 2/3 step 270/300
[worker 0] task 1/1 id=0 episode 1/3 step 274/300
[worker 1] task 1/1 id=0 episode 2/3 step 271/300
PROFILE {"session": "libero-074cadf3", "worker": 2, "client": {"visual_record_s": 0.01958181196823716, "env_s": 1.236941278912127, "env_steps": 10.0, "observation_s": 0.015249691903591156, "request_build_s": 0.000603897962719202, "request_roundtrip_s": 0.1175927110016346}, "transport": {"connect_s": 0.002814353909343481, "encode_s": 0.0010357573628425598, "send_s": 0.0028179497458040714, "wait_response_s": 0.10358222294598818, "close_s": 0.0045281993225216866, "decode_s": 0.00017286371439695358, "request_bytes": 393748}, "server": {}}
[worker 0] task 1/1 id=0 episode 1/3 step 275/300
[worker 1] task 1/1 id=0 episode 2/3 step 272/300
[worker 2] task 1/1 id=0 episode 3/3 step 272/300
[worker 1] task 1/1 id=0 episode 2/3 step 273/300
[worker 0] task 1/1 id=0 episode 1/3 step 276/300
[worker 2] task 1/1 id=0 episode 3/3 step 273/300
[worker 2] task 1/1 id=0 episode 3/3 step 274/300
PROFILE {"session": "libero-d5272899", "worker": 1, "client": {"visual_record_s": 0.018986418843269348, "env_s": 1.0965163703076541, "env_steps": 10.0, "observation_s": 0.02634699083864689, "request_build_s": 0.0002083280123770237, "request_roundtrip_s": 0.12042602617293596}, "transport": {"connect_s": 0.004193881992250681, "encode_s": 0.0009565241634845734, "send_s": 0.002096300944685936, "wait_response_s": 0.11085985507816076, "close_s": 0.0011105500161647797, "decode_s": 0.00013370905071496964, "request_bytes": 393748}, "server": {}}
[worker 2] task 1/1 id=0 episode 3/3 step 275/300
[worker 2] task 1/1 id=0 episode 3/3 step 276/300
[worker 1] task 1/1 id=0 episode 2/3 step 274/300
[worker 2] task 1/1 id=0 episode 3/3 step 277/300
PROFILE {"session": "libero-288700b7", "worker": 0, "client": {"visual_record_s": 0.02069014497101307, "env_s": 1.2854647566564381, "env_steps": 10.0, "observation_s": 0.017059271223843098, "request_build_s": 0.0001651397906243801, "request_roundtrip_s": 0.1907208962365985}, "transport": {"connect_s": 0.002343500033020973, "encode_s": 0.0009411810897290707, "send_s": 0.0009084218181669712, "wait_response_s": 0.18180152028799057, "close_s": 0.0014573018997907639, "decode_s": 0.00012493180111050606, "request_bytes": 393748}, "server": {}}
[worker 2] task 1/1 id=0 episode 3/3 step 278/300
[worker 1] task 1/1 id=0 episode 2/3 step 275/300
[worker 2] task 1/1 id=0 episode 3/3 step 279/300
[worker 0] task 1/1 id=0 episode 1/3 step 277/300
[worker 1] task 1/1 id=0 episode 2/3 step 276/300
[worker 2] task 1/1 id=0 episode 3/3 step 280/300
[worker 1] task 1/1 id=0 episode 2/3 step 277/300
[worker 0] task 1/1 id=0 episode 1/3 step 278/300
[worker 2] task 1/1 id=0 episode 3/3 step 281/300
[worker 1] task 1/1 id=0 episode 2/3 step 278/300
[worker 0] task 1/1 id=0 episode 1/3 step 279/300
PROFILE {"session": "libero-074cadf3", "worker": 2, "client": {"visual_record_s": 0.006410055328160524, "env_s": 0.6632090364582837, "env_steps": 10.0, "observation_s": 0.011473944410681725, "request_build_s": 0.0001398506574332714, "request_roundtrip_s": 0.10965262306854129}, "transport": {"connect_s": 0.0024455012753605843, "encode_s": 0.0006442298181355, "send_s": 0.0008283299393951893, "wait_response_s": 0.10240482725203037, "close_s": 0.002516952808946371, "decode_s": 0.00014333100989460945, "request_bytes": 393748}, "server": {}}
[worker 1] task 1/1 id=0 episode 2/3 step 279/300
[worker 0] task 1/1 id=0 episode 1/3 step 280/300
[worker 1] task 1/1 id=0 episode 2/3 step 280/300
[worker 2] task 1/1 id=0 episode 3/3 step 282/300
[worker 0] task 1/1 id=0 episode 1/3 step 281/300
[worker 1] task 1/1 id=0 episode 2/3 step 281/300
[worker 2] task 1/1 id=0 episode 3/3 step 283/300
[worker 0] task 1/1 id=0 episode 1/3 step 282/300
[worker 1] task 1/1 id=0 episode 2/3 step 282/300
[worker 2] task 1/1 id=0 episode 3/3 step 284/300
[worker 0] task 1/1 id=0 episode 1/3 step 283/300
[worker 1] task 1/1 id=0 episode 2/3 step 283/300
[worker 2] task 1/1 id=0 episode 3/3 step 285/300
[worker 0] task 1/1 id=0 episode 1/3 step 284/300
[worker 2] task 1/1 id=0 episode 3/3 step 286/300
PROFILE {"session": "libero-d5272899", "worker": 1, "client": {"visual_record_s": 0.01351213501766324, "env_s": 0.8439272325485945, "env_steps": 10.0, "observation_s": 0.01500758295878768, "request_build_s": 0.0017518769018352032, "request_roundtrip_s": 0.11726043932139874}, "transport": {"connect_s": 0.0038028042763471603, "encode_s": 0.0008646687492728233, "send_s": 0.0014428580179810524, "wait_response_s": 0.10659184493124485, "close_s": 0.002748856320977211, "decode_s": 0.00014917273074388504, "request_bytes": 393748}, "server": {}}
[worker 0] task 1/1 id=0 episode 1/3 step 285/300
[worker 2] task 1/1 id=0 episode 3/3 step 287/300
[worker 1] task 1/1 id=0 episode 2/3 step 284/300
[worker 0] task 1/1 id=0 episode 1/3 step 286/300
[worker 2] task 1/1 id=0 episode 3/3 step 288/300
[worker 1] task 1/1 id=0 episode 2/3 step 285/300
PROFILE {"session": "libero-288700b7", "worker": 0, "client": {"visual_record_s": 0.014298027381300926, "env_s": 0.9959562667645514, "env_steps": 10.0, "observation_s": 0.01737385569140315, "request_build_s": 0.00018610293045639992, "request_roundtrip_s": 0.10816050367429852}, "transport": {"connect_s": 0.002710937988013029, "encode_s": 0.0008201231248676777, "send_s": 0.00213094474747777, "wait_response_s": 0.09933136403560638, "close_s": 0.001687290146946907, "decode_s": 0.00017326092347502708, "request_bytes": 393748}, "server": {}}
[worker 2] task 1/1 id=0 episode 3/3 step 289/300
[worker 1] task 1/1 id=0 episode 2/3 step 286/300
[worker 0] task 1/1 id=0 episode 1/3 step 287/300
[worker 2] task 1/1 id=0 episode 3/3 step 290/300
[worker 1] task 1/1 id=0 episode 2/3 step 287/300
[worker 2] task 1/1 id=0 episode 3/3 step 291/300
[worker 1] task 1/1 id=0 episode 2/3 step 288/300
[worker 0] task 1/1 id=0 episode 1/3 step 288/300
[worker 1] task 1/1 id=0 episode 2/3 step 289/300
[worker 0] task 1/1 id=0 episode 1/3 step 289/300
PROFILE {"session": "libero-074cadf3", "worker": 2, "client": {"visual_record_s": 0.016664766240864992, "env_s": 0.9431365174241364, "env_steps": 10.0, "observation_s": 0.016112697310745716, "request_build_s": 0.0001309760846197605, "request_roundtrip_s": 0.10842997813597322}, "transport": {"connect_s": 0.0025255950167775154, "encode_s": 0.0007565747946500778, "send_s": 0.0016547399573028088, "wait_response_s": 0.10078415321186185, "close_s": 0.0014255759306252003, "decode_s": 0.00014584511518478394, "request_bytes": 393748}, "server": {}}
[worker 1] task 1/1 id=0 episode 2/3 step 290/300
[worker 0] task 1/1 id=0 episode 1/3 step 290/300
[worker 2] task 1/1 id=0 episode 3/3 step 292/300
[worker 1] task 1/1 id=0 episode 2/3 step 291/300
[worker 0] task 1/1 id=0 episode 1/3 step 291/300
[worker 2] task 1/1 id=0 episode 3/3 step 293/300
[worker 1] task 1/1 id=0 episode 2/3 step 292/300
[worker 0] task 1/1 id=0 episode 1/3 step 292/300
[worker 2] task 1/1 id=0 episode 3/3 step 294/300
[worker 1] task 1/1 id=0 episode 2/3 step 293/300
[worker 0] task 1/1 id=0 episode 1/3 step 293/300
[worker 2] task 1/1 id=0 episode 3/3 step 295/300
PROFILE {"session": "libero-d5272899", "worker": 1, "client": {"visual_record_s": 0.01609903573989868, "env_s": 0.9210222908295691, "env_steps": 10.0, "observation_s": 0.01510629104450345, "request_build_s": 0.0002312283031642437, "request_roundtrip_s": 0.11814158502966166}, "transport": {"connect_s": 0.003642090130597353, "encode_s": 0.0010607042349874973, "send_s": 0.0014176159165799618, "wait_response_s": 0.10793715110048652, "close_s": 0.0019182856194674969, "decode_s": 0.0001564333215355873, "request_bytes": 393748}, "server": {}}
[worker 0] task 1/1 id=0 episode 1/3 step 294/300
[worker 2] task 1/1 id=0 episode 3/3 step 296/300
[worker 0] task 1/1 id=0 episode 1/3 step 295/300
[worker 1] task 1/1 id=0 episode 2/3 step 294/300
[worker 2] task 1/1 id=0 episode 3/3 step 297/300
[worker 0] task 1/1 id=0 episode 1/3 step 296/300
[worker 2] task 1/1 id=0 episode 3/3 step 298/300
[worker 1] task 1/1 id=0 episode 2/3 step 295/300
[worker 2] task 1/1 id=0 episode 3/3 step 299/300
[worker 1] task 1/1 id=0 episode 2/3 step 296/300
PROFILE {"session": "libero-288700b7", "worker": 0, "client": {"visual_record_s": 0.01717870542779565, "env_s": 1.02150008501485, "env_steps": 10.0, "observation_s": 0.016657070256769657, "request_build_s": 0.0001478292979300022, "request_roundtrip_s": 0.11305678496137261}, "transport": {"connect_s": 0.0020874496549367905, "encode_s": 0.0008917832747101784, "send_s": 0.0008883900009095669, "wait_response_s": 0.10396015783771873, "close_s": 0.0017248368822038174, "decode_s": 0.00017433706670999527, "request_bytes": 393748}, "server": {}}
[worker 1] task 1/1 id=0 episode 2/3 step 297/300
[worker 2] task 1/1 id=0 episode 3/3 step 300/300
[worker 0] task 1/1 id=0 episode 1/3 step 297/300
[worker 1] task 1/1 id=0 episode 2/3 step 298/300
[worker 0] task 1/1 id=0 episode 1/3 step 298/300
[worker 1] task 1/1 id=0 episode 2/3 step 299/300
[worker 0] task 1/1 id=0 episode 1/3 step 299/300
[worker 1] task 1/1 id=0 episode 2/3 step 300/300
[worker 0] task 1/1 id=0 episode 1/3 step 300/300
[worker 2] saved video to: 
/data0/luokang/research/GraphVLA/tmp/pi05_worker_speed_0913/run3_w3/custom0902_i
d10ep-29999/libero_custom_0906-oracle-0913-094255-190067/videos/task_000_ep_002_
sec_016_failure_failure.mp4 (330 frames, 20.0 fps)
PROFILE_SAVE {"worker": 2, "frames": 330, "video_s": 2.862937578931451, "json_s": 0.039020861964672804}
[worker 2] saved execution record to: 
/data0/luokang/research/GraphVLA/tmp/pi05_worker_speed_0913/run3_w3/custom0902_i
d10ep-29999/libero_custom_0906-oracle-0913-094255-190067/videos/task_000_ep_002_
sec_016_failure_failure.json (330 frames)
[worker 2] task=0 episode=2 success=False env_done=False server_done=False 
progress=1/3 completed_subtasks=[1] completed_goals=["['on', 'wine_bottle_1', 
'flat_stove_1_cook_region']"]
Overall progress: 1/3 (33.3%) ETA 00:01:12
[worker 1] saved video to: 
/data0/luokang/research/GraphVLA/tmp/pi05_worker_speed_0913/run3_w3/custom0902_i
d10ep-29999/libero_custom_0906-oracle-0913-094255-190067/videos/task_000_ep_001_
sec_016_failure_failure.mp4 (330 frames, 20.0 fps)
PROFILE_SAVE {"worker": 1, "frames": 330, "video_s": 2.9383136639371514, "json_s": 0.018337920773774385}
[worker 1] saved execution record to: 
/data0/luokang/research/GraphVLA/tmp/pi05_worker_speed_0913/run3_w3/custom0902_i
d10ep-29999/libero_custom_0906-oracle-0913-094255-190067/videos/task_000_ep_001_
sec_016_failure_failure.json (330 frames)
[worker 1] task=0 episode=1 success=False env_done=False server_done=False 
progress=1/3 completed_subtasks=[1] completed_goals=["['on', 'wine_bottle_1', 
'flat_stove_1_cook_region']"]
Overall progress: 2/3 (66.7%) ETA 00:00:18
[worker 0] saved video to: 
/data0/luokang/research/GraphVLA/tmp/pi05_worker_speed_0913/run3_w3/custom0902_i
d10ep-29999/libero_custom_0906-oracle-0913-094255-190067/videos/task_000_ep_000_
sec_016_failure_failure.mp4 (330 frames, 20.0 fps)
PROFILE_SAVE {"worker": 0, "frames": 330, "video_s": 3.2972035501152277, "json_s": 0.01520603196695447}
[worker 0] saved execution record to: 
/data0/luokang/research/GraphVLA/tmp/pi05_worker_speed_0913/run3_w3/custom0902_i
d10ep-29999/libero_custom_0906-oracle-0913-094255-190067/videos/task_000_ep_000_
sec_016_failure_failure.json (330 frames)
[worker 0] task=0 episode=0 success=False env_done=False server_done=False 
progress=1/3 completed_subtasks=[1] completed_goals=["['on', 'wine_bottle_1', 
'flat_stove_1_cook_region']"]
Overall progress: 3/3 (100.0%) ETA 00:00:00
[worker 0] saved results to: 
/data0/luokang/research/GraphVLA/tmp/pi05_worker_speed_0913/run3_w3/custom0902_i
d10ep-29999/libero_custom_0906-oracle-0913-094255-190067/result.json
