[robosuite WARNING] No private macro file found! (__init__.py:7)
[robosuite WARNING] It is recommended to use a private macro file (__init__.py:8)
[robosuite WARNING] To setup, run: python /data0/luokang/miniconda3/envs/robobrain/lib/python3.11/site-packages/robosuite/scripts/setup_macros.py (__init__.py:9)
Gym has been unmaintained since 2022 and does not support NumPy 2.0 amongst other critical functionality.
Please upgrade to Gymnasium, the maintained drop-in replacement of Gym, or contact the authors of your software and request that they upgrade.
See the migration guide at https://gymnasium.farama.org/introduction/migration_guide/ for additional information.
[worker 0] Args(host='127.0.0.1', port=8011, control_freq=20, 
task_suite_name='libero_custom_0906', tasks=[0], num_steps_wait=30, 
num_trials_per_task=3, trials_init_state=[0, 1, 2], max_steps=300, 
switch_mode='oracle', seed=42, save_video=True, action_delta=True, 
num_workers=3, resume_dir=None, image_obs_steps=None, observation_keys=None, 
embodiment='franka_panda')
[Warning]: datasets path /data0/luokang/research/LIBERO/libero/libero/../datasets does not exist!
[worker 0] running 3 episodes from 1 tasks across 3 concurrent workers
[Warning]: datasets path /data0/luokang/research/LIBERO/libero/libero/../datasets does not exist!
[Warning]: datasets path /data0/luokang/research/LIBERO/libero/libero/../datasets does not exist!
[Warning]: datasets path /data0/luokang/research/LIBERO/libero/libero/../datasets does not exist![Warning]: datasets path /data0/luokang/research/LIBERO/libero/libero/../datasets does not exist!

[Warning]: datasets path /data0/luokang/research/LIBERO/libero/libero/../datasets does not exist!
[Warning]: datasets path /data0/luokang/research/LIBERO/libero/libero/../datasets does not exist!
[Warning]: datasets path /data0/luokang/research/LIBERO/libero/libero/../datasets does not exist!
[Warning]: datasets path /data0/luokang/research/LIBERO/libero/libero/../datasets does not exist!
[Warning]: datasets path /data0/luokang/research/LIBERO/libero/libero/../datasets does not exist!:demonstration is not recognized in problem

:demonstration is not recognized in problem
:demonstration is not recognized in problem
INFO:root:[worker 0] Task 0 episode 0: put the wine bottle on the stove, then put the bowl on the plate, then put the cream cheese on the wooden cabinet
[worker 0] task 1/1 id=0 episode 1/3 init_state=0: put the wine bottle on the 
stove, then put the bowl on the plate, then put the cream cheese on the wooden 
cabinet
INFO:root:[worker 2] Task 0 episode 2: put the wine bottle on the stove, then put the bowl on the plate, then put the cream cheese on the wooden cabinet
[worker 2] task 1/1 id=0 episode 3/3 init_state=2: put the wine bottle on the 
stove, then put the bowl on the plate, then put the cream cheese on the wooden 
cabinet
INFO:root:[worker 1] Task 0 episode 1: put the wine bottle on the stove, then put the bowl on the plate, then put the cream cheese on the wooden cabinet
[worker 1] task 1/1 id=0 episode 2/3 init_state=1: put the wine bottle on the 
stove, then put the bowl on the plate, then put the cream cheese on the wooden 
cabinet
[worker 1] task 1/1 id=0 episode 2/3 wait_step 1/30
[worker 2] task 1/1 id=0 episode 3/3 wait_step 1/30
[worker 0] task 1/1 id=0 episode 1/3 wait_step 1/30
[worker 1] task 1/1 id=0 episode 2/3 wait_step 2/30
[worker 2] task 1/1 id=0 episode 3/3 wait_step 2/30
[worker 0] task 1/1 id=0 episode 1/3 wait_step 2/30
[worker 1] task 1/1 id=0 episode 2/3 wait_step 3/30
[worker 0] task 1/1 id=0 episode 1/3 wait_step 3/30
[worker 2] task 1/1 id=0 episode 3/3 wait_step 3/30
[worker 1] task 1/1 id=0 episode 2/3 wait_step 4/30
[worker 2] task 1/1 id=0 episode 3/3 wait_step 4/30
[worker 1] task 1/1 id=0 episode 2/3 wait_step 5/30
[worker 0] task 1/1 id=0 episode 1/3 wait_step 4/30
[worker 2] task 1/1 id=0 episode 3/3 wait_step 5/30
[worker 1] task 1/1 id=0 episode 2/3 wait_step 6/30
[worker 0] task 1/1 id=0 episode 1/3 wait_step 5/30
[worker 1] task 1/1 id=0 episode 2/3 wait_step 7/30
[worker 2] task 1/1 id=0 episode 3/3 wait_step 6/30
[worker 0] task 1/1 id=0 episode 1/3 wait_step 6/30
[worker 1] task 1/1 id=0 episode 2/3 wait_step 8/30
[worker 2] task 1/1 id=0 episode 3/3 wait_step 7/30
[worker 0] task 1/1 id=0 episode 1/3 wait_step 7/30
[worker 1] task 1/1 id=0 episode 2/3 wait_step 9/30
[worker 0] task 1/1 id=0 episode 1/3 wait_step 8/30
[worker 2] task 1/1 id=0 episode 3/3 wait_step 8/30
[worker 1] task 1/1 id=0 episode 2/3 wait_step 10/30
[worker 0] task 1/1 id=0 episode 1/3 wait_step 9/30
[worker 2] task 1/1 id=0 episode 3/3 wait_step 9/30
[worker 1] task 1/1 id=0 episode 2/3 wait_step 11/30
[worker 0] task 1/1 id=0 episode 1/3 wait_step 10/30
[worker 2] task 1/1 id=0 episode 3/3 wait_step 10/30
[worker 1] task 1/1 id=0 episode 2/3 wait_step 12/30
[worker 0] task 1/1 id=0 episode 1/3 wait_step 11/30
[worker 2] task 1/1 id=0 episode 3/3 wait_step 11/30
[worker 1] task 1/1 id=0 episode 2/3 wait_step 13/30
[worker 0] task 1/1 id=0 episode 1/3 wait_step 12/30
[worker 2] task 1/1 id=0 episode 3/3 wait_step 12/30
[worker 1] task 1/1 id=0 episode 2/3 wait_step 14/30
[worker 0] task 1/1 id=0 episode 1/3 wait_step 13/30
[worker 2] task 1/1 id=0 episode 3/3 wait_step 13/30
[worker 1] task 1/1 id=0 episode 2/3 wait_step 15/30
[worker 0] task 1/1 id=0 episode 1/3 wait_step 14/30
[worker 2] task 1/1 id=0 episode 3/3 wait_step 14/30
[worker 1] task 1/1 id=0 episode 2/3 wait_step 16/30
[worker 0] task 1/1 id=0 episode 1/3 wait_step 15/30
[worker 2] task 1/1 id=0 episode 3/3 wait_step 15/30
[worker 1] task 1/1 id=0 episode 2/3 wait_step 17/30
[worker 0] task 1/1 id=0 episode 1/3 wait_step 16/30
[worker 2] task 1/1 id=0 episode 3/3 wait_step 16/30
[worker 1] task 1/1 id=0 episode 2/3 wait_step 18/30
[worker 0] task 1/1 id=0 episode 1/3 wait_step 17/30
[worker 2] task 1/1 id=0 episode 3/3 wait_step 17/30
[worker 1] task 1/1 id=0 episode 2/3 wait_step 19/30
[worker 0] task 1/1 id=0 episode 1/3 wait_step 18/30
[worker 2] task 1/1 id=0 episode 3/3 wait_step 18/30
[worker 1] task 1/1 id=0 episode 2/3 wait_step 20/30
[worker 0] task 1/1 id=0 episode 1/3 wait_step 19/30
[worker 2] task 1/1 id=0 episode 3/3 wait_step 19/30
[worker 1] task 1/1 id=0 episode 2/3 wait_step 21/30
[worker 0] task 1/1 id=0 episode 1/3 wait_step 20/30
[worker 2] task 1/1 id=0 episode 3/3 wait_step 20/30
[worker 1] task 1/1 id=0 episode 2/3 wait_step 22/30
[worker 0] task 1/1 id=0 episode 1/3 wait_step 21/30
[worker 2] task 1/1 id=0 episode 3/3 wait_step 21/30
[worker 1] task 1/1 id=0 episode 2/3 wait_step 23/30
[worker 0] task 1/1 id=0 episode 1/3 wait_step 22/30
[worker 2] task 1/1 id=0 episode 3/3 wait_step 22/30
[worker 0] task 1/1 id=0 episode 1/3 wait_step 23/30
[worker 1] task 1/1 id=0 episode 2/3 wait_step 24/30
[worker 2] task 1/1 id=0 episode 3/3 wait_step 23/30
[worker 1] task 1/1 id=0 episode 2/3 wait_step 25/30
[worker 0] task 1/1 id=0 episode 1/3 wait_step 24/30
[worker 2] task 1/1 id=0 episode 3/3 wait_step 24/30
[worker 2] task 1/1 id=0 episode 3/3 wait_step 25/30
[worker 1] task 1/1 id=0 episode 2/3 wait_step 26/30
[worker 0] task 1/1 id=0 episode 1/3 wait_step 25/30
[worker 2] task 1/1 id=0 episode 3/3 wait_step 26/30
[worker 2] task 1/1 id=0 episode 3/3 wait_step 27/30
[worker 1] task 1/1 id=0 episode 2/3 wait_step 27/30
[worker 0] task 1/1 id=0 episode 1/3 wait_step 26/30
[worker 2] task 1/1 id=0 episode 3/3 wait_step 28/30
[worker 2] task 1/1 id=0 episode 3/3 wait_step 29/30
[worker 0] task 1/1 id=0 episode 1/3 wait_step 27/30
[worker 1] task 1/1 id=0 episode 2/3 wait_step 28/30
[worker 2] task 1/1 id=0 episode 3/3 wait_step 30/30
[worker 0] task 1/1 id=0 episode 1/3 wait_step 28/30
[worker 1] task 1/1 id=0 episode 2/3 wait_step 29/30
[worker 2] task 1/1 id=0 episode 3/3 step 1/300
[worker 0] task 1/1 id=0 episode 1/3 wait_step 29/30
[worker 1] task 1/1 id=0 episode 2/3 wait_step 30/30
[worker 0] task 1/1 id=0 episode 1/3 wait_step 30/30
[worker 1] task 1/1 id=0 episode 2/3 step 1/300
[worker 0] task 1/1 id=0 episode 1/3 step 1/300
PROFILE {"session": "libero-bd7fd8a0", "worker": 2, "client": {"observation_s": 0.0009095571003854275, "request_build_s": 7.710698992013931e-05, "request_roundtrip_s": 0.10317233810201287}, "transport": {"connect_s": 0.002429401036351919, "encode_s": 0.00040151365101337433, "send_s": 0.0004119281657040119, "wait_response_s": 0.09871992701664567, "close_s": 0.0007172110490500927, "decode_s": 7.406016811728477e-05, "request_bytes": 393763}, "server": {}}
[worker 2] task 1/1 id=0 episode 3/3 step 2/300
[worker 2] task 1/1 id=0 episode 3/3 step 3/300
[worker 2] task 1/1 id=0 episode 3/3 step 4/300
PROFILE {"session": "libero-b020d2d2", "worker": 1, "client": {"observation_s": 0.0003258436918258667, "request_build_s": 0.00010016001760959625, "request_roundtrip_s": 0.10140865994617343}, "transport": {"connect_s": 0.0017670108936727047, "encode_s": 0.00016157794743776321, "send_s": 0.00021704239770770073, "wait_response_s": 0.0979016600176692, "close_s": 0.0005441457033157349, "decode_s": 6.81169331073761e-05, "request_bytes": 393763}, "server": {}}
[worker 2] task 1/1 id=0 episode 3/3 step 5/300
[worker 1] task 1/1 id=0 episode 2/3 step 2/300
[worker 2] task 1/1 id=0 episode 3/3 step 6/300
PROFILE {"session": "libero-ad289d6e", "worker": 0, "client": {"observation_s": 0.00027560489252209663, "request_build_s": 7.721874862909317e-05, "request_roundtrip_s": 0.17071608500555158}, "transport": {"connect_s": 0.0021576168946921825, "encode_s": 0.00014819391071796417, "send_s": 0.00022249901667237282, "wait_response_s": 0.1662182710133493, "close_s": 0.0011032330803573132, "decode_s": 7.679592818021774e-05, "request_bytes": 393763}, "server": {}}
[worker 1] task 1/1 id=0 episode 2/3 step 3/300
[worker 2] task 1/1 id=0 episode 3/3 step 7/300
[worker 1] task 1/1 id=0 episode 2/3 step 4/300
[worker 0] task 1/1 id=0 episode 1/3 step 2/300
[worker 2] task 1/1 id=0 episode 3/3 step 8/300
[worker 1] task 1/1 id=0 episode 2/3 step 5/300
[worker 0] task 1/1 id=0 episode 1/3 step 3/300
[worker 2] task 1/1 id=0 episode 3/3 step 9/300
[worker 1] task 1/1 id=0 episode 2/3 step 6/300
[worker 0] task 1/1 id=0 episode 1/3 step 4/300
[worker 2] task 1/1 id=0 episode 3/3 step 10/300
[worker 1] task 1/1 id=0 episode 2/3 step 7/300
[worker 0] task 1/1 id=0 episode 1/3 step 5/300
[worker 2] task 1/1 id=0 episode 3/3 step 11/300
[worker 1] task 1/1 id=0 episode 2/3 step 8/300
[worker 0] task 1/1 id=0 episode 1/3 step 6/300
[worker 1] task 1/1 id=0 episode 2/3 step 9/300
[worker 0] task 1/1 id=0 episode 1/3 step 7/300
[worker 1] task 1/1 id=0 episode 2/3 step 10/300
[worker 0] task 1/1 id=0 episode 1/3 step 8/300
PROFILE {"session": "libero-bd7fd8a0", "worker": 2, "client": {"visual_record_s": 0.004056225530803204, "env_s": 0.39138599252328277, "env_steps": 10.0, "observation_s": 0.005664125084877014, "request_build_s": 6.745895370841026e-05, "request_roundtrip_s": 0.08492894470691681}, "transport": {"connect_s": 0.0012166700325906277, "encode_s": 0.00033431220799684525, "send_s": 0.0003660661168396473, "wait_response_s": 0.08077069697901607, "close_s": 0.0015407619066536427, "decode_s": 0.00010776380077004433, "request_bytes": 393748}, "server": {}}
[worker 1] task 1/1 id=0 episode 2/3 step 11/300
[worker 0] task 1/1 id=0 episode 1/3 step 9/300
[worker 0] task 1/1 id=0 episode 1/3 step 10/300
[worker 2] task 1/1 id=0 episode 3/3 step 12/300
[worker 0] task 1/1 id=0 episode 1/3 step 11/300
PROFILE {"session": "libero-b020d2d2", "worker": 1, "client": {"visual_record_s": 0.005346192046999931, "env_s": 0.40477972384542227, "env_steps": 10.0, "observation_s": 0.005040105432271957, "request_build_s": 9.841891005635262e-05, "request_roundtrip_s": 0.09798234282061458}, "transport": {"connect_s": 0.0010872450657188892, "encode_s": 0.0001279301941394806, "send_s": 0.00022488273680210114, "wait_response_s": 0.09580220002681017, "close_s": 0.000421029981225729, "decode_s": 4.5934226363897324e-05, "request_bytes": 393748}, "server": {}}
[worker 2] task 1/1 id=0 episode 3/3 step 13/300
[worker 1] task 1/1 id=0 episode 2/3 step 12/300
[worker 2] task 1/1 id=0 episode 3/3 step 14/300
[worker 1] task 1/1 id=0 episode 2/3 step 13/300
[worker 2] task 1/1 id=0 episode 3/3 step 15/300
PROFILE {"session": "libero-ad289d6e", "worker": 0, "client": {"visual_record_s": 0.004003812093287706, "env_s": 0.3996944441460073, "env_steps": 10.0, "observation_s": 0.004229448735713959, "request_build_s": 5.467422306537628e-05, "request_roundtrip_s": 0.10816414281725883}, "transport": {"connect_s": 0.0008506919257342815, "encode_s": 0.00012895697727799416, "send_s": 0.00020378688350319862, "wait_response_s": 0.10580116603523493, "close_s": 0.0006260941736400127, "decode_s": 5.301507189869881e-05, "request_bytes": 393748}, "server": {}}
[worker 1] task 1/1 id=0 episode 2/3 step 14/300
[worker 0] task 1/1 id=0 episode 1/3 step 12/300
[worker 2] task 1/1 id=0 episode 3/3 step 16/300
[worker 1] task 1/1 id=0 episode 2/3 step 15/300
[worker 1] task 1/1 id=0 episode 2/3 step 16/300
[worker 2] task 1/1 id=0 episode 3/3 step 17/300
[worker 0] task 1/1 id=0 episode 1/3 step 13/300
[worker 1] task 1/1 id=0 episode 2/3 step 17/300
[worker 2] task 1/1 id=0 episode 3/3 step 18/300
[worker 0] task 1/1 id=0 episode 1/3 step 14/300
[worker 1] task 1/1 id=0 episode 2/3 step 18/300
[worker 2] task 1/1 id=0 episode 3/3 step 19/300
[worker 0] task 1/1 id=0 episode 1/3 step 15/300
[worker 1] task 1/1 id=0 episode 2/3 step 19/300
[worker 2] task 1/1 id=0 episode 3/3 step 20/300
[worker 0] task 1/1 id=0 episode 1/3 step 16/300
[worker 1] task 1/1 id=0 episode 2/3 step 20/300
[worker 2] task 1/1 id=0 episode 3/3 step 21/300
[worker 1] task 1/1 id=0 episode 2/3 step 21/300
[worker 0] task 1/1 id=0 episode 1/3 step 17/300
[worker 0] task 1/1 id=0 episode 1/3 step 18/300
PROFILE {"session": "libero-bd7fd8a0", "worker": 2, "client": {"visual_record_s": 0.005344701465219259, "env_s": 0.47841157810762525, "env_steps": 10.0, "observation_s": 0.0066896481439471245, "request_build_s": 0.0006914762780070305, "request_roundtrip_s": 0.09050994366407394}, "transport": {"connect_s": 0.002147036138921976, "encode_s": 0.00058320676907897, "send_s": 0.0012150262482464314, "wait_response_s": 0.08538747299462557, "close_s": 0.00040971115231513977, "decode_s": 7.806671783328056e-05, "request_bytes": 393748}, "server": {}}
[worker 0] task 1/1 id=0 episode 1/3 step 19/300
[worker 0] task 1/1 id=0 episode 1/3 step 20/300
[worker 2] task 1/1 id=0 episode 3/3 step 22/300
[worker 0] task 1/1 id=0 episode 1/3 step 21/300
PROFILE {"session": "libero-b020d2d2", "worker": 1, "client": {"visual_record_s": 0.004210196901112795, "env_s": 0.3667810568585992, "env_steps": 10.0, "observation_s": 0.00808546831831336, "request_build_s": 0.0003619459457695484, "request_roundtrip_s": 0.17263143695890903}, "transport": {"connect_s": 0.003837424796074629, "encode_s": 0.0002989433705806732, "send_s": 0.0002973070368170738, "wait_response_s": 0.166436358820647, "close_s": 0.0011270921677350998, "decode_s": 5.9030018746852875e-05, "request_bytes": 393748}, "server": {}}
[worker 2] task 1/1 id=0 episode 3/3 step 23/300
[worker 1] task 1/1 id=0 episode 2/3 step 22/300
[worker 2] task 1/1 id=0 episode 3/3 step 24/300
[worker 1] task 1/1 id=0 episode 2/3 step 23/300
PROFILE {"session": "libero-ad289d6e", "worker": 0, "client": {"visual_record_s": 0.00583376782014966, "env_s": 0.44258175510913134, "env_steps": 10.0, "observation_s": 0.007341007702052593, "request_build_s": 5.28581440448761e-05, "request_roundtrip_s": 0.09293996915221214}, "transport": {"connect_s": 0.00113578699529171, "encode_s": 0.00013779522851109505, "send_s": 0.00035008182749152184, "wait_response_s": 0.09006013302132487, "close_s": 0.0007615629583597183, "decode_s": 5.443114787340164e-05, "request_bytes": 393748}, "server": {}}
[worker 2] task 1/1 id=0 episode 3/3 step 25/300
[worker 1] task 1/1 id=0 episode 2/3 step 24/300
[worker 0] task 1/1 id=0 episode 1/3 step 22/300
[worker 2] task 1/1 id=0 episode 3/3 step 26/300
[worker 1] task 1/1 id=0 episode 2/3 step 25/300
[worker 0] task 1/1 id=0 episode 1/3 step 23/300
[worker 2] task 1/1 id=0 episode 3/3 step 27/300
[worker 1] task 1/1 id=0 episode 2/3 step 26/300
[worker 0] task 1/1 id=0 episode 1/3 step 24/300
[worker 2] task 1/1 id=0 episode 3/3 step 28/300
[worker 1] task 1/1 id=0 episode 2/3 step 27/300
[worker 0] task 1/1 id=0 episode 1/3 step 25/300
[worker 1] task 1/1 id=0 episode 2/3 step 28/300
[worker 2] task 1/1 id=0 episode 3/3 step 29/300
[worker 0] task 1/1 id=0 episode 1/3 step 26/300
[worker 1] task 1/1 id=0 episode 2/3 step 29/300
[worker 0] task 1/1 id=0 episode 1/3 step 27/300
[worker 2] task 1/1 id=0 episode 3/3 step 30/300
[worker 1] task 1/1 id=0 episode 2/3 step 30/300
[worker 0] task 1/1 id=0 episode 1/3 step 28/300
[worker 2] task 1/1 id=0 episode 3/3 step 31/300
[worker 1] task 1/1 id=0 episode 2/3 step 31/300
[worker 0] task 1/1 id=0 episode 1/3 step 29/300
[worker 0] task 1/1 id=0 episode 1/3 step 30/300
[worker 0] task 1/1 id=0 episode 1/3 step 31/300
PROFILE {"session": "libero-bd7fd8a0", "worker": 2, "client": {"visual_record_s": 0.005490074399858713, "env_s": 0.458375652320683, "env_steps": 10.0, "observation_s": 0.0066523985005915165, "request_build_s": 7.226411253213882e-05, "request_roundtrip_s": 0.09097267687320709}, "transport": {"connect_s": 0.0013891099952161312, "encode_s": 0.0004779207520186901, "send_s": 0.00046308618038892746, "wait_response_s": 0.08770987391471863, "close_s": 0.0004438119940459728, "decode_s": 7.376726716756821e-05, "request_bytes": 393748}, "server": {}}
[worker 2] task 1/1 id=0 episode 3/3 step 32/300
[worker 2] task 1/1 id=0 episode 3/3 step 33/300
PROFILE {"session": "libero-b020d2d2", "worker": 1, "client": {"visual_record_s": 0.004267294891178608, "env_s": 0.39906279277056456, "env_steps": 10.0, "observation_s": 0.005657995585352182, "request_build_s": 6.387615576386452e-05, "request_roundtrip_s": 0.15764676593244076}, "transport": {"connect_s": 0.0010157879441976547, "encode_s": 0.0001541702076792717, "send_s": 0.00023734010756015778, "wait_response_s": 0.1553427530452609, "close_s": 0.0005274107679724693, "decode_s": 5.92363066971302e-05, "request_bytes": 393748}, "server": {}}
[worker 2] task 1/1 id=0 episode 3/3 step 34/300
[worker 1] task 1/1 id=0 episode 2/3 step 32/300
[worker 2] task 1/1 id=0 episode 3/3 step 35/300
PROFILE {"session": "libero-ad289d6e", "worker": 0, "client": {"visual_record_s": 0.005579858552664518, "env_s": 0.3617310607805848, "env_steps": 10.0, "observation_s": 0.003955880180001259, "request_build_s": 4.8168934881687164e-05, "request_roundtrip_s": 0.19185325410217047}, "transport": {"connect_s": 0.0006754067726433277, "encode_s": 0.0001229671761393547, "send_s": 0.00020242203027009964, "wait_response_s": 0.19013435067608953, "close_s": 0.0004310533404350281, "decode_s": 4.663178697228432e-05, "request_bytes": 393748}, "server": {}}
[worker 2] task 1/1 id=0 episode 3/3 step 36/300
[worker 1] task 1/1 id=0 episode 2/3 step 33/300
[worker 0] task 1/1 id=0 episode 1/3 step 32/300
[worker 2] task 1/1 id=0 episode 3/3 step 37/300
[worker 1] task 1/1 id=0 episode 2/3 step 34/300
[worker 0] task 1/1 id=0 episode 1/3 step 33/300
[worker 2] task 1/1 id=0 episode 3/3 step 38/300
[worker 1] task 1/1 id=0 episode 2/3 step 35/300
[worker 0] task 1/1 id=0 episode 1/3 step 34/300
[worker 2] task 1/1 id=0 episode 3/3 step 39/300
[worker 1] task 1/1 id=0 episode 2/3 step 36/300
[worker 0] task 1/1 id=0 episode 1/3 step 35/300
[worker 2] task 1/1 id=0 episode 3/3 step 40/300
[worker 1] task 1/1 id=0 episode 2/3 step 37/300
[worker 0] task 1/1 id=0 episode 1/3 step 36/300
[worker 2] task 1/1 id=0 episode 3/3 step 41/300
[worker 1] task 1/1 id=0 episode 2/3 step 38/300
[worker 0] task 1/1 id=0 episode 1/3 step 37/300
[worker 1] task 1/1 id=0 episode 2/3 step 39/300
[worker 0] task 1/1 id=0 episode 1/3 step 38/300
[worker 1] task 1/1 id=0 episode 2/3 step 40/300
PROFILE {"session": "libero-bd7fd8a0", "worker": 2, "client": {"visual_record_s": 0.005527501460164785, "env_s": 0.388529856223613, "env_steps": 10.0, "observation_s": 0.00478318752720952, "request_build_s": 9.05059278011322e-05, "request_roundtrip_s": 0.08792712027207017}, "transport": {"connect_s": 0.0016227592714130878, "encode_s": 0.00034685293212532997, "send_s": 0.0006455141119658947, "wait_response_s": 0.08417301205918193, "close_s": 0.0005481317639350891, "decode_s": 6.679492071270943e-05, "request_bytes": 393748}, "server": {}}
[worker 0] task 1/1 id=0 episode 1/3 step 39/300
[worker 1] task 1/1 id=0 episode 2/3 step 41/300
[worker 2] task 1/1 id=0 episode 3/3 step 42/300
[worker 0] task 1/1 id=0 episode 1/3 step 40/300
[worker 2] task 1/1 id=0 episode 3/3 step 43/300
[worker 0] task 1/1 id=0 episode 1/3 step 41/300
PROFILE {"session": "libero-b020d2d2", "worker": 1, "client": {"visual_record_s": 0.004822385963052511, "env_s": 0.4065890619531274, "env_steps": 10.0, "observation_s": 0.005681884940713644, "request_build_s": 5.1759183406829834e-05, "request_roundtrip_s": 0.08190852776169777}, "transport": {"connect_s": 0.0014962279237806797, "encode_s": 0.00012887082993984222, "send_s": 0.00019006896764039993, "wait_response_s": 0.07888566795736551, "close_s": 0.0007237731479108334, "decode_s": 0.00012683775275945663, "request_bytes": 393748}, "server": {}}
[worker 2] task 1/1 id=0 episode 3/3 step 44/300
[worker 1] task 1/1 id=0 episode 2/3 step 42/300
[worker 2] task 1/1 id=0 episode 3/3 step 45/300
[worker 2] task 1/1 id=0 episode 3/3 step 46/300
[worker 1] task 1/1 id=0 episode 2/3 step 43/300
PROFILE {"session": "libero-ad289d6e", "worker": 0, "client": {"visual_record_s": 0.004109379835426807, "env_s": 0.39948668889701366, "env_steps": 10.0, "observation_s": 0.005008546635508537, "request_build_s": 0.00028528086841106415, "request_roundtrip_s": 0.09188406309112906}, "transport": {"connect_s": 0.0008490206673741341, "encode_s": 0.00013869302347302437, "send_s": 0.00021567335352301598, "wait_response_s": 0.08920011390000582, "close_s": 0.0010971459560096264, "decode_s": 5.597574636340141e-05, "request_bytes": 393748}, "server": {}}
[worker 2] task 1/1 id=0 episode 3/3 step 47/300
[worker 0] task 1/1 id=0 episode 1/3 step 42/300
[worker 1] task 1/1 id=0 episode 2/3 step 44/300
[worker 2] task 1/1 id=0 episode 3/3 step 48/300
[worker 1] task 1/1 id=0 episode 2/3 step 45/300
[worker 0] task 1/1 id=0 episode 1/3 step 43/300
[worker 2] task 1/1 id=0 episode 3/3 step 49/300
[worker 2] task 1/1 id=0 episode 3/3 step 50/300
[worker 1] task 1/1 id=0 episode 2/3 step 46/300
[worker 0] task 1/1 id=0 episode 1/3 step 44/300
[worker 2] task 1/1 id=0 episode 3/3 step 51/300
[worker 1] task 1/1 id=0 episode 2/3 step 47/300
[worker 0] task 1/1 id=0 episode 1/3 step 45/300
[worker 1] task 1/1 id=0 episode 2/3 step 48/300
[worker 0] task 1/1 id=0 episode 1/3 step 46/300
PROFILE {"session": "libero-bd7fd8a0", "worker": 2, "client": {"visual_record_s": 0.00370913278311491, "env_s": 0.3447091318666935, "env_steps": 10.0, "observation_s": 0.005076597910374403, "request_build_s": 0.00010461173951625824, "request_roundtrip_s": 0.08554994501173496}, "transport": {"connect_s": 0.0015915301628410816, "encode_s": 0.0003066197969019413, "send_s": 0.00041938619688153267, "wait_response_s": 0.08168256189674139, "close_s": 0.0010829162783920765, "decode_s": 7.064966484904289e-05, "request_bytes": 393748}, "server": {}}
[worker 1] task 1/1 id=0 episode 2/3 step 49/300
[worker 0] task 1/1 id=0 episode 1/3 step 47/300
[worker 2] task 1/1 id=0 episode 3/3 step 52/300
[worker 1] task 1/1 id=0 episode 2/3 step 50/300
[worker 0] task 1/1 id=0 episode 1/3 step 48/300
[worker 2] task 1/1 id=0 episode 3/3 step 53/300
[worker 1] task 1/1 id=0 episode 2/3 step 51/300
[worker 0] task 1/1 id=0 episode 1/3 step 49/300
[worker 0] task 1/1 id=0 episode 1/3 step 50/300
[worker 2] task 1/1 id=0 episode 3/3 step 54/300
PROFILE {"session": "libero-b020d2d2", "worker": 1, "client": {"visual_record_s": 0.005464680027216673, "env_s": 0.462627568282187, "env_steps": 10.0, "observation_s": 0.00660634133964777, "request_build_s": 7.612491026520729e-05, "request_roundtrip_s": 0.08984218304976821}, "transport": {"connect_s": 0.001075398176908493, "encode_s": 0.00019542686641216278, "send_s": 0.0004113363102078438, "wait_response_s": 0.08719599805772305, "close_s": 0.0004766318015754223, "decode_s": 8.042203262448311e-05, "request_bytes": 393748}, "server": {}}
[worker 0] task 1/1 id=0 episode 1/3 step 51/300
[worker 2] task 1/1 id=0 episode 3/3 step 55/300
[worker 1] task 1/1 id=0 episode 2/3 step 52/300
[worker 2] task 1/1 id=0 episode 3/3 step 56/300
[worker 1] task 1/1 id=0 episode 2/3 step 53/300
[worker 2] task 1/1 id=0 episode 3/3 step 57/300
PROFILE {"session": "libero-ad289d6e", "worker": 0, "client": {"visual_record_s": 0.007471764925867319, "env_s": 0.4726401325315237, "env_steps": 10.0, "observation_s": 0.007896432653069496, "request_build_s": 0.00010668067261576653, "request_roundtrip_s": 0.0948101649992168}, "transport": {"connect_s": 0.0012884121388196945, "encode_s": 0.0001585329882800579, "send_s": 0.0003029210492968559, "wait_response_s": 0.09113386273384094, "close_s": 0.001339383888989687, "decode_s": 0.00015918398275971413, "request_bytes": 393748}, "server": {}}
[worker 1] task 1/1 id=0 episode 2/3 step 54/300
[worker 2] task 1/1 id=0 episode 3/3 step 58/300
[worker 0] task 1/1 id=0 episode 1/3 step 52/300
[worker 1] task 1/1 id=0 episode 2/3 step 55/300
[worker 2] task 1/1 id=0 episode 3/3 step 59/300
[worker 0] task 1/1 id=0 episode 1/3 step 53/300
[worker 1] task 1/1 id=0 episode 2/3 step 56/300
[worker 2] task 1/1 id=0 episode 3/3 step 60/300
[worker 0] task 1/1 id=0 episode 1/3 step 54/300
[worker 1] task 1/1 id=0 episode 2/3 step 57/300
[worker 2] task 1/1 id=0 episode 3/3 step 61/300
[worker 1] task 1/1 id=0 episode 2/3 step 58/300
[worker 0] task 1/1 id=0 episode 1/3 step 55/300
[worker 1] task 1/1 id=0 episode 2/3 step 59/300
[worker 0] task 1/1 id=0 episode 1/3 step 56/300
[worker 1] task 1/1 id=0 episode 2/3 step 60/300
[worker 0] task 1/1 id=0 episode 1/3 step 57/300
PROFILE {"session": "libero-bd7fd8a0", "worker": 2, "client": {"visual_record_s": 0.00865516671910882, "env_s": 0.5369607144966722, "env_steps": 10.0, "observation_s": 0.007620735559612513, "request_build_s": 8.957693353295326e-05, "request_roundtrip_s": 0.09202152211219072}, "transport": {"connect_s": 0.0020840223878622055, "encode_s": 0.000507755670696497, "send_s": 0.0005991822108626366, "wait_response_s": 0.0871356250718236, "close_s": 0.001056433655321598, "decode_s": 6.479118019342422e-05, "request_bytes": 393748}, "server": {}}
[worker 1] task 1/1 id=0 episode 2/3 step 61/300
[worker 0] task 1/1 id=0 episode 1/3 step 58/300
[worker 2] task 1/1 id=0 episode 3/3 step 62/300
[worker 0] task 1/1 id=0 episode 1/3 step 59/300
[worker 2] task 1/1 id=0 episode 3/3 step 63/300
[worker 0] task 1/1 id=0 episode 1/3 step 60/300
PROFILE {"session": "libero-b020d2d2", "worker": 1, "client": {"visual_record_s": 0.0040338048711419106, "env_s": 0.46121714916080236, "env_steps": 10.0, "observation_s": 0.0044649806804955006, "request_build_s": 6.878888234496117e-05, "request_roundtrip_s": 0.08904908783733845}, "transport": {"connect_s": 0.0008816709741950035, "encode_s": 0.00016314024105668068, "send_s": 0.00021286681294441223, "wait_response_s": 0.08662836300209165, "close_s": 0.0006395452655851841, "decode_s": 7.888767868280411e-05, "request_bytes": 393748}, "server": {}}
[worker 2] task 1/1 id=0 episode 3/3 step 64/300
[worker 0] task 1/1 id=0 episode 1/3 step 61/300
[worker 2] task 1/1 id=0 episode 3/3 step 65/300
[worker 1] task 1/1 id=0 episode 2/3 step 62/300
[worker 2] task 1/1 id=0 episode 3/3 step 66/300
[worker 1] task 1/1 id=0 episode 2/3 step 63/300
PROFILE {"session": "libero-ad289d6e", "worker": 0, "client": {"visual_record_s": 0.006316517014056444, "env_s": 0.47173894569277763, "env_steps": 10.0, "observation_s": 0.006792708300054073, "request_build_s": 5.327817052602768e-05, "request_roundtrip_s": 0.0878127352334559}, "transport": {"connect_s": 0.0011609960347414017, "encode_s": 0.00012764427810907364, "send_s": 0.00022765155881643295, "wait_response_s": 0.08504276908934116, "close_s": 0.0008181133307516575, "decode_s": 4.665600135922432e-05, "request_bytes": 393748}, "server": {}}
[worker 2] task 1/1 id=0 episode 3/3 step 67/300
[worker 1] task 1/1 id=0 episode 2/3 step 64/300
[worker 0] task 1/1 id=0 episode 1/3 step 62/300
[worker 2] task 1/1 id=0 episode 3/3 step 68/300
[worker 1] task 1/1 id=0 episode 2/3 step 65/300
[worker 0] task 1/1 id=0 episode 1/3 step 63/300
[worker 2] task 1/1 id=0 episode 3/3 step 69/300
[worker 1] task 1/1 id=0 episode 2/3 step 66/300
[worker 0] task 1/1 id=0 episode 1/3 step 64/300
[worker 2] task 1/1 id=0 episode 3/3 step 70/300
[worker 0] task 1/1 id=0 episode 1/3 step 65/300
[worker 1] task 1/1 id=0 episode 2/3 step 67/300
[worker 2] task 1/1 id=0 episode 3/3 step 71/300
[worker 0] task 1/1 id=0 episode 1/3 step 66/300
[worker 1] task 1/1 id=0 episode 2/3 step 68/300
[worker 0] task 1/1 id=0 episode 1/3 step 67/300
[worker 1] task 1/1 id=0 episode 2/3 step 69/300
[worker 0] task 1/1 id=0 episode 1/3 step 68/300
[worker 1] task 1/1 id=0 episode 2/3 step 70/300
PROFILE {"session": "libero-bd7fd8a0", "worker": 2, "client": {"visual_record_s": 0.004314459394663572, "env_s": 0.411805490963161, "env_steps": 10.0, "observation_s": 0.005578926764428616, "request_build_s": 6.0025136917829514e-05, "request_roundtrip_s": 0.08864114060997963}, "transport": {"connect_s": 0.0009482139721512794, "encode_s": 0.0003399667330086231, "send_s": 0.00039126211777329445, "wait_response_s": 0.08558471407741308, "close_s": 0.0006876629777252674, "decode_s": 4.963623359799385e-05, "request_bytes": 393748}, "server": {}}
[worker 0] task 1/1 id=0 episode 1/3 step 69/300
[worker 1] task 1/1 id=0 episode 2/3 step 71/300
[worker 2] task 1/1 id=0 episode 3/3 step 72/300
[worker 0] task 1/1 id=0 episode 1/3 step 70/300
[worker 2] task 1/1 id=0 episode 3/3 step 73/300
[worker 0] task 1/1 id=0 episode 1/3 step 71/300
[worker 2] task 1/1 id=0 episode 3/3 step 74/300
[worker 2] task 1/1 id=0 episode 3/3 step 75/300
PROFILE {"session": "libero-b020d2d2", "worker": 1, "client": {"visual_record_s": 0.003560347482562065, "env_s": 0.4025965970940888, "env_steps": 10.0, "observation_s": 0.005432074889540672, "request_build_s": 8.472613990306854e-05, "request_roundtrip_s": 0.09055840782821178}, "transport": {"connect_s": 0.0007836669683456421, "encode_s": 0.0003247787244617939, "send_s": 0.00034616002812981606, "wait_response_s": 0.08818959211930633, "close_s": 0.0005182898603379726, "decode_s": 5.4595060646533966e-05, "request_bytes": 393748}, "server": {}}
[worker 2] task 1/1 id=0 episode 3/3 step 76/300
[worker 1] task 1/1 id=0 episode 2/3 step 72/300
[worker 2] task 1/1 id=0 episode 3/3 step 77/300
[worker 1] task 1/1 id=0 episode 2/3 step 73/300
[worker 2] task 1/1 id=0 episode 3/3 step 78/300
PROFILE {"session": "libero-ad289d6e", "worker": 0, "client": {"visual_record_s": 0.0030975164845585823, "env_s": 0.3340623490512371, "env_steps": 10.0, "observation_s": 0.003836119081825018, "request_build_s": 0.00022179586812853813, "request_roundtrip_s": 0.13174798106774688}, "transport": {"connect_s": 0.0010426659137010574, "encode_s": 0.0001240982674062252, "send_s": 0.00019499007612466812, "wait_response_s": 0.12951908400282264, "close_s": 0.0005516009405255318, "decode_s": 4.59388829767704e-05, "request_bytes": 393748}, "server": {}}
[worker 2] task 1/1 id=0 episode 3/3 step 79/300
[worker 1] task 1/1 id=0 episode 2/3 step 74/300
[worker 0] task 1/1 id=0 episode 1/3 step 72/300
[worker 2] task 1/1 id=0 episode 3/3 step 80/300
[worker 1] task 1/1 id=0 episode 2/3 step 75/300
[worker 2] task 1/1 id=0 episode 3/3 step 81/300
[worker 1] task 1/1 id=0 episode 2/3 step 76/300
[worker 0] task 1/1 id=0 episode 1/3 step 73/300
[worker 1] task 1/1 id=0 episode 2/3 step 77/300
[worker 0] task 1/1 id=0 episode 1/3 step 74/300
[worker 1] task 1/1 id=0 episode 2/3 step 78/300
PROFILE {"session": "libero-bd7fd8a0", "worker": 2, "client": {"visual_record_s": 0.0030925325118005276, "env_s": 0.3021483994089067, "env_steps": 10.0, "observation_s": 0.006649887654930353, "request_build_s": 6.027286872267723e-05, "request_roundtrip_s": 0.0899851811118424}, "transport": {"connect_s": 0.0017549158073961735, "encode_s": 0.0003929310478270054, "send_s": 0.00040188897401094437, "wait_response_s": 0.08585114125162363, "close_s": 0.0005125286988914013, "decode_s": 5.902722477912903e-05, "request_bytes": 393748}, "server": {}}
[worker 0] task 1/1 id=0 episode 1/3 step 75/300
[worker 1] task 1/1 id=0 episode 2/3 step 79/300
[worker 2] task 1/1 id=0 episode 3/3 step 82/300
[worker 0] task 1/1 id=0 episode 1/3 step 76/300
[worker 1] task 1/1 id=0 episode 2/3 step 80/300
[worker 2] task 1/1 id=0 episode 3/3 step 83/300
[worker 0] task 1/1 id=0 episode 1/3 step 77/300
[worker 1] task 1/1 id=0 episode 2/3 step 81/300
[worker 2] task 1/1 id=0 episode 3/3 step 84/300
[worker 0] task 1/1 id=0 episode 1/3 step 78/300
[worker 2] task 1/1 id=0 episode 3/3 step 85/300
[worker 0] task 1/1 id=0 episode 1/3 step 79/300
[worker 2] task 1/1 id=0 episode 3/3 step 86/300
PROFILE {"session": "libero-b020d2d2", "worker": 1, "client": {"visual_record_s": 0.002957221120595932, "env_s": 0.3831078330986202, "env_steps": 10.0, "observation_s": 0.006151772104203701, "request_build_s": 5.171261727809906e-05, "request_roundtrip_s": 0.08735298039391637}, "transport": {"connect_s": 0.0008376510813832283, "encode_s": 0.00013332022354006767, "send_s": 0.0002050548791885376, "wait_response_s": 0.0851202430203557, "close_s": 0.0005984008312225342, "decode_s": 6.526103243231773e-05, "request_bytes": 393748}, "server": {}}[worker 0] task 1/1 id=0 episode 1/3 step 80/300

[worker 2] task 1/1 id=0 episode 3/3 step 87/300
[worker 0] task 1/1 id=0 episode 1/3 step 81/300
[worker 1] task 1/1 id=0 episode 2/3 step 82/300
[worker 2] task 1/1 id=0 episode 3/3 step 88/300
[worker 2] task 1/1 id=0 episode 3/3 step 89/300
[worker 1] task 1/1 id=0 episode 2/3 step 83/300
[worker 2] task 1/1 id=0 episode 3/3 step 90/300
PROFILE {"session": "libero-ad289d6e", "worker": 0, "client": {"visual_record_s": 0.005461370572447777, "env_s": 0.42834776872769, "env_steps": 10.0, "observation_s": 0.00453532300889492, "request_build_s": 7.512280717492104e-05, "request_roundtrip_s": 0.08380850683897734}, "transport": {"connect_s": 0.0008632680401206017, "encode_s": 0.00012471061199903488, "send_s": 0.00019413325935602188, "wait_response_s": 0.08077738294377923, "close_s": 0.00043288199231028557, "decode_s": 0.0001442660577595234, "request_bytes": 393748}, "server": {}}
[worker 1] task 1/1 id=0 episode 2/3 step 84/300
[worker 2] task 1/1 id=0 episode 3/3 step 91/300
[worker 0] task 1/1 id=0 episode 1/3 step 82/300
[worker 1] task 1/1 id=0 episode 2/3 step 85/300
[worker 0] task 1/1 id=0 episode 1/3 step 83/300
[worker 1] task 1/1 id=0 episode 2/3 step 86/300
[worker 0] task 1/1 id=0 episode 1/3 step 84/300
PROFILE {"session": "libero-bd7fd8a0", "worker": 2, "client": {"visual_record_s": 0.0037216925993561745, "env_s": 0.3575054910033941, "env_steps": 10.0, "observation_s": 0.004287667106837034, "request_build_s": 0.00017278781160712242, "request_roundtrip_s": 0.08234836487099528}, "transport": {"connect_s": 0.001128150150179863, "encode_s": 0.0003362661227583885, "send_s": 0.0003928970545530319, "wait_response_s": 0.07947746897116303, "close_s": 0.0006212820298969746, "decode_s": 4.724273458123207e-05, "request_bytes": 393748}, "server": {}}
[worker 1] task 1/1 id=0 episode 2/3 step 87/300
[worker 2] task 1/1 id=0 episode 3/3 step 92/300
[worker 0] task 1/1 id=0 episode 1/3 step 85/300
[worker 1] task 1/1 id=0 episode 2/3 step 88/300
[worker 2] task 1/1 id=0 episode 3/3 step 93/300
[worker 0] task 1/1 id=0 episode 1/3 step 86/300
[worker 1] task 1/1 id=0 episode 2/3 step 89/300
[worker 2] task 1/1 id=0 episode 3/3 step 94/300
[worker 0] task 1/1 id=0 episode 1/3 step 87/300
[worker 1] task 1/1 id=0 episode 2/3 step 90/300
[worker 2] task 1/1 id=0 episode 3/3 step 95/300
[worker 0] task 1/1 id=0 episode 1/3 step 88/300
[worker 1] task 1/1 id=0 episode 2/3 step 91/300
[worker 2] task 1/1 id=0 episode 3/3 step 96/300
[worker 0] task 1/1 id=0 episode 1/3 step 89/300
[worker 2] task 1/1 id=0 episode 3/3 step 97/300
[worker 0] task 1/1 id=0 episode 1/3 step 90/300
[worker 2] task 1/1 id=0 episode 3/3 step 98/300
[worker 0] task 1/1 id=0 episode 1/3 step 91/300
PROFILE {"session": "libero-b020d2d2", "worker": 1, "client": {"visual_record_s": 0.004544143099337816, "env_s": 0.41793704871088266, "env_steps": 10.0, "observation_s": 0.005489397328346968, "request_build_s": 0.00018907105550169945, "request_roundtrip_s": 0.08905205596238375}, "transport": {"connect_s": 0.0018424950540065765, "encode_s": 0.00036072777584195137, "send_s": 0.0004962021484971046, "wait_response_s": 0.08498128410428762, "close_s": 0.0009365719743072987, "decode_s": 6.968900561332703e-05, "request_bytes": 393748}, "server": {}}
[worker 2] task 1/1 id=0 episode 3/3 step 99/300
[worker 1] task 1/1 id=0 episode 2/3 step 92/300
[worker 2] task 1/1 id=0 episode 3/3 step 100/300
[worker 1] task 1/1 id=0 episode 2/3 step 93/300
[worker 2] task 1/1 id=0 episode 3/3 step 101/300
PROFILE {"session": "libero-ad289d6e", "worker": 0, "client": {"visual_record_s": 0.004095788579434156, "env_s": 0.3814748916774988, "env_steps": 10.0, "observation_s": 0.005993625149130821, "request_build_s": 9.44649800658226e-05, "request_roundtrip_s": 0.09230316709727049}, "transport": {"connect_s": 0.0011240337044000626, "encode_s": 0.0001357649452984333, "send_s": 0.0003239973448216915, "wait_response_s": 0.08908287901431322, "close_s": 0.0010424256324768066, "decode_s": 5.900627002120018e-05, "request_bytes": 393748}, "server": {}}
[worker 1] task 1/1 id=0 episode 2/3 step 94/300
[worker 0] task 1/1 id=0 episode 1/3 step 92/300
[worker 1] task 1/1 id=0 episode 2/3 step 95/300
PROFILE {"session": "libero-bd7fd8a0", "worker": 2, "client": {"visual_record_s": 0.003511128481477499, "env_s": 0.35522329015657306, "env_steps": 10.0, "observation_s": 0.0052771191112697124, "request_build_s": 0.00015385262668132782, "request_roundtrip_s": 0.08400502521544695}, "transport": {"connect_s": 0.0008576149120926857, "encode_s": 0.0003193630836904049, "send_s": 0.00038782181218266487, "wait_response_s": 0.08053091401234269, "close_s": 0.0009542889893054962, "decode_s": 0.00015975302085280418, "request_bytes": 393748}, "server": {}}
[worker 0] task 1/1 id=0 episode 1/3 step 93/300
[worker 1] task 1/1 id=0 episode 2/3 step 96/300
[worker 2] task 1/1 id=0 episode 3/3 step 102/300
[worker 0] task 1/1 id=0 episode 1/3 step 94/300
[worker 1] task 1/1 id=0 episode 2/3 step 97/300
[worker 2] task 1/1 id=0 episode 3/3 step 103/300
[worker 0] task 1/1 id=0 episode 1/3 step 95/300
[worker 1] task 1/1 id=0 episode 2/3 step 98/300
[worker 2] task 1/1 id=0 episode 3/3 step 104/300
[worker 0] task 1/1 id=0 episode 1/3 step 96/300
[worker 1] task 1/1 id=0 episode 2/3 step 99/300
[worker 2] task 1/1 id=0 episode 3/3 step 105/300
[worker 1] task 1/1 id=0 episode 2/3 step 100/300
[worker 0] task 1/1 id=0 episode 1/3 step 97/300
[worker 2] task 1/1 id=0 episode 3/3 step 106/300
[worker 1] task 1/1 id=0 episode 2/3 step 101/300
[worker 0] task 1/1 id=0 episode 1/3 step 98/300
[worker 2] task 1/1 id=0 episode 3/3 step 107/300
[worker 2] task 1/1 id=0 episode 3/3 step 108/300
[worker 0] task 1/1 id=0 episode 1/3 step 99/300
[worker 2] task 1/1 id=0 episode 3/3 step 109/300
[worker 0] task 1/1 id=0 episode 1/3 step 100/300
PROFILE {"session": "libero-b020d2d2", "worker": 1, "client": {"visual_record_s": 0.004534893203526735, "env_s": 0.4394766027107835, "env_steps": 10.0, "observation_s": 0.0056197806261479855, "request_build_s": 5.4974108934402466e-05, "request_roundtrip_s": 0.08275733795017004}, "transport": {"connect_s": 0.0008479300886392593, "encode_s": 0.00035784579813480377, "send_s": 0.00038265204057097435, "wait_response_s": 0.08014033315703273, "close_s": 0.000318353995680809, "decode_s": 6.189988926053047e-05, "request_bytes": 393748}, "server": {}}
[worker 2] task 1/1 id=0 episode 3/3 step 110/300
[worker 0] task 1/1 id=0 episode 1/3 step 101/300
[worker 1] task 1/1 id=0 episode 2/3 step 102/300
[worker 2] task 1/1 id=0 episode 3/3 step 111/300
[worker 1] task 1/1 id=0 episode 2/3 step 103/300
[worker 1] task 1/1 id=0 episode 2/3 step 104/300
PROFILE {"session": "libero-ad289d6e", "worker": 0, "client": {"visual_record_s": 0.0052324747666716576, "env_s": 0.4671573513187468, "env_steps": 10.0, "observation_s": 0.0051779188215732574, "request_build_s": 0.0005519818514585495, "request_roundtrip_s": 0.08321367995813489}, "transport": {"connect_s": 0.0010784734040498734, "encode_s": 0.00012703100219368935, "send_s": 0.000520812813192606, "wait_response_s": 0.08046757290139794, "close_s": 0.0005943318828940392, "decode_s": 5.893036723136902e-05, "request_bytes": 393748}, "server": {}}
[worker 1] task 1/1 id=0 episode 2/3 step 105/300
[worker 0] task 1/1 id=0 episode 1/3 step 102/300
[worker 1] task 1/1 id=0 episode 2/3 step 106/300
PROFILE {"session": "libero-bd7fd8a0", "worker": 2, "client": {"visual_record_s": 0.0046913642436265945, "env_s": 0.4160642088390887, "env_steps": 10.0, "observation_s": 0.00391331547871232, "request_build_s": 5.3104013204574585e-05, "request_roundtrip_s": 0.13392873480916023}, "transport": {"connect_s": 0.0009146700613200665, "encode_s": 0.00035661691799759865, "send_s": 0.0003438987769186497, "wait_response_s": 0.1314727971330285, "close_s": 0.00038540223613381386, "decode_s": 4.88809309899807e-05, "request_bytes": 393748}, "server": {}}
[worker 1] task 1/1 id=0 episode 2/3 step 107/300
[worker 0] task 1/1 id=0 episode 1/3 step 103/300
[worker 1] task 1/1 id=0 episode 2/3 step 108/300
[worker 2] task 1/1 id=0 episode 3/3 step 112/300
[worker 0] task 1/1 id=0 episode 1/3 step 104/300
[worker 1] task 1/1 id=0 episode 2/3 step 109/300
[worker 2] task 1/1 id=0 episode 3/3 step 113/300
[worker 0] task 1/1 id=0 episode 1/3 step 105/300
[worker 1] task 1/1 id=0 episode 2/3 step 110/300
[worker 0] task 1/1 id=0 episode 1/3 step 106/300
[worker 2] task 1/1 id=0 episode 3/3 step 114/300
[worker 1] task 1/1 id=0 episode 2/3 step 111/300
[worker 0] task 1/1 id=0 episode 1/3 step 107/300
[worker 2] task 1/1 id=0 episode 3/3 step 115/300
[worker 0] task 1/1 id=0 episode 1/3 step 108/300
[worker 2] task 1/1 id=0 episode 3/3 step 116/300
PROFILE {"session": "libero-b020d2d2", "worker": 1, "client": {"visual_record_s": 0.006077989470213652, "env_s": 0.35887501295655966, "env_steps": 10.0, "observation_s": 0.003832219634205103, "request_build_s": 0.00034074997529387474, "request_roundtrip_s": 0.08288322109729052}, "transport": {"connect_s": 0.0012322328984737396, "encode_s": 0.00034177908673882484, "send_s": 0.00043702591210603714, "wait_response_s": 0.07973081339150667, "close_s": 0.0004724618047475815, "decode_s": 5.507795140147209e-05, "request_bytes": 393748}, "server": {}}
[worker 0] task 1/1 id=0 episode 1/3 step 109/300
[worker 2] task 1/1 id=0 episode 3/3 step 117/300
[worker 1] task 1/1 id=0 episode 2/3 step 112/300
[worker 0] task 1/1 id=0 episode 1/3 step 110/300
[worker 2] task 1/1 id=0 episode 3/3 step 118/300
[worker 0] task 1/1 id=0 episode 1/3 step 111/300
[worker 1] task 1/1 id=0 episode 2/3 step 113/300
[worker 2] task 1/1 id=0 episode 3/3 step 119/300
[worker 2] task 1/1 id=0 episode 3/3 step 120/300
[worker 1] task 1/1 id=0 episode 2/3 step 114/300
[worker 2] task 1/1 id=0 episode 3/3 step 121/300
PROFILE {"session": "libero-ad289d6e", "worker": 0, "client": {"visual_record_s": 0.0035414965823292732, "env_s": 0.4388710968196392, "env_steps": 10.0, "observation_s": 0.006448034197092056, "request_build_s": 0.0005283360369503498, "request_roundtrip_s": 0.08948082523420453}, "transport": {"connect_s": 0.002073426730930805, "encode_s": 0.00014596199616789818, "send_s": 0.00022439425811171532, "wait_response_s": 0.08610890107229352, "close_s": 0.000298443716019392, "decode_s": 6.538489833474159e-05, "request_bytes": 393748}, "server": {}}
[worker 1] task 1/1 id=0 episode 2/3 step 115/300
[worker 0] task 1/1 id=0 episode 1/3 step 112/300
[worker 1] task 1/1 id=0 episode 2/3 step 116/300
[worker 1] task 1/1 id=0 episode 2/3 step 117/300
PROFILE {"session": "libero-bd7fd8a0", "worker": 2, "client": {"visual_record_s": 0.005849731154739857, "env_s": 0.4391958676278591, "env_steps": 10.0, "observation_s": 0.00454464927315712, "request_build_s": 5.2065588533878326e-05, "request_roundtrip_s": 0.09259640937671065}, "transport": {"connect_s": 0.0009600818157196045, "encode_s": 0.0003632013686001301, "send_s": 0.0004063067026436329, "wait_response_s": 0.0891841622069478, "close_s": 0.0011135437525808811, "decode_s": 6.967317312955856e-05, "request_bytes": 393748}, "server": {}}
[worker 0] task 1/1 id=0 episode 1/3 step 113/300
[worker 1] task 1/1 id=0 episode 2/3 step 118/300
[worker 0] task 1/1 id=0 episode 1/3 step 114/300
[worker 2] task 1/1 id=0 episode 3/3 step 122/300
[worker 1] task 1/1 id=0 episode 2/3 step 119/300
[worker 0] task 1/1 id=0 episode 1/3 step 115/300
[worker 2] task 1/1 id=0 episode 3/3 step 123/300
[worker 1] task 1/1 id=0 episode 2/3 step 120/300
[worker 0] task 1/1 id=0 episode 1/3 step 116/300
[worker 1] task 1/1 id=0 episode 2/3 step 121/300
[worker 2] task 1/1 id=0 episode 3/3 step 124/300
[worker 0] task 1/1 id=0 episode 1/3 step 117/300
[worker 2] task 1/1 id=0 episode 3/3 step 125/300
[worker 0] task 1/1 id=0 episode 1/3 step 118/300
PROFILE {"session": "libero-b020d2d2", "worker": 1, "client": {"visual_record_s": 0.004886448383331299, "env_s": 0.4572132038883865, "env_steps": 10.0, "observation_s": 0.005733131896704435, "request_build_s": 8.769333362579346e-05, "request_roundtrip_s": 0.0914406469091773}, "transport": {"connect_s": 0.0016353409737348557, "encode_s": 0.0003825700841844082, "send_s": 0.0003846059553325176, "wait_response_s": 0.08770795818418264, "close_s": 0.0008113631047308445, "decode_s": 7.053092122077942e-05, "request_bytes": 393748}, "server": {}}
[worker 2] task 1/1 id=0 episode 3/3 step 126/300
[worker 0] task 1/1 id=0 episode 1/3 step 119/300
[worker 2] task 1/1 id=0 episode 3/3 step 127/300
[worker 1] task 1/1 id=0 episode 2/3 step 122/300
[worker 0] task 1/1 id=0 episode 1/3 step 120/300
[worker 2] task 1/1 id=0 episode 3/3 step 128/300
[worker 1] task 1/1 id=0 episode 2/3 step 123/300
[worker 0] task 1/1 id=0 episode 1/3 step 121/300
[worker 2] task 1/1 id=0 episode 3/3 step 129/300
[worker 1] task 1/1 id=0 episode 2/3 step 124/300
[worker 2] task 1/1 id=0 episode 3/3 step 130/300
[worker 1] task 1/1 id=0 episode 2/3 step 125/300
[worker 2] task 1/1 id=0 episode 3/3 step 131/300
[worker 1] task 1/1 id=0 episode 2/3 step 126/300
PROFILE {"session": "libero-ad289d6e", "worker": 0, "client": {"visual_record_s": 0.004325512330979109, "env_s": 0.46790612721815705, "env_steps": 10.0, "observation_s": 0.005019892938435078, "request_build_s": 0.00015583494678139687, "request_roundtrip_s": 0.09152494417503476}, "transport": {"connect_s": 0.0008495878428220749, "encode_s": 0.0006023328751325607, "send_s": 0.0008881483227014542, "wait_response_s": 0.08689492288976908, "close_s": 0.0014809048734605312, "decode_s": 8.864607661962509e-05, "request_bytes": 393748}, "server": {}}
[worker 1] task 1/1 id=0 episode 2/3 step 127/300
[worker 0] task 1/1 id=0 episode 1/3 step 122/300
[worker 1] task 1/1 id=0 episode 2/3 step 128/300
PROFILE {"session": "libero-bd7fd8a0", "worker": 2, "client": {"visual_record_s": 0.0057428497821092606, "env_s": 0.45903077302500606, "env_steps": 10.0, "observation_s": 0.004931396804749966, "request_build_s": 5.109095945954323e-05, "request_roundtrip_s": 0.09964314103126526}, "transport": {"connect_s": 0.0008617262355983257, "encode_s": 0.00032966211438179016, "send_s": 0.0003554476425051689, "wait_response_s": 0.09724735794588923, "close_s": 0.000473605003207922, "decode_s": 5.2283983677625656e-05, "request_bytes": 393748}, "server": {}}
[worker 0] task 1/1 id=0 episode 1/3 step 123/300
[worker 1] task 1/1 id=0 episode 2/3 step 129/300
[worker 2] task 1/1 id=0 episode 3/3 step 132/300
[worker 0] task 1/1 id=0 episode 1/3 step 124/300
[worker 1] task 1/1 id=0 episode 2/3 step 130/300
[worker 2] task 1/1 id=0 episode 3/3 step 133/300
[worker 0] task 1/1 id=0 episode 1/3 step 125/300
[worker 1] task 1/1 id=0 episode 2/3 step 131/300
[worker 2] task 1/1 id=0 episode 3/3 step 134/300
[worker 0] task 1/1 id=0 episode 1/3 step 126/300
[worker 2] task 1/1 id=0 episode 3/3 step 135/300
[worker 0] task 1/1 id=0 episode 1/3 step 127/300
[worker 2] task 1/1 id=0 episode 3/3 step 136/300
[worker 0] task 1/1 id=0 episode 1/3 step 128/300
PROFILE {"session": "libero-b020d2d2", "worker": 1, "client": {"visual_record_s": 0.005686704535037279, "env_s": 0.38439701963216066, "env_steps": 10.0, "observation_s": 0.0050602988339960575, "request_build_s": 5.539413541555405e-05, "request_roundtrip_s": 0.08877642406150699}, "transport": {"connect_s": 0.000916964840143919, "encode_s": 0.00034700101241469383, "send_s": 0.00034935493022203445, "wait_response_s": 0.08628869010135531, "close_s": 0.0004654722288250923, "decode_s": 4.513980820775032e-05, "request_bytes": 393748}, "server": {}}
[worker 2] task 1/1 id=0 episode 3/3 step 137/300
[worker 0] task 1/1 id=0 episode 1/3 step 129/300
[worker 1] task 1/1 id=0 episode 2/3 step 132/300
[worker 2] task 1/1 id=0 episode 3/3 step 138/300
[worker 0] task 1/1 id=0 episode 1/3 step 130/300
[worker 1] task 1/1 id=0 episode 2/3 step 133/300
[worker 2] task 1/1 id=0 episode 3/3 step 139/300
[worker 0] task 1/1 id=0 episode 1/3 step 131/300
[worker 1] task 1/1 id=0 episode 2/3 step 134/300
[worker 2] task 1/1 id=0 episode 3/3 step 140/300
[worker 1] task 1/1 id=0 episode 2/3 step 135/300
[worker 2] task 1/1 id=0 episode 3/3 step 141/300
[worker 1] task 1/1 id=0 episode 2/3 step 136/300
PROFILE {"session": "libero-ad289d6e", "worker": 0, "client": {"visual_record_s": 0.0036313971504569054, "env_s": 0.3633282370865345, "env_steps": 10.0, "observation_s": 0.0050101252272725105, "request_build_s": 0.0002615288831293583, "request_roundtrip_s": 0.09349127020686865}, "transport": {"connect_s": 0.0014320937916636467, "encode_s": 0.00036431290209293365, "send_s": 0.0006735292263329029, "wait_response_s": 0.09005153784528375, "close_s": 0.0005582929588854313, "decode_s": 4.6588946133852005e-05, "request_bytes": 393748}, "server": {}}
[worker 1] task 1/1 id=0 episode 2/3 step 137/300
[worker 1] task 1/1 id=0 episode 2/3 step 138/300
[worker 0] task 1/1 id=0 episode 1/3 step 132/300
[worker 1] task 1/1 id=0 episode 2/3 step 139/300
[worker 0] task 1/1 id=0 episode 1/3 step 133/300
PROFILE {"session": "libero-bd7fd8a0", "worker": 2, "client": {"visual_record_s": 0.00368485227227211, "env_s": 0.3268355466425419, "env_steps": 10.0, "observation_s": 0.004427613690495491, "request_build_s": 0.00015496183186769485, "request_roundtrip_s": 0.1344365319237113}, "transport": {"connect_s": 0.000861660111695528, "encode_s": 0.00034464383497834206, "send_s": 0.0004437449388206005, "wait_response_s": 0.13124170014634728, "close_s": 0.0010635438375175, "decode_s": 6.317021325230598e-05, "request_bytes": 393748}, "server": {}}
[worker 1] task 1/1 id=0 episode 2/3 step 140/300
[worker 0] task 1/1 id=0 episode 1/3 step 134/300
[worker 2] task 1/1 id=0 episode 3/3 step 142/300
[worker 1] task 1/1 id=0 episode 2/3 step 141/300
[worker 0] task 1/1 id=0 episode 1/3 step 135/300
[worker 2] task 1/1 id=0 episode 3/3 step 143/300
[worker 0] task 1/1 id=0 episode 1/3 step 136/300
PROFILE {"session": "libero-b020d2d2", "worker": 1, "client": {"visual_record_s": 0.004858882166445255, "env_s": 0.3445292911492288, "env_steps": 10.0, "observation_s": 0.003434292506426573, "request_build_s": 5.477899685502052e-05, "request_roundtrip_s": 0.0786204095929861}, "transport": {"connect_s": 0.0015293201431632042, "encode_s": 0.0003360589034855366, "send_s": 0.00035515986382961273, "wait_response_s": 0.07551405532285571, "close_s": 0.000499640591442585, "decode_s": 6.051827222108841e-05, "request_bytes": 393748}, "server": {}}
[worker 2] task 1/1 id=0 episode 3/3 step 144/300
[worker 0] task 1/1 id=0 episode 1/3 step 137/300
[worker 0] task 1/1 id=0 episode 1/3 step 138/300
[worker 1] task 1/1 id=0 episode 2/3 step 142/300
[worker 2] task 1/1 id=0 episode 3/3 step 145/300
[worker 0] task 1/1 id=0 episode 1/3 step 139/300
[worker 2] task 1/1 id=0 episode 3/3 step 146/300
[worker 1] task 1/1 id=0 episode 2/3 step 143/300
[worker 0] task 1/1 id=0 episode 1/3 step 140/300
[worker 2] task 1/1 id=0 episode 3/3 step 147/300
[worker 1] task 1/1 id=0 episode 2/3 step 144/300
[worker 0] task 1/1 id=0 episode 1/3 step 141/300
[worker 2] task 1/1 id=0 episode 3/3 step 148/300
[worker 1] task 1/1 id=0 episode 2/3 step 145/300
[worker 2] task 1/1 id=0 episode 3/3 step 149/300
PROFILE {"session": "libero-ad289d6e", "worker": 0, "client": {"visual_record_s": 0.004602806642651558, "env_s": 0.41242429288104177, "env_steps": 10.0, "observation_s": 0.00566620659083128, "request_build_s": 5.5782031267881393e-05, "request_roundtrip_s": 0.08472734317183495}, "transport": {"connect_s": 0.0012989114038646221, "encode_s": 0.0002532079815864563, "send_s": 0.0006742319092154503, "wait_response_s": 0.08135444205254316, "close_s": 0.0005526379682123661, "decode_s": 8.747493848204613e-05, "request_bytes": 393748}, "server": {}}
[worker 1] task 1/1 id=0 episode 2/3 step 146/300
[worker 2] task 1/1 id=0 episode 3/3 step 150/300
[worker 1] task 1/1 id=0 episode 2/3 step 147/300
[worker 0] task 1/1 id=0 episode 1/3 step 142/300
[worker 2] task 1/1 id=0 episode 3/3 step 151/300
[worker 1] task 1/1 id=0 episode 2/3 step 148/300
[worker 0] task 1/1 id=0 episode 1/3 step 143/300
[worker 1] task 1/1 id=0 episode 2/3 step 149/300
[worker 0] task 1/1 id=0 episode 1/3 step 144/300
[worker 1] task 1/1 id=0 episode 2/3 step 150/300
PROFILE {"session": "libero-bd7fd8a0", "worker": 2, "client": {"visual_record_s": 0.007193136960268021, "env_s": 0.49083306221291423, "env_steps": 10.0, "observation_s": 0.005855201743543148, "request_build_s": 0.00021099718287587166, "request_roundtrip_s": 0.08713214378803968}, "transport": {"connect_s": 0.001013925764709711, "encode_s": 0.00038571329787373543, "send_s": 0.0007373830303549767, "wait_response_s": 0.08393003977835178, "close_s": 0.0005287709645926952, "decode_s": 7.77682289481163e-05, "request_bytes": 393748}, "server": {}}
[worker 0] task 1/1 id=0 episode 1/3 step 145/300
[worker 1] task 1/1 id=0 episode 2/3 step 151/300
[worker 0] task 1/1 id=0 episode 1/3 step 146/300
[worker 2] task 1/1 id=0 episode 3/3 step 152/300
[worker 0] task 1/1 id=0 episode 1/3 step 147/300
[worker 0] task 1/1 id=0 episode 1/3 step 148/300
PROFILE {"session": "libero-b020d2d2", "worker": 1, "client": {"visual_record_s": 0.005712912417948246, "env_s": 0.4726966032758355, "env_steps": 10.0, "observation_s": 0.00864799227565527, "request_build_s": 6.359023973345757e-05, "request_roundtrip_s": 0.09403162775561213}, "transport": {"connect_s": 0.0023459959775209427, "encode_s": 0.00039928732439875603, "send_s": 0.00038615986704826355, "wait_response_s": 0.08999185916036367, "close_s": 0.00037277908995747566, "decode_s": 6.799399852752686e-05, "request_bytes": 393748}, "server": {}}
[worker 2] task 1/1 id=0 episode 3/3 step 153/300
[worker 0] task 1/1 id=0 episode 1/3 step 149/300
[worker 1] task 1/1 id=0 episode 2/3 step 152/300
[worker 2] task 1/1 id=0 episode 3/3 step 154/300
[worker 0] task 1/1 id=0 episode 1/3 step 150/300
[worker 1] task 1/1 id=0 episode 2/3 step 153/300
[worker 2] task 1/1 id=0 episode 3/3 step 155/300
[worker 0] task 1/1 id=0 episode 1/3 step 151/300
[worker 1] task 1/1 id=0 episode 2/3 step 154/300
[worker 2] task 1/1 id=0 episode 3/3 step 156/300
[worker 1] task 1/1 id=0 episode 2/3 step 155/300
[worker 2] task 1/1 id=0 episode 3/3 step 157/300
PROFILE {"session": "libero-ad289d6e", "worker": 0, "client": {"visual_record_s": 0.004886542446911335, "env_s": 0.42621045699343085, "env_steps": 10.0, "observation_s": 0.006392178125679493, "request_build_s": 7.0217065513134e-05, "request_roundtrip_s": 0.09074647584930062}, "transport": {"connect_s": 0.0010165097191929817, "encode_s": 0.000428234227001667, "send_s": 0.0007384689524769783, "wait_response_s": 0.08689489075914025, "close_s": 0.0007845042273402214, "decode_s": 0.00014793500304222107, "request_bytes": 393748}, "server": {}}
[worker 1] task 1/1 id=0 episode 2/3 step 156/300
[worker 2] task 1/1 id=0 episode 3/3 step 158/300
[worker 1] task 1/1 id=0 episode 2/3 step 157/300
[worker 2] task 1/1 id=0 episode 3/3 step 159/300
[worker 0] task 1/1 id=0 episode 1/3 step 152/300
[worker 1] task 1/1 id=0 episode 2/3 step 158/300
[worker 2] task 1/1 id=0 episode 3/3 step 160/300
[worker 1] task 1/1 id=0 episode 2/3 step 159/300
[worker 0] task 1/1 id=0 episode 1/3 step 153/300
[worker 2] task 1/1 id=0 episode 3/3 step 161/300
[worker 1] task 1/1 id=0 episode 2/3 step 160/300
[worker 0] task 1/1 id=0 episode 1/3 step 154/300
[worker 1] task 1/1 id=0 episode 2/3 step 161/300
[worker 0] task 1/1 id=0 episode 1/3 step 155/300
PROFILE {"session": "libero-bd7fd8a0", "worker": 2, "client": {"visual_record_s": 0.005464625544846058, "env_s": 0.5189744341187179, "env_steps": 10.0, "observation_s": 0.005598944611847401, "request_build_s": 5.8137811720371246e-05, "request_roundtrip_s": 0.08872801624238491}, "transport": {"connect_s": 0.001443853136152029, "encode_s": 0.0003723828122019768, "send_s": 0.0003902772441506386, "wait_response_s": 0.08541899872943759, "close_s": 0.0006251689046621323, "decode_s": 7.623899728059769e-05, "request_bytes": 393748}, "server": {}}
[worker 0] task 1/1 id=0 episode 1/3 step 156/300
[worker 0] task 1/1 id=0 episode 1/3 step 157/300
[worker 2] task 1/1 id=0 episode 3/3 step 162/300
[worker 0] task 1/1 id=0 episode 1/3 step 158/300
PROFILE {"session": "libero-b020d2d2", "worker": 1, "client": {"visual_record_s": 0.006482218392193317, "env_s": 0.4214974958449602, "env_steps": 10.0, "observation_s": 0.004852172452956438, "request_build_s": 0.00010810000821948051, "request_roundtrip_s": 0.1320003210566938}, "transport": {"connect_s": 0.0008980343118309975, "encode_s": 0.0003559640608727932, "send_s": 0.0003536348231136799, "wait_response_s": 0.12908262992277741, "close_s": 0.0006834170781075954, "decode_s": 4.810001701116562e-05, "request_bytes": 393748}, "server": {}}
[worker 2] task 1/1 id=0 episode 3/3 step 163/300
[worker 0] task 1/1 id=0 episode 1/3 step 159/300
[worker 0] task 1/1 id=0 episode 1/3 step 160/300
[worker 1] task 1/1 id=0 episode 2/3 step 162/300
[worker 2] task 1/1 id=0 episode 3/3 step 164/300
[worker 0] task 1/1 id=0 episode 1/3 step 161/300
[worker 2] task 1/1 id=0 episode 3/3 step 165/300
[worker 1] task 1/1 id=0 episode 2/3 step 163/300
[worker 2] task 1/1 id=0 episode 3/3 step 166/300
[worker 1] task 1/1 id=0 episode 2/3 step 164/300
PROFILE {"session": "libero-ad289d6e", "worker": 0, "client": {"visual_record_s": 0.006415504962205887, "env_s": 0.4249208364635706, "env_steps": 10.0, "observation_s": 0.006039576139301062, "request_build_s": 8.71419906616211e-05, "request_roundtrip_s": 0.0871639084070921}, "transport": {"connect_s": 0.0015556029975414276, "encode_s": 0.0003268239088356495, "send_s": 0.00032813195139169693, "wait_response_s": 0.08289514435455203, "close_s": 0.0005270009860396385, "decode_s": 5.189981311559677e-05, "request_bytes": 393748}, "server": {}}
[worker 2] task 1/1 id=0 episode 3/3 step 167/300
PROFILE {"session": "libero-bd7fd8a0", "worker": 2, "client": {"visual_record_s": 0.0032740463502705097, "env_s": 0.269909196998924, "env_steps": 6.0, "observation_s": 0.00467755738645792, "request_build_s": 9.20821912586689e-05, "request_roundtrip_s": 0.00682847760617733}, "transport": {"connect_s": 0.001505301333963871, "encode_s": 0.00013956986367702484, "send_s": 0.0002190498635172844, "wait_response_s": 0.0033882539719343185, "close_s": 0.0011624973267316818, "decode_s": 5.991663783788681e-05, "request_bytes": 393778}, "server": {}}
[worker 1] task 1/1 id=0 episode 2/3 step 165/300
[worker 0] task 1/1 id=0 episode 1/3 step 162/300
[worker 2] task 1/1 id=0 episode 3/3 step 168/300
[worker 1] task 1/1 id=0 episode 2/3 step 166/300
[worker 0] task 1/1 id=0 episode 1/3 step 163/300
[worker 2] task 1/1 id=0 episode 3/3 step 169/300
[worker 1] task 1/1 id=0 episode 2/3 step 167/300
[worker 0] task 1/1 id=0 episode 1/3 step 164/300
[worker 2] task 1/1 id=0 episode 3/3 step 170/300
[worker 1] task 1/1 id=0 episode 2/3 step 168/300
[worker 0] task 1/1 id=0 episode 1/3 step 165/300
[worker 2] task 1/1 id=0 episode 3/3 step 171/300
[worker 2] task 1/1 id=0 episode 3/3 step 172/300
[worker 1] task 1/1 id=0 episode 2/3 step 169/300
[worker 0] task 1/1 id=0 episode 1/3 step 166/300
[worker 2] task 1/1 id=0 episode 3/3 step 173/300
[worker 1] task 1/1 id=0 episode 2/3 step 170/300
[worker 0] task 1/1 id=0 episode 1/3 step 167/300
[worker 2] task 1/1 id=0 episode 3/3 step 174/300
[worker 1] task 1/1 id=0 episode 2/3 step 171/300
[worker 0] task 1/1 id=0 episode 1/3 step 168/300
[worker 2] task 1/1 id=0 episode 3/3 step 175/300
[worker 2] task 1/1 id=0 episode 3/3 step 176/300
[worker 0] task 1/1 id=0 episode 1/3 step 169/300
[worker 2] task 1/1 id=0 episode 3/3 step 177/300
[worker 0] task 1/1 id=0 episode 1/3 step 170/300
PROFILE {"session": "libero-b020d2d2", "worker": 1, "client": {"visual_record_s": 0.008701580110937357, "env_s": 0.5348540171980858, "env_steps": 10.0, "observation_s": 0.009990981314331293, "request_build_s": 0.00013397587463259697, "request_roundtrip_s": 0.09565044892951846}, "transport": {"connect_s": 0.001151524018496275, "encode_s": 0.0005181669257581234, "send_s": 0.0006548929959535599, "wait_response_s": 0.09126357128843665, "close_s": 0.0012117717415094376, "decode_s": 0.00016081519424915314, "request_bytes": 393748}, "server": {}}
PROFILE {"session": "libero-ad289d6e", "worker": 0, "client": {"visual_record_s": 0.007499407045543194, "env_s": 0.45226095290854573, "env_steps": 9.0, "observation_s": 0.006755125243216753, "request_build_s": 5.736434832215309e-05, "request_roundtrip_s": 0.007776788901537657}, "transport": {"connect_s": 0.0018970286473631859, "encode_s": 0.0003976542502641678, "send_s": 0.00046886783093214035, "wait_response_s": 0.0031758402474224567, "close_s": 0.0013505429960787296, "decode_s": 4.692981019616127e-05, "request_bytes": 393778}, "server": {}}
[worker 2] task 1/1 id=0 episode 3/3 step 178/300
[worker 2] task 1/1 id=0 episode 3/3 step 179/300
[worker 0] task 1/1 id=0 episode 1/3 step 171/300
[worker 1] task 1/1 id=0 episode 2/3 step 172/300
[worker 2] task 1/1 id=0 episode 3/3 step 180/300
[worker 0] task 1/1 id=0 episode 1/3 step 172/300
[worker 1] task 1/1 id=0 episode 2/3 step 173/300
[worker 2] task 1/1 id=0 episode 3/3 step 181/300
[worker 0] task 1/1 id=0 episode 1/3 step 173/300
[worker 1] task 1/1 id=0 episode 2/3 step 174/300
[worker 2] task 1/1 id=0 episode 3/3 step 182/300
[worker 0] task 1/1 id=0 episode 1/3 step 174/300
[worker 2] task 1/1 id=0 episode 3/3 step 183/300
[worker 1] task 1/1 id=0 episode 2/3 step 175/300
[worker 0] task 1/1 id=0 episode 1/3 step 175/300
[worker 2] task 1/1 id=0 episode 3/3 step 184/300
[worker 0] task 1/1 id=0 episode 1/3 step 176/300
[worker 1] task 1/1 id=0 episode 2/3 step 176/300
[worker 2] task 1/1 id=0 episode 3/3 step 185/300
[worker 0] task 1/1 id=0 episode 1/3 step 177/300
[worker 2] task 1/1 id=0 episode 3/3 step 186/300
[worker 1] task 1/1 id=0 episode 2/3 step 177/300
[worker 0] task 1/1 id=0 episode 1/3 step 178/300
[worker 2] task 1/1 id=0 episode 3/3 step 187/300
[worker 1] task 1/1 id=0 episode 2/3 step 178/300
[worker 0] task 1/1 id=0 episode 1/3 step 179/300
[worker 1] task 1/1 id=0 episode 2/3 step 179/300
[worker 0] task 1/1 id=0 episode 1/3 step 180/300
PROFILE {"session": "libero-bd7fd8a0", "worker": 2, "client": {"visual_record_s": 0.011695258785039186, "env_s": 0.8578506070189178, "env_steps": 20.0, "observation_s": 0.013579136691987514, "request_build_s": 0.00012252898886799812, "request_roundtrip_s": 0.09013139503076673}, "transport": {"connect_s": 0.0012560328468680382, "encode_s": 0.0005190162919461727, "send_s": 0.000895465724170208, "wait_response_s": 0.08634322183206677, "close_s": 0.0005160262808203697, "decode_s": 7.601594552397728e-05, "request_bytes": 393748}, "server": {}}
[worker 1] task 1/1 id=0 episode 2/3 step 180/300
[worker 0] task 1/1 id=0 episode 1/3 step 181/300
[worker 2] task 1/1 id=0 episode 3/3 step 188/300
[worker 1] task 1/1 id=0 episode 2/3 step 181/300
[worker 0] task 1/1 id=0 episode 1/3 step 182/300
[worker 0] task 1/1 id=0 episode 1/3 step 183/300
[worker 2] task 1/1 id=0 episode 3/3 step 189/300
[worker 0] task 1/1 id=0 episode 1/3 step 184/300
PROFILE {"session": "libero-b020d2d2", "worker": 1, "client": {"visual_record_s": 0.009480900596827269, "env_s": 0.592763542663306, "env_steps": 10.0, "observation_s": 0.00795725965872407, "request_build_s": 0.00012198695912957191, "request_roundtrip_s": 0.09503235528245568}, "transport": {"connect_s": 0.0027018296532332897, "encode_s": 0.000553615391254425, "send_s": 0.0005529089830815792, "wait_response_s": 0.08972553163766861, "close_s": 0.0007943501695990562, "decode_s": 9.132688865065575e-05, "request_bytes": 393748}, "server": {}}
[worker 2] task 1/1 id=0 episode 3/3 step 190/300
[worker 0] task 1/1 id=0 episode 1/3 step 185/300
[worker 1] task 1/1 id=0 episode 2/3 step 182/300
[worker 2] task 1/1 id=0 episode 3/3 step 191/300
[worker 0] task 1/1 id=0 episode 1/3 step 186/300
[worker 2] task 1/1 id=0 episode 3/3 step 192/300
[worker 0] task 1/1 id=0 episode 1/3 step 187/300
[worker 1] task 1/1 id=0 episode 2/3 step 183/300
[worker 0] task 1/1 id=0 episode 1/3 step 188/300
[worker 2] task 1/1 id=0 episode 3/3 step 193/300
[worker 1] task 1/1 id=0 episode 2/3 step 184/300
[worker 0] task 1/1 id=0 episode 1/3 step 189/300
[worker 2] task 1/1 id=0 episode 3/3 step 194/300
[worker 1] task 1/1 id=0 episode 2/3 step 185/300
[worker 0] task 1/1 id=0 episode 1/3 step 190/300
[worker 2] task 1/1 id=0 episode 3/3 step 195/300
[worker 1] task 1/1 id=0 episode 2/3 step 186/300
[worker 2] task 1/1 id=0 episode 3/3 step 196/300
[worker 1] task 1/1 id=0 episode 2/3 step 187/300
PROFILE {"session": "libero-ad289d6e", "worker": 0, "client": {"visual_record_s": 0.01160958455875516, "env_s": 1.0412392672151327, "env_steps": 20.0, "observation_s": 0.016652286984026432, "request_build_s": 8.351355791091919e-05, "request_roundtrip_s": 0.08651562640443444}, "transport": {"connect_s": 0.0012441729195415974, "encode_s": 0.0004191538318991661, "send_s": 0.0007628533057868481, "wait_response_s": 0.08201204100623727, "close_s": 0.0010463879443705082, "decode_s": 0.00011946260929107666, "request_bytes": 393748}, "server": {}}
[worker 2] task 1/1 id=0 episode 3/3 step 197/300
[worker 1] task 1/1 id=0 episode 2/3 step 188/300
[worker 0] task 1/1 id=0 episode 1/3 step 191/300
[worker 1] task 1/1 id=0 episode 2/3 step 189/300
PROFILE {"session": "libero-bd7fd8a0", "worker": 2, "client": {"visual_record_s": 0.008547738660126925, "env_s": 0.6464567817747593, "env_steps": 10.0, "observation_s": 0.009189122822135687, "request_build_s": 0.0004889797419309616, "request_roundtrip_s": 0.09268336603417993}, "transport": {"connect_s": 0.0015838597901165485, "encode_s": 0.00019264407455921173, "send_s": 0.0003753798082470894, "wait_response_s": 0.08873525308445096, "close_s": 0.00041294796392321587, "decode_s": 8.377106860280037e-05, "request_bytes": 393748}, "server": {}}
[worker 0] task 1/1 id=0 episode 1/3 step 192/300
[worker 1] task 1/1 id=0 episode 2/3 step 190/300
[worker 2] task 1/1 id=0 episode 3/3 step 198/300
[worker 0] task 1/1 id=0 episode 1/3 step 193/300
[worker 1] task 1/1 id=0 episode 2/3 step 191/300
[worker 2] task 1/1 id=0 episode 3/3 step 199/300
[worker 0] task 1/1 id=0 episode 1/3 step 194/300
PROFILE {"session": "libero-b020d2d2", "worker": 1, "client": {"visual_record_s": 0.00985158747062087, "env_s": 0.6823929534293711, "env_steps": 10.0, "observation_s": 0.010589891579002142, "request_build_s": 0.000186786986887455, "request_roundtrip_s": 0.08880391763523221}, "transport": {"connect_s": 0.0017948043532669544, "encode_s": 0.000581507571041584, "send_s": 0.0010298462584614754, "wait_response_s": 0.08347910409793258, "close_s": 0.0010875929147005081, "decode_s": 0.00011821277439594269, "request_bytes": 393748}, "server": {}}
[worker 2] task 1/1 id=0 episode 3/3 step 200/300
[worker 0] task 1/1 id=0 episode 1/3 step 195/300
[worker 1] task 1/1 id=0 episode 2/3 step 192/300
[worker 2] task 1/1 id=0 episode 3/3 step 201/300
[worker 0] task 1/1 id=0 episode 1/3 step 196/300
[worker 2] task 1/1 id=0 episode 3/3 step 202/300
[worker 1] task 1/1 id=0 episode 2/3 step 193/300
[worker 0] task 1/1 id=0 episode 1/3 step 197/300
PROFILE {"session": "libero-b020d2d2", "worker": 1, "client": {"visual_record_s": 0.003096403554081917, "env_s": 0.18720709811896086, "env_steps": 2.0, "observation_s": 0.004206647165119648, "request_build_s": 0.00018077483400702477, "request_roundtrip_s": 0.009223432745784521}, "transport": {"connect_s": 0.003185753244906664, "encode_s": 0.00024299276992678642, "send_s": 0.0007875929586589336, "wait_response_s": 0.0031064460054039955, "close_s": 0.0005786693654954433, "decode_s": 0.00013913679867982864, "request_bytes": 393778}, "server": {}}
[worker 2] task 1/1 id=0 episode 3/3 step 203/300
[worker 0] task 1/1 id=0 episode 1/3 step 198/300
[worker 1] task 1/1 id=0 episode 2/3 step 194/300
[worker 2] task 1/1 id=0 episode 3/3 step 204/300
[worker 0] task 1/1 id=0 episode 1/3 step 199/300
[worker 1] task 1/1 id=0 episode 2/3 step 195/300
[worker 2] task 1/1 id=0 episode 3/3 step 205/300
[worker 0] task 1/1 id=0 episode 1/3 step 200/300
[worker 1] task 1/1 id=0 episode 2/3 step 196/300
[worker 2] task 1/1 id=0 episode 3/3 step 206/300
PROFILE {"session": "libero-ad289d6e", "worker": 0, "client": {"visual_record_s": 0.009636872448027134, "env_s": 0.7507552932947874, "env_steps": 10.0, "observation_s": 0.009595870971679688, "request_build_s": 0.00012581609189510345, "request_roundtrip_s": 0.0935938498005271}, "transport": {"connect_s": 0.0022258898243308067, "encode_s": 0.0002373061142861843, "send_s": 0.0006193011067807674, "wait_response_s": 0.08751801587641239, "close_s": 0.0014277300797402859, "decode_s": 0.00019471999257802963, "request_bytes": 393748}, "server": {}}
[worker 1] task 1/1 id=0 episode 2/3 step 197/300
[worker 2] task 1/1 id=0 episode 3/3 step 207/300
[worker 1] task 1/1 id=0 episode 2/3 step 198/300
[worker 0] task 1/1 id=0 episode 1/3 step 201/300
PROFILE {"session": "libero-bd7fd8a0", "worker": 2, "client": {"visual_record_s": 0.006613366771489382, "env_s": 0.7572465832345188, "env_steps": 10.0, "observation_s": 0.010135662741959095, "request_build_s": 9.368686005473137e-05, "request_roundtrip_s": 0.08714390825480223}, "transport": {"connect_s": 0.0013164309784770012, "encode_s": 0.0006145001389086246, "send_s": 0.0006664982065558434, "wait_response_s": 0.08119193185120821, "close_s": 0.001492614857852459, "decode_s": 0.00010086130350828171, "request_bytes": 393748}, "server": {}}
[worker 1] task 1/1 id=0 episode 2/3 step 199/300
[worker 0] task 1/1 id=0 episode 1/3 step 202/300
[worker 1] task 1/1 id=0 episode 2/3 step 200/300
[worker 2] task 1/1 id=0 episode 3/3 step 208/300
[worker 0] task 1/1 id=0 episode 1/3 step 203/300
[worker 1] task 1/1 id=0 episode 2/3 step 201/300
[worker 2] task 1/1 id=0 episode 3/3 step 209/300
[worker 0] task 1/1 id=0 episode 1/3 step 204/300
[worker 1] task 1/1 id=0 episode 2/3 step 202/300
[worker 2] task 1/1 id=0 episode 3/3 step 210/300
[worker 0] task 1/1 id=0 episode 1/3 step 205/300
[worker 1] task 1/1 id=0 episode 2/3 step 203/300
[worker 2] task 1/1 id=0 episode 3/3 step 211/300
[worker 0] task 1/1 id=0 episode 1/3 step 206/300
[worker 1] task 1/1 id=0 episode 2/3 step 204/300
[worker 2] task 1/1 id=0 episode 3/3 step 212/300
[worker 0] task 1/1 id=0 episode 1/3 step 207/300
[worker 1] task 1/1 id=0 episode 2/3 step 205/300
[worker 2] task 1/1 id=0 episode 3/3 step 213/300
[worker 0] task 1/1 id=0 episode 1/3 step 208/300
[worker 1] task 1/1 id=0 episode 2/3 step 206/300
[worker 2] task 1/1 id=0 episode 3/3 step 214/300
[worker 0] task 1/1 id=0 episode 1/3 step 209/300
[worker 1] task 1/1 id=0 episode 2/3 step 207/300
[worker 2] task 1/1 id=0 episode 3/3 step 215/300
[worker 0] task 1/1 id=0 episode 1/3 step 210/300
[worker 1] task 1/1 id=0 episode 2/3 step 208/300
[worker 2] task 1/1 id=0 episode 3/3 step 216/300
PROFILE {"session": "libero-ad289d6e", "worker": 0, "client": {"visual_record_s": 0.015170905273407698, "env_s": 0.9281433178111911, "env_steps": 10.0, "observation_s": 0.011960241943597794, "request_build_s": 0.0001194290816783905, "request_roundtrip_s": 0.0899467347189784}, "transport": {"connect_s": 0.002277122810482979, "encode_s": 0.0006657158955931664, "send_s": 0.001156950369477272, "wait_response_s": 0.0834343247115612, "close_s": 0.0006109150126576424, "decode_s": 0.00015926407650113106, "request_bytes": 393748}, "server": {}}
[worker 1] task 1/1 id=0 episode 2/3 step 209/300
[worker 2] task 1/1 id=0 episode 3/3 step 217/300
[worker 0] task 1/1 id=0 episode 1/3 step 211/300
[worker 1] task 1/1 id=0 episode 2/3 step 210/300
PROFILE {"session": "libero-bd7fd8a0", "worker": 2, "client": {"visual_record_s": 0.013148449826985598, "env_s": 0.9364599725231528, "env_steps": 10.0, "observation_s": 0.014763214159756899, "request_build_s": 9.57949087023735e-05, "request_roundtrip_s": 0.0883757546544075}, "transport": {"connect_s": 0.002575849648565054, "encode_s": 0.000605911947786808, "send_s": 0.0006635910831391811, "wait_response_s": 0.08227858692407608, "close_s": 0.0006836261600255966, "decode_s": 0.00010108714923262596, "request_bytes": 393748}, "server": {}}
[worker 0] task 1/1 id=0 episode 1/3 step 212/300
[worker 1] task 1/1 id=0 episode 2/3 step 211/300
[worker 2] task 1/1 id=0 episode 3/3 step 218/300
[worker 0] task 1/1 id=0 episode 1/3 step 213/300
[worker 1] task 1/1 id=0 episode 2/3 step 212/300
[worker 2] task 1/1 id=0 episode 3/3 step 219/300
[worker 0] task 1/1 id=0 episode 1/3 step 214/300
[worker 1] task 1/1 id=0 episode 2/3 step 213/300
[worker 2] task 1/1 id=0 episode 3/3 step 220/300
[worker 0] task 1/1 id=0 episode 1/3 step 215/300
PROFILE {"session": "libero-b020d2d2", "worker": 1, "client": {"visual_record_s": 0.027562992181628942, "env_s": 1.668780393898487, "env_steps": 20.0, "observation_s": 0.02177493181079626, "request_build_s": 0.00031712185591459274, "request_roundtrip_s": 0.09551640693098307}, "transport": {"connect_s": 0.002572249621152878, "encode_s": 0.0005703833885490894, "send_s": 0.0013193967752158642, "wait_response_s": 0.08845998579636216, "close_s": 0.0008861110545694828, "decode_s": 0.00016221031546592712, "request_bytes": 393748}, "server": {}}
[worker 2] task 1/1 id=0 episode 3/3 step 221/300
[worker 0] task 1/1 id=0 episode 1/3 step 216/300
[worker 2] task 1/1 id=0 episode 3/3 step 222/300
[worker 1] task 1/1 id=0 episode 2/3 step 214/300
[worker 0] task 1/1 id=0 episode 1/3 step 217/300
[worker 2] task 1/1 id=0 episode 3/3 step 223/300
[worker 0] task 1/1 id=0 episode 1/3 step 218/300
[worker 1] task 1/1 id=0 episode 2/3 step 215/300
[worker 2] task 1/1 id=0 episode 3/3 step 224/300
[worker 0] task 1/1 id=0 episode 1/3 step 219/300
[worker 1] task 1/1 id=0 episode 2/3 step 216/300
[worker 2] task 1/1 id=0 episode 3/3 step 225/300
[worker 0] task 1/1 id=0 episode 1/3 step 220/300
[worker 1] task 1/1 id=0 episode 2/3 step 217/300
[worker 2] task 1/1 id=0 episode 3/3 step 226/300
[worker 2] task 1/1 id=0 episode 3/3 step 227/300
[worker 1] task 1/1 id=0 episode 2/3 step 218/300
PROFILE {"session": "libero-ad289d6e", "worker": 0, "client": {"visual_record_s": 0.01641924399882555, "env_s": 0.8252763003110886, "env_steps": 10.0, "observation_s": 0.013478451874107122, "request_build_s": 0.0001249941997230053, "request_roundtrip_s": 0.09835272608324885}, "transport": {"connect_s": 0.0021720039658248425, "encode_s": 0.0007728640921413898, "send_s": 0.0008365488611161709, "wait_response_s": 0.09290932398289442, "close_s": 0.0007157851941883564, "decode_s": 0.0001195189543068409, "request_bytes": 393748}, "server": {}}
[worker 1] task 1/1 id=0 episode 2/3 step 219/300
[worker 0] task 1/1 id=0 episode 1/3 step 221/300
PROFILE {"session": "libero-bd7fd8a0", "worker": 2, "client": {"visual_record_s": 0.009828210808336735, "env_s": 0.7853909679688513, "env_steps": 10.0, "observation_s": 0.01190568134188652, "request_build_s": 0.0004794672131538391, "request_roundtrip_s": 0.10520755220204592}, "transport": {"connect_s": 0.004182869102805853, "encode_s": 0.0006508682854473591, "send_s": 0.0006016818806529045, "wait_response_s": 0.09767195582389832, "close_s": 0.0007783840410411358, "decode_s": 0.00010682689025998116, "request_bytes": 393748}, "server": {}}
[worker 1] task 1/1 id=0 episode 2/3 step 220/300
[worker 0] task 1/1 id=0 episode 1/3 step 222/300
[worker 2] task 1/1 id=0 episode 3/3 step 228/300
[worker 1] task 1/1 id=0 episode 2/3 step 221/300
[worker 0] task 1/1 id=0 episode 1/3 step 223/300
[worker 1] task 1/1 id=0 episode 2/3 step 222/300
[worker 2] task 1/1 id=0 episode 3/3 step 229/300
[worker 0] task 1/1 id=0 episode 1/3 step 224/300
[worker 1] task 1/1 id=0 episode 2/3 step 223/300
[worker 2] task 1/1 id=0 episode 3/3 step 230/300
[worker 0] task 1/1 id=0 episode 1/3 step 225/300
[worker 2] task 1/1 id=0 episode 3/3 step 231/300
PROFILE {"session": "libero-b020d2d2", "worker": 1, "client": {"visual_record_s": 0.013093325309455395, "env_s": 0.8533787801861763, "env_steps": 10.0, "observation_s": 0.010346916038542986, "request_build_s": 0.0001297472044825554, "request_roundtrip_s": 0.09556523011997342}, "transport": {"connect_s": 0.002171445172280073, "encode_s": 0.00026013562455773354, "send_s": 0.0004241401329636574, "wait_response_s": 0.0895926021039486, "close_s": 0.0019613560289144516, "decode_s": 0.0001630396582186222, "request_bytes": 393748}, "server": {}}
[worker 0] task 1/1 id=0 episode 1/3 step 226/300
[worker 2] task 1/1 id=0 episode 3/3 step 232/300
[worker 1] task 1/1 id=0 episode 2/3 step 224/300
[worker 0] task 1/1 id=0 episode 1/3 step 227/300
[worker 2] task 1/1 id=0 episode 3/3 step 233/300
[worker 0] task 1/1 id=0 episode 1/3 step 228/300
[worker 1] task 1/1 id=0 episode 2/3 step 225/300
[worker 2] task 1/1 id=0 episode 3/3 step 234/300
[worker 0] task 1/1 id=0 episode 1/3 step 229/300
[worker 1] task 1/1 id=0 episode 2/3 step 226/300
[worker 2] task 1/1 id=0 episode 3/3 step 235/300
[worker 0] task 1/1 id=0 episode 1/3 step 230/300
[worker 1] task 1/1 id=0 episode 2/3 step 227/300
[worker 2] task 1/1 id=0 episode 3/3 step 236/300
PROFILE {"session": "libero-ad289d6e", "worker": 0, "client": {"visual_record_s": 0.014958401210606098, "env_s": 0.8087947741150856, "env_steps": 10.0, "observation_s": 0.0067442129366099834, "request_build_s": 0.0002368362620472908, "request_roundtrip_s": 0.10458468412980437}, "transport": {"connect_s": 0.003016408998519182, "encode_s": 0.000788860023021698, "send_s": 0.0007538357749581337, "wait_response_s": 0.09715720219537616, "close_s": 0.0009785010479390621, "decode_s": 0.00014761090278625488, "request_bytes": 393748}, "server": {}}
[worker 1] task 1/1 id=0 episode 2/3 step 228/300
[worker 2] task 1/1 id=0 episode 3/3 step 237/300
[worker 0] task 1/1 id=0 episode 1/3 step 231/300
[worker 1] task 1/1 id=0 episode 2/3 step 229/300
PROFILE {"session": "libero-bd7fd8a0", "worker": 2, "client": {"visual_record_s": 0.017466992139816284, "env_s": 0.8610976315103471, "env_steps": 10.0, "observation_s": 0.009885907173156738, "request_build_s": 0.0001167692244052887, "request_roundtrip_s": 0.1004559057764709}, "transport": {"connect_s": 0.0024507050402462482, "encode_s": 0.0007453318685293198, "send_s": 0.0007135062478482723, "wait_response_s": 0.09431317867711186, "close_s": 0.0008643120527267456, "decode_s": 0.00013155024498701096, "request_bytes": 393748}, "server": {}}
[worker 0] task 1/1 id=0 episode 1/3 step 232/300
[worker 1] task 1/1 id=0 episode 2/3 step 230/300
[worker 2] task 1/1 id=0 episode 3/3 step 238/300
[worker 0] task 1/1 id=0 episode 1/3 step 233/300
[worker 1] task 1/1 id=0 episode 2/3 step 231/300
[worker 2] task 1/1 id=0 episode 3/3 step 239/300
[worker 0] task 1/1 id=0 episode 1/3 step 234/300
[worker 1] task 1/1 id=0 episode 2/3 step 232/300
[worker 2] task 1/1 id=0 episode 3/3 step 240/300
[worker 0] task 1/1 id=0 episode 1/3 step 235/300
[worker 1] task 1/1 id=0 episode 2/3 step 233/300
[worker 2] task 1/1 id=0 episode 3/3 step 241/300
[worker 0] task 1/1 id=0 episode 1/3 step 236/300
[worker 2] task 1/1 id=0 episode 3/3 step 242/300
PROFILE {"session": "libero-b020d2d2", "worker": 1, "client": {"visual_record_s": 0.012785492930561304, "env_s": 0.9152435739524662, "env_steps": 10.0, "observation_s": 0.01195588381960988, "request_build_s": 0.00020310375839471817, "request_roundtrip_s": 0.09629061026498675}, "transport": {"connect_s": 0.0021469551138579845, "encode_s": 0.0007810238748788834, "send_s": 0.001449350267648697, "wait_response_s": 0.08957308297976851, "close_s": 0.000935492105782032, "decode_s": 0.00014391494914889336, "request_bytes": 393748}, "server": {}}
[worker 0] task 1/1 id=0 episode 1/3 step 237/300
[worker 2] task 1/1 id=0 episode 3/3 step 243/300
[worker 1] task 1/1 id=0 episode 2/3 step 234/300
[worker 0] task 1/1 id=0 episode 1/3 step 238/300
[worker 2] task 1/1 id=0 episode 3/3 step 244/300
[worker 1] task 1/1 id=0 episode 2/3 step 235/300
[worker 0] task 1/1 id=0 episode 1/3 step 239/300
[worker 2] task 1/1 id=0 episode 3/3 step 245/300
[worker 1] task 1/1 id=0 episode 2/3 step 236/300
[worker 0] task 1/1 id=0 episode 1/3 step 240/300
[worker 2] task 1/1 id=0 episode 3/3 step 246/300
[worker 2] task 1/1 id=0 episode 3/3 step 247/300
[worker 1] task 1/1 id=0 episode 2/3 step 237/300
PROFILE {"session": "libero-ad289d6e", "worker": 0, "client": {"visual_record_s": 0.01724762562662363, "env_s": 0.8576907562091947, "env_steps": 10.0, "observation_s": 0.014632178470492363, "request_build_s": 0.000450632069259882, "request_roundtrip_s": 0.09823422599583864}, "transport": {"connect_s": 0.002323620952665806, "encode_s": 0.0009776982478797436, "send_s": 0.0013311360962688923, "wait_response_s": 0.09120411099866033, "close_s": 0.0008528069593012333, "decode_s": 0.00021965475752949715, "request_bytes": 393748}, "server": {}}
[worker 1] task 1/1 id=0 episode 2/3 step 238/300
[worker 0] task 1/1 id=0 episode 1/3 step 241/300
PROFILE {"session": "libero-bd7fd8a0", "worker": 2, "client": {"visual_record_s": 0.012077908497303724, "env_s": 0.7955228611826897, "env_steps": 10.0, "observation_s": 0.011728145182132721, "request_build_s": 9.338464587926865e-05, "request_roundtrip_s": 0.1177282091230154}, "transport": {"connect_s": 0.0017018630169332027, "encode_s": 0.0006343051791191101, "send_s": 0.0006111832335591316, "wait_response_s": 0.1130452468059957, "close_s": 0.0008116881363093853, "decode_s": 0.00011495687067508698, "request_bytes": 393748}, "server": {}}
[worker 1] task 1/1 id=0 episode 2/3 step 239/300
[worker 0] task 1/1 id=0 episode 1/3 step 242/300
[worker 1] task 1/1 id=0 episode 2/3 step 240/300
[worker 2] task 1/1 id=0 episode 3/3 step 248/300
[worker 0] task 1/1 id=0 episode 1/3 step 243/300
[worker 1] task 1/1 id=0 episode 2/3 step 241/300
[worker 2] task 1/1 id=0 episode 3/3 step 249/300
[worker 0] task 1/1 id=0 episode 1/3 step 244/300
[worker 1] task 1/1 id=0 episode 2/3 step 242/300
[worker 2] task 1/1 id=0 episode 3/3 step 250/300
[worker 0] task 1/1 id=0 episode 1/3 step 245/300
[worker 1] task 1/1 id=0 episode 2/3 step 243/300
[worker 2] task 1/1 id=0 episode 3/3 step 251/300
[worker 0] task 1/1 id=0 episode 1/3 step 246/300
[worker 2] task 1/1 id=0 episode 3/3 step 252/300
PROFILE {"session": "libero-b020d2d2", "worker": 1, "client": {"visual_record_s": 0.01824331423267722, "env_s": 0.8672062531113625, "env_steps": 10.0, "observation_s": 0.011684388853609562, "request_build_s": 0.00013024592772126198, "request_roundtrip_s": 0.1008841679431498}, "transport": {"connect_s": 0.0032429061830043793, "encode_s": 0.0008607236668467522, "send_s": 0.0012830253690481186, "wait_response_s": 0.09340862277895212, "close_s": 0.0007892521098256111, "decode_s": 0.00012166891247034073, "request_bytes": 393748}, "server": {}}
[worker 0] task 1/1 id=0 episode 1/3 step 247/300
[worker 2] task 1/1 id=0 episode 3/3 step 253/300
[worker 1] task 1/1 id=0 episode 2/3 step 244/300
[worker 0] task 1/1 id=0 episode 1/3 step 248/300
[worker 2] task 1/1 id=0 episode 3/3 step 254/300
[worker 1] task 1/1 id=0 episode 2/3 step 245/300
[worker 0] task 1/1 id=0 episode 1/3 step 249/300
[worker 2] task 1/1 id=0 episode 3/3 step 255/300
[worker 1] task 1/1 id=0 episode 2/3 step 246/300
[worker 0] task 1/1 id=0 episode 1/3 step 250/300
[worker 2] task 1/1 id=0 episode 3/3 step 256/300
[worker 1] task 1/1 id=0 episode 2/3 step 247/300
[worker 2] task 1/1 id=0 episode 3/3 step 257/300
[worker 1] task 1/1 id=0 episode 2/3 step 248/300
PROFILE {"session": "libero-ad289d6e", "worker": 0, "client": {"visual_record_s": 0.014210677240043879, "env_s": 0.8367109866812825, "env_steps": 10.0, "observation_s": 0.010095532517880201, "request_build_s": 0.0001440686173737049, "request_roundtrip_s": 0.09890002524480224}, "transport": {"connect_s": 0.00252798805013299, "encode_s": 0.0006807721219956875, "send_s": 0.0007989420555531979, "wait_response_s": 0.09266900271177292, "close_s": 0.0006988202221691608, "decode_s": 8.389679715037346e-05, "request_bytes": 393748}, "server": {}}
[worker 1] task 1/1 id=0 episode 2/3 step 249/300
[worker 0] task 1/1 id=0 episode 1/3 step 251/300
PROFILE {"session": "libero-bd7fd8a0", "worker": 2, "client": {"visual_record_s": 0.009228512179106474, "env_s": 0.8268573116511106, "env_steps": 10.0, "observation_s": 0.013087868224829435, "request_build_s": 0.00037728622555732727, "request_roundtrip_s": 0.10019292496144772}, "transport": {"connect_s": 0.0016891048289835453, "encode_s": 0.0008010901510715485, "send_s": 0.000829596072435379, "wait_response_s": 0.09524756111204624, "close_s": 0.0005327747203409672, "decode_s": 9.971018880605698e-05, "request_bytes": 393748}, "server": {}}
[worker 1] task 1/1 id=0 episode 2/3 step 250/300
[worker 0] task 1/1 id=0 episode 1/3 step 252/300
[worker 1] task 1/1 id=0 episode 2/3 step 251/300
[worker 2] task 1/1 id=0 episode 3/3 step 258/300
[worker 0] task 1/1 id=0 episode 1/3 step 253/300
[worker 1] task 1/1 id=0 episode 2/3 step 252/300
[worker 2] task 1/1 id=0 episode 3/3 step 259/300
[worker 0] task 1/1 id=0 episode 1/3 step 254/300
[worker 1] task 1/1 id=0 episode 2/3 step 253/300
[worker 2] task 1/1 id=0 episode 3/3 step 260/300
[worker 0] task 1/1 id=0 episode 1/3 step 255/300
[worker 2] task 1/1 id=0 episode 3/3 step 261/300
PROFILE {"session": "libero-b020d2d2", "worker": 1, "client": {"visual_record_s": 0.008888745214790106, "env_s": 0.6870780475437641, "env_steps": 10.0, "observation_s": 0.013459607493132353, "request_build_s": 0.00043824221938848495, "request_roundtrip_s": 0.08575139380991459}, "transport": {"connect_s": 0.0017062900587916374, "encode_s": 0.0005867560394108295, "send_s": 0.0016202270053327084, "wait_response_s": 0.07975847600027919, "close_s": 0.0012114159762859344, "decode_s": 0.00013746367767453194, "request_bytes": 393748}, "server": {}}
[worker 0] task 1/1 id=0 episode 1/3 step 256/300
[worker 2] task 1/1 id=0 episode 3/3 step 262/300
[worker 1] task 1/1 id=0 episode 2/3 step 254/300
[worker 0] task 1/1 id=0 episode 1/3 step 257/300
[worker 2] task 1/1 id=0 episode 3/3 step 263/300
[worker 1] task 1/1 id=0 episode 2/3 step 255/300
[worker 0] task 1/1 id=0 episode 1/3 step 258/300
[worker 2] task 1/1 id=0 episode 3/3 step 264/300
[worker 1] task 1/1 id=0 episode 2/3 step 256/300
[worker 0] task 1/1 id=0 episode 1/3 step 259/300
[worker 2] task 1/1 id=0 episode 3/3 step 265/300
[worker 0] task 1/1 id=0 episode 1/3 step 260/300
[worker 1] task 1/1 id=0 episode 2/3 step 257/300
[worker 2] task 1/1 id=0 episode 3/3 step 266/300
[worker 1] task 1/1 id=0 episode 2/3 step 258/300
[worker 2] task 1/1 id=0 episode 3/3 step 267/300
PROFILE {"session": "libero-ad289d6e", "worker": 0, "client": {"visual_record_s": 0.01186036178842187, "env_s": 0.7394507871940732, "env_steps": 10.0, "observation_s": 0.009839193429797888, "request_build_s": 0.0001643928699195385, "request_roundtrip_s": 0.0955270528793335}, "transport": {"connect_s": 0.0018533887341618538, "encode_s": 0.0006153061985969543, "send_s": 0.000635968055576086, "wait_response_s": 0.09122830303385854, "close_s": 0.0005621667951345444, "decode_s": 0.00010160636156797409, "request_bytes": 393748}, "server": {}}
[worker 1] task 1/1 id=0 episode 2/3 step 259/300
PROFILE {"session": "libero-bd7fd8a0", "worker": 2, "client": {"visual_record_s": 0.012950739823281765, "env_s": 0.7404342335648835, "env_steps": 10.0, "observation_s": 0.008972336538136005, "request_build_s": 8.984608575701714e-05, "request_roundtrip_s": 0.10114612895995378}, "transport": {"connect_s": 0.001698535867035389, "encode_s": 0.0005735168233513832, "send_s": 0.000581332016736269, "wait_response_s": 0.09713677829131484, "close_s": 0.0006013568490743637, "decode_s": 8.531194180250168e-05, "request_bytes": 393748}, "server": {}}
[worker 0] task 1/1 id=0 episode 1/3 step 261/300
[worker 1] task 1/1 id=0 episode 2/3 step 260/300
[worker 1] task 1/1 id=0 episode 2/3 step 261/300
[worker 2] task 1/1 id=0 episode 3/3 step 268/300
[worker 0] task 1/1 id=0 episode 1/3 step 262/300
[worker 1] task 1/1 id=0 episode 2/3 step 262/300
[worker 2] task 1/1 id=0 episode 3/3 step 269/300
[worker 0] task 1/1 id=0 episode 1/3 step 263/300
[worker 1] task 1/1 id=0 episode 2/3 step 263/300
[worker 2] task 1/1 id=0 episode 3/3 step 270/300
[worker 0] task 1/1 id=0 episode 1/3 step 264/300
PROFILE {"session": "libero-b020d2d2", "worker": 1, "client": {"visual_record_s": 0.011181889101862907, "env_s": 0.7785598086193204, "env_steps": 10.0, "observation_s": 0.01126269856467843, "request_build_s": 0.00013560103252530098, "request_roundtrip_s": 0.08873772714287043}, "transport": {"connect_s": 0.002284542191773653, "encode_s": 0.000727097038179636, "send_s": 0.0013743569143116474, "wait_response_s": 0.08198683010414243, "close_s": 0.001389345619827509, "decode_s": 0.00018734997138381004, "request_bytes": 393748}, "server": {}}
[worker 2] task 1/1 id=0 episode 3/3 step 271/300
[worker 0] task 1/1 id=0 episode 1/3 step 265/300
[worker 2] task 1/1 id=0 episode 3/3 step 272/300
[worker 0] task 1/1 id=0 episode 1/3 step 266/300
[worker 1] task 1/1 id=0 episode 2/3 step 264/300
[worker 2] task 1/1 id=0 episode 3/3 step 273/300
[worker 0] task 1/1 id=0 episode 1/3 step 267/300
[worker 1] task 1/1 id=0 episode 2/3 step 265/300
[worker 2] task 1/1 id=0 episode 3/3 step 274/300
[worker 0] task 1/1 id=0 episode 1/3 step 268/300
[worker 1] task 1/1 id=0 episode 2/3 step 266/300
[worker 2] task 1/1 id=0 episode 3/3 step 275/300
[worker 0] task 1/1 id=0 episode 1/3 step 269/300
[worker 1] task 1/1 id=0 episode 2/3 step 267/300
[worker 2] task 1/1 id=0 episode 3/3 step 276/300
[worker 0] task 1/1 id=0 episode 1/3 step 270/300
[worker 1] task 1/1 id=0 episode 2/3 step 268/300
[worker 2] task 1/1 id=0 episode 3/3 step 277/300
[worker 1] task 1/1 id=0 episode 2/3 step 269/300
PROFILE {"session": "libero-ad289d6e", "worker": 0, "client": {"visual_record_s": 0.013886068016290665, "env_s": 0.8233643276616931, "env_steps": 10.0, "observation_s": 0.012474684044718742, "request_build_s": 0.00014731800183653831, "request_roundtrip_s": 0.09360098419710994}, "transport": {"connect_s": 0.0023837988264858723, "encode_s": 0.000664187129586935, "send_s": 0.0006720931269228458, "wait_response_s": 0.08781486097723246, "close_s": 0.0010982919484376907, "decode_s": 0.0001324550248682499, "request_bytes": 393748}, "server": {}}
[worker 1] task 1/1 id=0 episode 2/3 step 270/300
[worker 1] task 1/1 id=0 episode 2/3 step 271/300
PROFILE {"session": "libero-bd7fd8a0", "worker": 2, "client": {"visual_record_s": 0.009103518445044756, "env_s": 0.7927374145947397, "env_steps": 10.0, "observation_s": 0.009004479739814997, "request_build_s": 0.0006833458319306374, "request_roundtrip_s": 0.1240090299397707}, "transport": {"connect_s": 0.0011918018572032452, "encode_s": 0.0006198580376803875, "send_s": 0.000624620821326971, "wait_response_s": 0.12036515725776553, "close_s": 0.0007209419272840023, "decode_s": 4.754588007926941e-05, "request_bytes": 393748}, "server": {}}
[worker 0] task 1/1 id=0 episode 1/3 step 271/300
[worker 2] task 1/1 id=0 episode 3/3 step 278/300
[worker 1] task 1/1 id=0 episode 2/3 step 272/300
[worker 0] task 1/1 id=0 episode 1/3 step 272/300
[worker 2] task 1/1 id=0 episode 3/3 step 279/300
[worker 1] task 1/1 id=0 episode 2/3 step 273/300
[worker 0] task 1/1 id=0 episode 1/3 step 273/300
[worker 2] task 1/1 id=0 episode 3/3 step 280/300
PROFILE {"session": "libero-b020d2d2", "worker": 1, "client": {"visual_record_s": 0.01136432634666562, "env_s": 0.6927881119772792, "env_steps": 10.0, "observation_s": 0.009903116151690483, "request_build_s": 9.402632713317871e-05, "request_roundtrip_s": 0.09219558676704764}, "transport": {"connect_s": 0.0018545910716056824, "encode_s": 0.0005105310119688511, "send_s": 0.0007094978354871273, "wait_response_s": 0.08792888605967164, "close_s": 0.00047833705320954323, "decode_s": 8.932920172810555e-05, "request_bytes": 393748}, "server": {}}
[worker 0] task 1/1 id=0 episode 1/3 step 274/300
[worker 2] task 1/1 id=0 episode 3/3 step 281/300
[worker 0] task 1/1 id=0 episode 1/3 step 275/300
[worker 2] task 1/1 id=0 episode 3/3 step 282/300
[worker 1] task 1/1 id=0 episode 2/3 step 274/300
[worker 0] task 1/1 id=0 episode 1/3 step 276/300
[worker 2] task 1/1 id=0 episode 3/3 step 283/300
[worker 1] task 1/1 id=0 episode 2/3 step 275/300
[worker 0] task 1/1 id=0 episode 1/3 step 277/300
[worker 2] task 1/1 id=0 episode 3/3 step 284/300
[worker 2] task 1/1 id=0 episode 3/3 step 285/300
[worker 1] task 1/1 id=0 episode 2/3 step 276/300
[worker 0] task 1/1 id=0 episode 1/3 step 278/300
[worker 2] task 1/1 id=0 episode 3/3 step 286/300
[worker 1] task 1/1 id=0 episode 2/3 step 277/300
[worker 0] task 1/1 id=0 episode 1/3 step 279/300
[worker 2] task 1/1 id=0 episode 3/3 step 287/300
[worker 1] task 1/1 id=0 episode 2/3 step 278/300
[worker 0] task 1/1 id=0 episode 1/3 step 280/300
PROFILE {"session": "libero-bd7fd8a0", "worker": 2, "client": {"visual_record_s": 0.005773426964879036, "env_s": 0.5247200764715672, "env_steps": 10.0, "observation_s": 0.008609286975115538, "request_build_s": 0.00010069413110613823, "request_roundtrip_s": 0.0799804381094873}, "transport": {"connect_s": 0.00115547189489007, "encode_s": 0.00037568993866443634, "send_s": 0.0005728551186621189, "wait_response_s": 0.07670502969995141, "close_s": 0.0005897562950849533, "decode_s": 0.0001278826966881752, "request_bytes": 393748}, "server": {}}
[worker 1] task 1/1 id=0 episode 2/3 step 279/300
[worker 2] task 1/1 id=0 episode 3/3 step 288/300
[worker 1] task 1/1 id=0 episode 2/3 step 280/300
PROFILE {"session": "libero-ad289d6e", "worker": 0, "client": {"visual_record_s": 0.011199330445379019, "env_s": 0.6462848801165819, "env_steps": 10.0, "observation_s": 0.009445389732718468, "request_build_s": 7.982691749930382e-05, "request_roundtrip_s": 0.10565833421424031}, "transport": {"connect_s": 0.001013122033327818, "encode_s": 0.00043634185567498207, "send_s": 0.00043602101504802704, "wait_response_s": 0.10287835914641619, "close_s": 0.00044762901961803436, "decode_s": 6.438605487346649e-05, "request_bytes": 393748}, "server": {}}
[worker 1] task 1/1 id=0 episode 2/3 step 281/300
[worker 2] task 1/1 id=0 episode 3/3 step 289/300
[worker 1] task 1/1 id=0 episode 2/3 step 282/300
[worker 2] task 1/1 id=0 episode 3/3 step 290/300
[worker 0] task 1/1 id=0 episode 1/3 step 281/300
[worker 1] task 1/1 id=0 episode 2/3 step 283/300
[worker 2] task 1/1 id=0 episode 3/3 step 291/300
[worker 0] task 1/1 id=0 episode 1/3 step 282/300
[worker 2] task 1/1 id=0 episode 3/3 step 292/300
PROFILE {"session": "libero-b020d2d2", "worker": 1, "client": {"visual_record_s": 0.008726458065211773, "env_s": 0.5735862790606916, "env_steps": 10.0, "observation_s": 0.0072654546238482, "request_build_s": 7.792003452777863e-05, "request_roundtrip_s": 0.08641406614333391}, "transport": {"connect_s": 0.001777071040123701, "encode_s": 0.0003449288196861744, "send_s": 0.000697749201208353, "wait_response_s": 0.0827416479587555, "close_s": 0.0003984440118074417, "decode_s": 5.983421579003334e-05, "request_bytes": 393748}, "server": {}}
[worker 0] task 1/1 id=0 episode 1/3 step 283/300
[worker 2] task 1/1 id=0 episode 3/3 step 293/300
[worker 1] task 1/1 id=0 episode 2/3 step 284/300
[worker 0] task 1/1 id=0 episode 1/3 step 284/300
[worker 2] task 1/1 id=0 episode 3/3 step 294/300
[worker 1] task 1/1 id=0 episode 2/3 step 285/300
[worker 0] task 1/1 id=0 episode 1/3 step 285/300
[worker 2] task 1/1 id=0 episode 3/3 step 295/300
[worker 1] task 1/1 id=0 episode 2/3 step 286/300
[worker 0] task 1/1 id=0 episode 1/3 step 286/300
[worker 2] task 1/1 id=0 episode 3/3 step 296/300
[worker 1] task 1/1 id=0 episode 2/3 step 287/300
[worker 0] task 1/1 id=0 episode 1/3 step 287/300
[worker 2] task 1/1 id=0 episode 3/3 step 297/300
[worker 1] task 1/1 id=0 episode 2/3 step 288/300
[worker 0] task 1/1 id=0 episode 1/3 step 288/300
[worker 1] task 1/1 id=0 episode 2/3 step 289/300
[worker 0] task 1/1 id=0 episode 1/3 step 289/300
[worker 1] task 1/1 id=0 episode 2/3 step 290/300
PROFILE {"session": "libero-bd7fd8a0", "worker": 2, "client": {"visual_record_s": 0.00691085122525692, "env_s": 0.49345608055591583, "env_steps": 10.0, "observation_s": 0.006891960743814707, "request_build_s": 6.98682852089405e-05, "request_roundtrip_s": 0.08606648677960038}, "transport": {"connect_s": 0.001090914011001587, "encode_s": 0.00040691299363970757, "send_s": 0.0007049157284200191, "wait_response_s": 0.0819291458465159, "close_s": 0.0009331870824098587, "decode_s": 0.00014265906065702438, "request_bytes": 393748}, "server": {}}
[worker 0] task 1/1 id=0 episode 1/3 step 290/300
[worker 1] task 1/1 id=0 episode 2/3 step 291/300
[worker 2] task 1/1 id=0 episode 3/3 step 298/300
[worker 1] task 1/1 id=0 episode 2/3 step 292/300
PROFILE {"session": "libero-ad289d6e", "worker": 0, "client": {"visual_record_s": 0.006325021851807833, "env_s": 0.5199675969779491, "env_steps": 10.0, "observation_s": 0.008565750438719988, "request_build_s": 5.95790334045887e-05, "request_roundtrip_s": 0.09293803106993437}, "transport": {"connect_s": 0.0016212603077292442, "encode_s": 0.00036409497261047363, "send_s": 0.0006673410534858704, "wait_response_s": 0.08898765873163939, "close_s": 0.0003633061423897743, "decode_s": 4.9761030822992325e-05, "request_bytes": 393748}, "server": {}}
[worker 1] task 1/1 id=0 episode 2/3 step 293/300
[worker 2] task 1/1 id=0 episode 3/3 step 299/300
[worker 0] task 1/1 id=0 episode 1/3 step 291/300
[worker 2] task 1/1 id=0 episode 3/3 step 300/300
PROFILE {"session": "libero-b020d2d2", "worker": 1, "client": {"visual_record_s": 0.004587043076753616, "env_s": 0.4194690710864961, "env_steps": 10.0, "observation_s": 0.005940933711826801, "request_build_s": 5.496107041835785e-05, "request_roundtrip_s": 0.09018664201721549}, "transport": {"connect_s": 0.001478895079344511, "encode_s": 0.0003321301192045212, "send_s": 0.0007955157198011875, "wait_response_s": 0.08556128712370992, "close_s": 0.0014385022222995758, "decode_s": 6.584590300917625e-05, "request_bytes": 393748}, "server": {}}
[worker 0] task 1/1 id=0 episode 1/3 step 292/300
[worker 1] task 1/1 id=0 episode 2/3 step 294/300
[worker 0] task 1/1 id=0 episode 1/3 step 293/300
[worker 1] task 1/1 id=0 episode 2/3 step 295/300
[worker 0] task 1/1 id=0 episode 1/3 step 294/300
[worker 1] task 1/1 id=0 episode 2/3 step 296/300
[worker 0] task 1/1 id=0 episode 1/3 step 295/300
[worker 1] task 1/1 id=0 episode 2/3 step 297/300
[worker 0] task 1/1 id=0 episode 1/3 step 296/300
[worker 1] task 1/1 id=0 episode 2/3 step 298/300
[worker 0] task 1/1 id=0 episode 1/3 step 297/300
[worker 1] task 1/1 id=0 episode 2/3 step 299/300
[worker 0] task 1/1 id=0 episode 1/3 step 298/300
[worker 1] task 1/1 id=0 episode 2/3 step 300/300
[worker 0] task 1/1 id=0 episode 1/3 step 299/300
[worker 0] task 1/1 id=0 episode 1/3 step 300/300
PROFILE {"session": "libero-ad289d6e", "worker": 0, "client": {"visual_record_s": 0.005489602219313383, "env_s": 0.4071591114625335, "env_steps": 10.0, "observation_s": 0.004092623945325613, "request_build_s": 5.942629650235176e-05, "request_roundtrip_s": 0.09736011596396565}, "transport": {"connect_s": 0.0009559490717947483, "encode_s": 0.0003278879448771477, "send_s": 0.0003564460203051567, "wait_response_s": 0.0950973448343575, "close_s": 0.00028245430439710617, "decode_s": 5.468493327498436e-05, "request_bytes": 393748}, "server": {}}
[worker 2] saved video to: 
/data0/luokang/research/GraphVLA/tmp/pi05_worker_speed_0913/run2_w3/custom0902_i
d10ep-29999/libero_custom_0906-oracle-0913-094221-545769/videos/task_000_ep_002_
sec_016_failure_failure.mp4 (330 frames, 20.0 fps)
PROFILE_SAVE {"worker": 2, "frames": 330, "video_s": 2.998397524934262, "json_s": 0.01479127025231719}
[worker 2] saved execution record to: 
/data0/luokang/research/GraphVLA/tmp/pi05_worker_speed_0913/run2_w3/custom0902_i
d10ep-29999/libero_custom_0906-oracle-0913-094221-545769/videos/task_000_ep_002_
sec_016_failure_failure.json (330 frames)
[worker 2] task=0 episode=2 success=False env_done=False server_done=False 
progress=1/3 completed_subtasks=[1] completed_goals=["['on', 'wine_bottle_1', 
'flat_stove_1_cook_region']"]
Overall progress: 1/3 (33.3%) ETA 00:01:00
[worker 0] saved video to: 
/data0/luokang/research/GraphVLA/tmp/pi05_worker_speed_0913/run2_w3/custom0902_i
d10ep-29999/libero_custom_0906-oracle-0913-094221-545769/videos/task_000_ep_000_
sec_016_failure_failure.mp4 (330 frames, 20.0 fps)
PROFILE_SAVE {"worker": 0, "frames": 330, "video_s": 2.8507835818454623, "json_s": 0.04310486000031233}
[worker 0] saved execution record to: 
/data0/luokang/research/GraphVLA/tmp/pi05_worker_speed_0913/run2_w3/custom0902_i
d10ep-29999/libero_custom_0906-oracle-0913-094221-545769/videos/task_000_ep_000_
sec_016_failure_failure.json (330 frames)
[worker 0] task=0 episode=0 success=False env_done=False server_done=False 
progress=1/3 completed_subtasks=[1] completed_goals=["['on', 'wine_bottle_1', 
'flat_stove_1_cook_region']"]
Overall progress: 2/3 (66.7%) ETA 00:00:15
[worker 1] saved video to: 
/data0/luokang/research/GraphVLA/tmp/pi05_worker_speed_0913/run2_w3/custom0902_i
d10ep-29999/libero_custom_0906-oracle-0913-094221-545769/videos/task_000_ep_001_
sec_016_failure_failure.mp4 (330 frames, 20.0 fps)
PROFILE_SAVE {"worker": 1, "frames": 330, "video_s": 3.174521198961884, "json_s": 0.041997634805738926}
[worker 1] saved execution record to: 
/data0/luokang/research/GraphVLA/tmp/pi05_worker_speed_0913/run2_w3/custom0902_i
d10ep-29999/libero_custom_0906-oracle-0913-094221-545769/videos/task_000_ep_001_
sec_016_failure_failure.json (330 frames)
[worker 1] task=0 episode=1 success=False env_done=False server_done=False 
progress=1/3 completed_subtasks=[1] completed_goals=["['on', 'wine_bottle_1', 
'flat_stove_1_cook_region']"]
Overall progress: 3/3 (100.0%) ETA 00:00:00
[worker 0] saved results to: 
/data0/luokang/research/GraphVLA/tmp/pi05_worker_speed_0913/run2_w3/custom0902_i
d10ep-29999/libero_custom_0906-oracle-0913-094221-545769/result.json
