[robosuite WARNING] No private macro file found! (__init__.py:7)
[robosuite WARNING] It is recommended to use a private macro file (__init__.py:8)
[robosuite WARNING] To setup, run: python /data0/luokang/miniconda3/envs/robobrain/lib/python3.11/site-packages/robosuite/scripts/setup_macros.py (__init__.py:9)
Gym has been unmaintained since 2022 and does not support NumPy 2.0 amongst other critical functionality.
Please upgrade to Gymnasium, the maintained drop-in replacement of Gym, or contact the authors of your software and request that they upgrade.
See the migration guide at https://gymnasium.farama.org/introduction/migration_guide/ for additional information.
[worker 0] Args(host='127.0.0.1', port=8011, control_freq=20, 
task_suite_name='libero_custom_0906', tasks=[0], num_steps_wait=30, 
num_trials_per_task=3, trials_init_state=[0, 1, 2], max_steps=300, 
switch_mode='oracle', seed=42, save_video=True, action_delta=True, 
num_workers=1, resume_dir=None, image_obs_steps=None, observation_keys=None, 
embodiment='franka_panda')
[Warning]: datasets path /data0/luokang/research/LIBERO/libero/libero/../datasets does not exist!
[Warning]: datasets path /data0/luokang/research/LIBERO/libero/libero/../datasets does not exist!
[Warning]: datasets path /data0/luokang/research/LIBERO/libero/libero/../datasets does not exist!
[Warning]: datasets path /data0/luokang/research/LIBERO/libero/libero/../datasets does not exist!
:demonstration is not recognized in problem
INFO:root:[worker 0] Task 0 episode 0: put the wine bottle on the stove, then put the bowl on the plate, then put the cream cheese on the wooden cabinet
[worker 0] task 1/1 id=0 episode 1/3 init_state=0: put the wine bottle on the 
stove, then put the bowl on the plate, then put the cream cheese on the wooden 
cabinet
[worker 0] task 1/1 id=0 episode 1/3 wait_step 1/30
[worker 0] task 1/1 id=0 episode 1/3 wait_step 2/30
[worker 0] task 1/1 id=0 episode 1/3 wait_step 3/30
[worker 0] task 1/1 id=0 episode 1/3 wait_step 4/30
[worker 0] task 1/1 id=0 episode 1/3 wait_step 5/30
[worker 0] task 1/1 id=0 episode 1/3 wait_step 6/30
[worker 0] task 1/1 id=0 episode 1/3 wait_step 7/30
[worker 0] task 1/1 id=0 episode 1/3 wait_step 8/30
[worker 0] task 1/1 id=0 episode 1/3 wait_step 9/30
[worker 0] task 1/1 id=0 episode 1/3 wait_step 10/30
[worker 0] task 1/1 id=0 episode 1/3 wait_step 11/30
[worker 0] task 1/1 id=0 episode 1/3 wait_step 12/30
[worker 0] task 1/1 id=0 episode 1/3 wait_step 13/30
[worker 0] task 1/1 id=0 episode 1/3 wait_step 14/30
[worker 0] task 1/1 id=0 episode 1/3 wait_step 15/30
[worker 0] task 1/1 id=0 episode 1/3 wait_step 16/30
[worker 0] task 1/1 id=0 episode 1/3 wait_step 17/30
[worker 0] task 1/1 id=0 episode 1/3 wait_step 18/30
[worker 0] task 1/1 id=0 episode 1/3 wait_step 19/30
[worker 0] task 1/1 id=0 episode 1/3 wait_step 20/30
[worker 0] task 1/1 id=0 episode 1/3 wait_step 21/30
[worker 0] task 1/1 id=0 episode 1/3 wait_step 22/30
[worker 0] task 1/1 id=0 episode 1/3 wait_step 23/30
[worker 0] task 1/1 id=0 episode 1/3 wait_step 24/30
[worker 0] task 1/1 id=0 episode 1/3 wait_step 25/30
[worker 0] task 1/1 id=0 episode 1/3 wait_step 26/30
[worker 0] task 1/1 id=0 episode 1/3 wait_step 27/30
[worker 0] task 1/1 id=0 episode 1/3 wait_step 28/30
[worker 0] task 1/1 id=0 episode 1/3 wait_step 29/30
[worker 0] task 1/1 id=0 episode 1/3 wait_step 30/30
[worker 0] task 1/1 id=0 episode 1/3 step 1/300
PROFILE {"session": "libero-4c56f8cc", "worker": 0, "client": {"observation_s": 0.00021166400983929634, "request_build_s": 5.006277933716774e-05, "request_roundtrip_s": 0.09101549116894603}, "transport": {"connect_s": 0.0017208196222782135, "encode_s": 0.00014146603643894196, "send_s": 0.00021034199744462967, "wait_response_s": 0.08814622135832906, "close_s": 0.0004232940264046192, "decode_s": 4.2391009628772736e-05, "request_bytes": 393763}, "server": {}}
[worker 0] task 1/1 id=0 episode 1/3 step 2/300
[worker 0] task 1/1 id=0 episode 1/3 step 3/300
[worker 0] task 1/1 id=0 episode 1/3 step 4/300
[worker 0] task 1/1 id=0 episode 1/3 step 5/300
[worker 0] task 1/1 id=0 episode 1/3 step 6/300
[worker 0] task 1/1 id=0 episode 1/3 step 7/300
[worker 0] task 1/1 id=0 episode 1/3 step 8/300
[worker 0] task 1/1 id=0 episode 1/3 step 9/300
[worker 0] task 1/1 id=0 episode 1/3 step 10/300
[worker 0] task 1/1 id=0 episode 1/3 step 11/300
PROFILE {"session": "libero-4c56f8cc", "worker": 0, "client": {"visual_record_s": 0.0018032649531960487, "env_s": 0.19132637418806553, "env_steps": 10.0, "observation_s": 0.0020291944965720177, "request_build_s": 6.187520921230316e-05, "request_roundtrip_s": 0.09682253608480096}, "transport": {"connect_s": 0.002129168715327978, "encode_s": 0.0001278701238334179, "send_s": 0.0002046222798526287, "wait_response_s": 0.09330478962510824, "close_s": 0.000673673115670681, "decode_s": 4.091393202543259e-05, "request_bytes": 393748}, "server": {}}
[worker 0] task 1/1 id=0 episode 1/3 step 12/300
[worker 0] task 1/1 id=0 episode 1/3 step 13/300
[worker 0] task 1/1 id=0 episode 1/3 step 14/300
[worker 0] task 1/1 id=0 episode 1/3 step 15/300
[worker 0] task 1/1 id=0 episode 1/3 step 16/300
[worker 0] task 1/1 id=0 episode 1/3 step 17/300
[worker 0] task 1/1 id=0 episode 1/3 step 18/300
[worker 0] task 1/1 id=0 episode 1/3 step 19/300
[worker 0] task 1/1 id=0 episode 1/3 step 20/300
[worker 0] task 1/1 id=0 episode 1/3 step 21/300
PROFILE {"session": "libero-4c56f8cc", "worker": 0, "client": {"visual_record_s": 0.0017880466766655445, "env_s": 0.17769464757293463, "env_steps": 10.0, "observation_s": 0.001905882265418768, "request_build_s": 6.180116906762123e-05, "request_roundtrip_s": 0.09252817882224917}, "transport": {"connect_s": 0.0018829829059541225, "encode_s": 0.00013764109462499619, "send_s": 0.0001941109076142311, "wait_response_s": 0.08944021724164486, "close_s": 0.0005069226026535034, "decode_s": 4.373304545879364e-05, "request_bytes": 393748}, "server": {}}
[worker 0] task 1/1 id=0 episode 1/3 step 22/300
[worker 0] task 1/1 id=0 episode 1/3 step 23/300
[worker 0] task 1/1 id=0 episode 1/3 step 24/300
[worker 0] task 1/1 id=0 episode 1/3 step 25/300
[worker 0] task 1/1 id=0 episode 1/3 step 26/300
[worker 0] task 1/1 id=0 episode 1/3 step 27/300
[worker 0] task 1/1 id=0 episode 1/3 step 28/300
[worker 0] task 1/1 id=0 episode 1/3 step 29/300
[worker 0] task 1/1 id=0 episode 1/3 step 30/300
[worker 0] task 1/1 id=0 episode 1/3 step 31/300
PROFILE {"session": "libero-4c56f8cc", "worker": 0, "client": {"visual_record_s": 0.0017531695775687695, "env_s": 0.15406508650630713, "env_steps": 10.0, "observation_s": 0.001960176043212414, "request_build_s": 5.155615508556366e-05, "request_roundtrip_s": 0.0922047276981175}, "transport": {"connect_s": 0.0016348310746252537, "encode_s": 0.000131246168166399, "send_s": 0.00017686095088720322, "wait_response_s": 0.08942839968949556, "close_s": 0.000490737147629261, "decode_s": 4.603108391165733e-05, "request_bytes": 393748}, "server": {}}
[worker 0] task 1/1 id=0 episode 1/3 step 32/300
[worker 0] task 1/1 id=0 episode 1/3 step 33/300
[worker 0] task 1/1 id=0 episode 1/3 step 34/300
[worker 0] task 1/1 id=0 episode 1/3 step 35/300
[worker 0] task 1/1 id=0 episode 1/3 step 36/300
[worker 0] task 1/1 id=0 episode 1/3 step 37/300
[worker 0] task 1/1 id=0 episode 1/3 step 38/300
[worker 0] task 1/1 id=0 episode 1/3 step 39/300
[worker 0] task 1/1 id=0 episode 1/3 step 40/300
[worker 0] task 1/1 id=0 episode 1/3 step 41/300
PROFILE {"session": "libero-4c56f8cc", "worker": 0, "client": {"visual_record_s": 0.0018119714222848415, "env_s": 0.1842377190478146, "env_steps": 10.0, "observation_s": 0.002003664616495371, "request_build_s": 4.675425589084625e-05, "request_roundtrip_s": 0.09130806103348732}, "transport": {"connect_s": 0.0017746067605912685, "encode_s": 0.00011996738612651825, "send_s": 0.00017807167023420334, "wait_response_s": 0.08835026295855641, "close_s": 0.0005339360795915127, "decode_s": 4.6830158680677414e-05, "request_bytes": 393748}, "server": {}}
[worker 0] task 1/1 id=0 episode 1/3 step 42/300
[worker 0] task 1/1 id=0 episode 1/3 step 43/300
[worker 0] task 1/1 id=0 episode 1/3 step 44/300
[worker 0] task 1/1 id=0 episode 1/3 step 45/300
[worker 0] task 1/1 id=0 episode 1/3 step 46/300
[worker 0] task 1/1 id=0 episode 1/3 step 47/300
[worker 0] task 1/1 id=0 episode 1/3 step 48/300
[worker 0] task 1/1 id=0 episode 1/3 step 49/300
[worker 0] task 1/1 id=0 episode 1/3 step 50/300
[worker 0] task 1/1 id=0 episode 1/3 step 51/300
PROFILE {"session": "libero-4c56f8cc", "worker": 0, "client": {"visual_record_s": 0.0017481870017945766, "env_s": 0.18376783933490515, "env_steps": 10.0, "observation_s": 0.0018878830596804619, "request_build_s": 5.8166682720184326e-05, "request_roundtrip_s": 0.09137664921581745}, "transport": {"connect_s": 0.001787213608622551, "encode_s": 0.00022471323609352112, "send_s": 0.0003127087838947773, "wait_response_s": 0.08819458913058043, "close_s": 0.0005068941973149776, "decode_s": 4.311371594667435e-05, "request_bytes": 393748}, "server": {}}
[worker 0] task 1/1 id=0 episode 1/3 step 52/300
[worker 0] task 1/1 id=0 episode 1/3 step 53/300
[worker 0] task 1/1 id=0 episode 1/3 step 54/300
[worker 0] task 1/1 id=0 episode 1/3 step 55/300
[worker 0] task 1/1 id=0 episode 1/3 step 56/300
[worker 0] task 1/1 id=0 episode 1/3 step 57/300
[worker 0] task 1/1 id=0 episode 1/3 step 58/300
[worker 0] task 1/1 id=0 episode 1/3 step 59/300
[worker 0] task 1/1 id=0 episode 1/3 step 60/300
[worker 0] task 1/1 id=0 episode 1/3 step 61/300
PROFILE {"session": "libero-4c56f8cc", "worker": 0, "client": {"visual_record_s": 0.0017764763906598091, "env_s": 0.17252191016450524, "env_steps": 10.0, "observation_s": 0.00194196542724967, "request_build_s": 5.058804526925087e-05, "request_roundtrip_s": 0.0941217583604157}, "transport": {"connect_s": 0.0016523832455277443, "encode_s": 0.00031423475593328476, "send_s": 0.0003042551688849926, "wait_response_s": 0.09071875084191561, "close_s": 0.0006518731825053692, "decode_s": 0.00011501088738441467, "request_bytes": 393748}, "server": {}}
[worker 0] task 1/1 id=0 episode 1/3 step 62/300
[worker 0] task 1/1 id=0 episode 1/3 step 63/300
[worker 0] task 1/1 id=0 episode 1/3 step 64/300
[worker 0] task 1/1 id=0 episode 1/3 step 65/300
[worker 0] task 1/1 id=0 episode 1/3 step 66/300
[worker 0] task 1/1 id=0 episode 1/3 step 67/300
[worker 0] task 1/1 id=0 episode 1/3 step 68/300
[worker 0] task 1/1 id=0 episode 1/3 step 69/300
[worker 0] task 1/1 id=0 episode 1/3 step 70/300
[worker 0] task 1/1 id=0 episode 1/3 step 71/300
PROFILE {"session": "libero-4c56f8cc", "worker": 0, "client": {"visual_record_s": 0.0017673545517027378, "env_s": 0.19772897427901626, "env_steps": 10.0, "observation_s": 0.0019601359963417053, "request_build_s": 4.9688853323459625e-05, "request_roundtrip_s": 0.09822213696315885}, "transport": {"connect_s": 0.0017780018970370293, "encode_s": 0.0002978881821036339, "send_s": 0.00030222488567233086, "wait_response_s": 0.09487276105210185, "close_s": 0.0006259582005441189, "decode_s": 5.3705647587776184e-05, "request_bytes": 393748}, "server": {}}
[worker 0] task 1/1 id=0 episode 1/3 step 72/300
[worker 0] task 1/1 id=0 episode 1/3 step 73/300
[worker 0] task 1/1 id=0 episode 1/3 step 74/300
[worker 0] task 1/1 id=0 episode 1/3 step 75/300
[worker 0] task 1/1 id=0 episode 1/3 step 76/300
[worker 0] task 1/1 id=0 episode 1/3 step 77/300
[worker 0] task 1/1 id=0 episode 1/3 step 78/300
[worker 0] task 1/1 id=0 episode 1/3 step 79/300
[worker 0] task 1/1 id=0 episode 1/3 step 80/300
[worker 0] task 1/1 id=0 episode 1/3 step 81/300
PROFILE {"session": "libero-4c56f8cc", "worker": 0, "client": {"visual_record_s": 0.0021053599193692207, "env_s": 0.20781236654147506, "env_steps": 10.0, "observation_s": 0.002126092556864023, "request_build_s": 5.131680518388748e-05, "request_roundtrip_s": 0.0899968221783638}, "transport": {"connect_s": 0.0017259460873901844, "encode_s": 0.0003928882069885731, "send_s": 0.0003455858677625656, "wait_response_s": 0.08669085893779993, "close_s": 0.0005043973214924335, "decode_s": 4.6032946556806564e-05, "request_bytes": 393748}, "server": {}}
[worker 0] task 1/1 id=0 episode 1/3 step 82/300
[worker 0] task 1/1 id=0 episode 1/3 step 83/300
[worker 0] task 1/1 id=0 episode 1/3 step 84/300
[worker 0] task 1/1 id=0 episode 1/3 step 85/300
[worker 0] task 1/1 id=0 episode 1/3 step 86/300
[worker 0] task 1/1 id=0 episode 1/3 step 87/300
[worker 0] task 1/1 id=0 episode 1/3 step 88/300
[worker 0] task 1/1 id=0 episode 1/3 step 89/300
[worker 0] task 1/1 id=0 episode 1/3 step 90/300
[worker 0] task 1/1 id=0 episode 1/3 step 91/300
PROFILE {"session": "libero-4c56f8cc", "worker": 0, "client": {"visual_record_s": 0.002074968069791794, "env_s": 0.23416747618466616, "env_steps": 10.0, "observation_s": 0.0019906386733055115, "request_build_s": 5.0333328545093536e-05, "request_roundtrip_s": 0.09638580260798335}, "transport": {"connect_s": 0.0017554480582475662, "encode_s": 0.00037370016798377037, "send_s": 0.00032991496846079826, "wait_response_s": 0.09305218188092113, "close_s": 0.0005264561623334885, "decode_s": 4.7939829528331757e-05, "request_bytes": 393748}, "server": {}}
[worker 0] task 1/1 id=0 episode 1/3 step 92/300
[worker 0] task 1/1 id=0 episode 1/3 step 93/300
[worker 0] task 1/1 id=0 episode 1/3 step 94/300
[worker 0] task 1/1 id=0 episode 1/3 step 95/300
[worker 0] task 1/1 id=0 episode 1/3 step 96/300
[worker 0] task 1/1 id=0 episode 1/3 step 97/300
[worker 0] task 1/1 id=0 episode 1/3 step 98/300
[worker 0] task 1/1 id=0 episode 1/3 step 99/300
[worker 0] task 1/1 id=0 episode 1/3 step 100/300
[worker 0] task 1/1 id=0 episode 1/3 step 101/300
PROFILE {"session": "libero-4c56f8cc", "worker": 0, "client": {"visual_record_s": 0.0021336846984922886, "env_s": 0.22400914365425706, "env_steps": 10.0, "observation_s": 0.002112275455147028, "request_build_s": 4.986487329006195e-05, "request_roundtrip_s": 0.09619785193353891}, "transport": {"connect_s": 0.0019149589352309704, "encode_s": 0.0004015169106423855, "send_s": 0.0003291042521595955, "wait_response_s": 0.09249709080904722, "close_s": 0.0007290509529411793, "decode_s": 4.544109106063843e-05, "request_bytes": 393748}, "server": {}}
[worker 0] task 1/1 id=0 episode 1/3 step 102/300
[worker 0] task 1/1 id=0 episode 1/3 step 103/300
[worker 0] task 1/1 id=0 episode 1/3 step 104/300
[worker 0] task 1/1 id=0 episode 1/3 step 105/300
[worker 0] task 1/1 id=0 episode 1/3 step 106/300
[worker 0] task 1/1 id=0 episode 1/3 step 107/300
[worker 0] task 1/1 id=0 episode 1/3 step 108/300
[worker 0] task 1/1 id=0 episode 1/3 step 109/300
[worker 0] task 1/1 id=0 episode 1/3 step 110/300
[worker 0] task 1/1 id=0 episode 1/3 step 111/300
PROFILE {"session": "libero-4c56f8cc", "worker": 0, "client": {"visual_record_s": 0.002086272928863764, "env_s": 0.22383291320875287, "env_steps": 10.0, "observation_s": 0.002154699992388487, "request_build_s": 5.07221557199955e-05, "request_roundtrip_s": 0.0921831289306283}, "transport": {"connect_s": 0.001699782907962799, "encode_s": 0.0003275633789598942, "send_s": 0.0003258087672293186, "wait_response_s": 0.08889540005475283, "close_s": 0.0005681291222572327, "decode_s": 6.195669993758202e-05, "request_bytes": 393748}, "server": {}}
[worker 0] task 1/1 id=0 episode 1/3 step 112/300
[worker 0] task 1/1 id=0 episode 1/3 step 113/300
[worker 0] task 1/1 id=0 episode 1/3 step 114/300
[worker 0] task 1/1 id=0 episode 1/3 step 115/300
[worker 0] task 1/1 id=0 episode 1/3 step 116/300
[worker 0] task 1/1 id=0 episode 1/3 step 117/300
[worker 0] task 1/1 id=0 episode 1/3 step 118/300
[worker 0] task 1/1 id=0 episode 1/3 step 119/300
[worker 0] task 1/1 id=0 episode 1/3 step 120/300
[worker 0] task 1/1 id=0 episode 1/3 step 121/300
PROFILE {"session": "libero-4c56f8cc", "worker": 0, "client": {"visual_record_s": 0.0024153543636202812, "env_s": 0.23738107085227966, "env_steps": 10.0, "observation_s": 0.0023453817702829838, "request_build_s": 5.312217399477959e-05, "request_roundtrip_s": 0.08336561312898993}, "transport": {"connect_s": 0.001817213837057352, "encode_s": 0.0003446899354457855, "send_s": 0.0003259330987930298, "wait_response_s": 0.08006435493007302, "close_s": 0.0004336778074502945, "decode_s": 5.766097456216812e-05, "request_bytes": 393748}, "server": {}}
[worker 0] task 1/1 id=0 episode 1/3 step 122/300
[worker 0] task 1/1 id=0 episode 1/3 step 123/300
[worker 0] task 1/1 id=0 episode 1/3 step 124/300
[worker 0] task 1/1 id=0 episode 1/3 step 125/300
[worker 0] task 1/1 id=0 episode 1/3 step 126/300
[worker 0] task 1/1 id=0 episode 1/3 step 127/300
[worker 0] task 1/1 id=0 episode 1/3 step 128/300
[worker 0] task 1/1 id=0 episode 1/3 step 129/300
[worker 0] task 1/1 id=0 episode 1/3 step 130/300
[worker 0] task 1/1 id=0 episode 1/3 step 131/300
PROFILE {"session": "libero-4c56f8cc", "worker": 0, "client": {"visual_record_s": 0.002364575397223234, "env_s": 0.2119861845858395, "env_steps": 10.0, "observation_s": 0.0020653395913541317, "request_build_s": 5.02169132232666e-05, "request_roundtrip_s": 0.09327299101278186}, "transport": {"connect_s": 0.001761430874466896, "encode_s": 0.00033892691135406494, "send_s": 0.0003286539576947689, "wait_response_s": 0.08994391281157732, "close_s": 0.0005095084197819233, "decode_s": 7.185479626059532e-05, "request_bytes": 393748}, "server": {}}
[worker 0] task 1/1 id=0 episode 1/3 step 132/300
[worker 0] task 1/1 id=0 episode 1/3 step 133/300
[worker 0] task 1/1 id=0 episode 1/3 step 134/300
[worker 0] task 1/1 id=0 episode 1/3 step 135/300
[worker 0] task 1/1 id=0 episode 1/3 step 136/300
[worker 0] task 1/1 id=0 episode 1/3 step 137/300
[worker 0] task 1/1 id=0 episode 1/3 step 138/300
[worker 0] task 1/1 id=0 episode 1/3 step 139/300
[worker 0] task 1/1 id=0 episode 1/3 step 140/300
[worker 0] task 1/1 id=0 episode 1/3 step 141/300
PROFILE {"session": "libero-4c56f8cc", "worker": 0, "client": {"visual_record_s": 0.0020339773036539555, "env_s": 0.23663252824917436, "env_steps": 10.0, "observation_s": 0.0020575611852109432, "request_build_s": 5.075708031654358e-05, "request_roundtrip_s": 0.09371620789170265}, "transport": {"connect_s": 0.001123596914112568, "encode_s": 0.0003286469727754593, "send_s": 0.0003337799571454525, "wait_response_s": 0.09111513802781701, "close_s": 0.0004352000541985035, "decode_s": 6.797583773732185e-05, "request_bytes": 393748}, "server": {}}
[worker 0] task 1/1 id=0 episode 1/3 step 142/300
[worker 0] task 1/1 id=0 episode 1/3 step 143/300
[worker 0] task 1/1 id=0 episode 1/3 step 144/300
[worker 0] task 1/1 id=0 episode 1/3 step 145/300
[worker 0] task 1/1 id=0 episode 1/3 step 146/300
[worker 0] task 1/1 id=0 episode 1/3 step 147/300
[worker 0] task 1/1 id=0 episode 1/3 step 148/300
[worker 0] task 1/1 id=0 episode 1/3 step 149/300
[worker 0] task 1/1 id=0 episode 1/3 step 150/300
[worker 0] task 1/1 id=0 episode 1/3 step 151/300
PROFILE {"session": "libero-4c56f8cc", "worker": 0, "client": {"visual_record_s": 0.0021817716769874096, "env_s": 0.20264341635629535, "env_steps": 10.0, "observation_s": 0.0020920722745358944, "request_build_s": 4.7422945499420166e-05, "request_roundtrip_s": 0.094698925036937}, "transport": {"connect_s": 0.0009962883777916431, "encode_s": 0.00028617074713110924, "send_s": 0.0002894490025937557, "wait_response_s": 0.0921738538891077, "close_s": 0.000634422991424799, "decode_s": 4.711933434009552e-05, "request_bytes": 393748}, "server": {}}
[worker 0] task 1/1 id=0 episode 1/3 step 152/300
[worker 0] task 1/1 id=0 episode 1/3 step 153/300
[worker 0] task 1/1 id=0 episode 1/3 step 154/300
[worker 0] task 1/1 id=0 episode 1/3 step 155/300
[worker 0] task 1/1 id=0 episode 1/3 step 156/300
[worker 0] task 1/1 id=0 episode 1/3 step 157/300
[worker 0] task 1/1 id=0 episode 1/3 step 158/300
[worker 0] task 1/1 id=0 episode 1/3 step 159/300
[worker 0] task 1/1 id=0 episode 1/3 step 160/300
PROFILE {"session": "libero-4c56f8cc", "worker": 0, "client": {"visual_record_s": 0.001792246475815773, "env_s": 0.1640167641453445, "env_steps": 9.0, "observation_s": 0.001763641368597746, "request_build_s": 4.948768764734268e-05, "request_roundtrip_s": 0.006474736146628857}, "transport": {"connect_s": 0.0018555643036961555, "encode_s": 0.0003597610630095005, "send_s": 0.0003256527706980705, "wait_response_s": 0.0033116592094302177, "close_s": 0.00033152801916003227, "decode_s": 3.245798870921135e-05, "request_bytes": 393778}, "server": {}}
[worker 0] task 1/1 id=0 episode 1/3 step 161/300
[worker 0] task 1/1 id=0 episode 1/3 step 162/300
[worker 0] task 1/1 id=0 episode 1/3 step 163/300
[worker 0] task 1/1 id=0 episode 1/3 step 164/300
[worker 0] task 1/1 id=0 episode 1/3 step 165/300
[worker 0] task 1/1 id=0 episode 1/3 step 166/300
[worker 0] task 1/1 id=0 episode 1/3 step 167/300
[worker 0] task 1/1 id=0 episode 1/3 step 168/300
[worker 0] task 1/1 id=0 episode 1/3 step 169/300
[worker 0] task 1/1 id=0 episode 1/3 step 170/300
[worker 0] task 1/1 id=0 episode 1/3 step 171/300
[worker 0] task 1/1 id=0 episode 1/3 step 172/300
[worker 0] task 1/1 id=0 episode 1/3 step 173/300
[worker 0] task 1/1 id=0 episode 1/3 step 174/300
[worker 0] task 1/1 id=0 episode 1/3 step 175/300
[worker 0] task 1/1 id=0 episode 1/3 step 176/300
[worker 0] task 1/1 id=0 episode 1/3 step 177/300
[worker 0] task 1/1 id=0 episode 1/3 step 178/300
[worker 0] task 1/1 id=0 episode 1/3 step 179/300
[worker 0] task 1/1 id=0 episode 1/3 step 180/300
PROFILE {"session": "libero-4c56f8cc", "worker": 0, "client": {"visual_record_s": 0.0037881312891840935, "env_s": 0.37479408364742994, "env_steps": 20.0, "observation_s": 0.0035439617931842804, "request_build_s": 4.723900929093361e-05, "request_roundtrip_s": 0.09755011787638068}, "transport": {"connect_s": 0.0019417433068156242, "encode_s": 0.00037571461871266365, "send_s": 0.0003075231797993183, "wait_response_s": 0.09414928685873747, "close_s": 0.0004651900380849838, "decode_s": 3.9905309677124023e-05, "request_bytes": 393748}, "server": {}}
[worker 0] task 1/1 id=0 episode 1/3 step 181/300
[worker 0] task 1/1 id=0 episode 1/3 step 182/300
[worker 0] task 1/1 id=0 episode 1/3 step 183/300
[worker 0] task 1/1 id=0 episode 1/3 step 184/300
[worker 0] task 1/1 id=0 episode 1/3 step 185/300
[worker 0] task 1/1 id=0 episode 1/3 step 186/300
[worker 0] task 1/1 id=0 episode 1/3 step 187/300
[worker 0] task 1/1 id=0 episode 1/3 step 188/300
[worker 0] task 1/1 id=0 episode 1/3 step 189/300
[worker 0] task 1/1 id=0 episode 1/3 step 190/300
PROFILE {"session": "libero-4c56f8cc", "worker": 0, "client": {"visual_record_s": 0.001875041052699089, "env_s": 0.16579360561445355, "env_steps": 10.0, "observation_s": 0.001875192392617464, "request_build_s": 5.089957267045975e-05, "request_roundtrip_s": 0.09854187211021781}, "transport": {"connect_s": 0.0016980408690869808, "encode_s": 0.00012086424976587296, "send_s": 0.00018911855295300484, "wait_response_s": 0.09574304101988673, "close_s": 0.00046939728781580925, "decode_s": 4.647672176361084e-05, "request_bytes": 393748}, "server": {}}
[worker 0] task 1/1 id=0 episode 1/3 step 191/300
[worker 0] task 1/1 id=0 episode 1/3 step 192/300
[worker 0] task 1/1 id=0 episode 1/3 step 193/300
[worker 0] task 1/1 id=0 episode 1/3 step 194/300
[worker 0] task 1/1 id=0 episode 1/3 step 195/300
[worker 0] task 1/1 id=0 episode 1/3 step 196/300
[worker 0] task 1/1 id=0 episode 1/3 step 197/300
[worker 0] task 1/1 id=0 episode 1/3 step 198/300
[worker 0] task 1/1 id=0 episode 1/3 step 199/300
[worker 0] task 1/1 id=0 episode 1/3 step 200/300
PROFILE {"session": "libero-4c56f8cc", "worker": 0, "client": {"visual_record_s": 0.0020426176488399506, "env_s": 0.18622869765385985, "env_steps": 10.0, "observation_s": 0.0020473944023251534, "request_build_s": 5.353102460503578e-05, "request_roundtrip_s": 0.08806576067581773}, "transport": {"connect_s": 0.0009035267867147923, "encode_s": 0.0002436600625514984, "send_s": 0.0004265252500772476, "wait_response_s": 0.0856927246786654, "close_s": 0.0004760678857564926, "decode_s": 4.519708454608917e-05, "request_bytes": 393748}, "server": {}}
[worker 0] task 1/1 id=0 episode 1/3 step 201/300
[worker 0] task 1/1 id=0 episode 1/3 step 202/300
[worker 0] task 1/1 id=0 episode 1/3 step 203/300
[worker 0] task 1/1 id=0 episode 1/3 step 204/300
[worker 0] task 1/1 id=0 episode 1/3 step 205/300
[worker 0] task 1/1 id=0 episode 1/3 step 206/300
[worker 0] task 1/1 id=0 episode 1/3 step 207/300
[worker 0] task 1/1 id=0 episode 1/3 step 208/300
[worker 0] task 1/1 id=0 episode 1/3 step 209/300
[worker 0] task 1/1 id=0 episode 1/3 step 210/300
PROFILE {"session": "libero-4c56f8cc", "worker": 0, "client": {"visual_record_s": 0.002557753585278988, "env_s": 0.18457452673465014, "env_steps": 10.0, "observation_s": 0.0018302630633115768, "request_build_s": 4.981504753232002e-05, "request_roundtrip_s": 0.09154755994677544}, "transport": {"connect_s": 0.0015276139602065086, "encode_s": 0.000295411329716444, "send_s": 0.0004143146798014641, "wait_response_s": 0.08855076599866152, "close_s": 0.00046140700578689575, "decode_s": 4.370836541056633e-05, "request_bytes": 393748}, "server": {}}
[worker 0] task 1/1 id=0 episode 1/3 step 211/300
[worker 0] task 1/1 id=0 episode 1/3 step 212/300
[worker 0] task 1/1 id=0 episode 1/3 step 213/300
[worker 0] task 1/1 id=0 episode 1/3 step 214/300
[worker 0] task 1/1 id=0 episode 1/3 step 215/300
[worker 0] task 1/1 id=0 episode 1/3 step 216/300
[worker 0] task 1/1 id=0 episode 1/3 step 217/300
[worker 0] task 1/1 id=0 episode 1/3 step 218/300
[worker 0] task 1/1 id=0 episode 1/3 step 219/300
[worker 0] task 1/1 id=0 episode 1/3 step 220/300
PROFILE {"session": "libero-4c56f8cc", "worker": 0, "client": {"visual_record_s": 0.0025914455763995647, "env_s": 0.16444618720561266, "env_steps": 10.0, "observation_s": 0.0018072985112667084, "request_build_s": 5.331495776772499e-05, "request_roundtrip_s": 0.08984253089874983}, "transport": {"connect_s": 0.0013005556538701057, "encode_s": 0.0002939724363386631, "send_s": 0.00042695458978414536, "wait_response_s": 0.08712145034223795, "close_s": 0.00038133980706334114, "decode_s": 4.392396658658981e-05, "request_bytes": 393748}, "server": {}}
[worker 0] task 1/1 id=0 episode 1/3 step 221/300
[worker 0] task 1/1 id=0 episode 1/3 step 222/300
[worker 0] task 1/1 id=0 episode 1/3 step 223/300
[worker 0] task 1/1 id=0 episode 1/3 step 224/300
[worker 0] task 1/1 id=0 episode 1/3 step 225/300
[worker 0] task 1/1 id=0 episode 1/3 step 226/300
[worker 0] task 1/1 id=0 episode 1/3 step 227/300
[worker 0] task 1/1 id=0 episode 1/3 step 228/300
[worker 0] task 1/1 id=0 episode 1/3 step 229/300
[worker 0] task 1/1 id=0 episode 1/3 step 230/300
PROFILE {"session": "libero-4c56f8cc", "worker": 0, "client": {"visual_record_s": 0.0026709348894655704, "env_s": 0.18675998086109757, "env_steps": 10.0, "observation_s": 0.0018615052103996277, "request_build_s": 4.62336465716362e-05, "request_roundtrip_s": 0.09338451828807592}, "transport": {"connect_s": 0.0017158263362944126, "encode_s": 0.0002948329783976078, "send_s": 0.00043049687519669533, "wait_response_s": 0.08955786377191544, "close_s": 0.000761508010327816, "decode_s": 0.00014517735689878464, "request_bytes": 393748}, "server": {}}
[worker 0] task 1/1 id=0 episode 1/3 step 231/300
[worker 0] task 1/1 id=0 episode 1/3 step 232/300
[worker 0] task 1/1 id=0 episode 1/3 step 233/300
[worker 0] task 1/1 id=0 episode 1/3 step 234/300
[worker 0] task 1/1 id=0 episode 1/3 step 235/300
[worker 0] task 1/1 id=0 episode 1/3 step 236/300
[worker 0] task 1/1 id=0 episode 1/3 step 237/300
[worker 0] task 1/1 id=0 episode 1/3 step 238/300
[worker 0] task 1/1 id=0 episode 1/3 step 239/300
[worker 0] task 1/1 id=0 episode 1/3 step 240/300
PROFILE {"session": "libero-4c56f8cc", "worker": 0, "client": {"visual_record_s": 0.0028631272725760937, "env_s": 0.1857920726761222, "env_steps": 10.0, "observation_s": 0.0017992486245930195, "request_build_s": 4.9822963774204254e-05, "request_roundtrip_s": 0.09122796030715108}, "transport": {"connect_s": 0.0019370620138943195, "encode_s": 0.0003123530186712742, "send_s": 0.00042282789945602417, "wait_response_s": 0.08782162703573704, "close_s": 0.0004452192224562168, "decode_s": 3.715464845299721e-05, "request_bytes": 393748}, "server": {}}
[worker 0] task 1/1 id=0 episode 1/3 step 241/300
[worker 0] task 1/1 id=0 episode 1/3 step 242/300
[worker 0] task 1/1 id=0 episode 1/3 step 243/300
[worker 0] task 1/1 id=0 episode 1/3 step 244/300
[worker 0] task 1/1 id=0 episode 1/3 step 245/300
[worker 0] task 1/1 id=0 episode 1/3 step 246/300
[worker 0] task 1/1 id=0 episode 1/3 step 247/300
[worker 0] task 1/1 id=0 episode 1/3 step 248/300
[worker 0] task 1/1 id=0 episode 1/3 step 249/300
[worker 0] task 1/1 id=0 episode 1/3 step 250/300
PROFILE {"session": "libero-4c56f8cc", "worker": 0, "client": {"visual_record_s": 0.002524126321077347, "env_s": 0.17336832731962204, "env_steps": 10.0, "observation_s": 0.0019057015888392925, "request_build_s": 5.850521847605705e-05, "request_roundtrip_s": 0.0937408790923655}, "transport": {"connect_s": 0.0017062150873243809, "encode_s": 0.00029372377321124077, "send_s": 0.00040747690945863724, "wait_response_s": 0.09067642502486706, "close_s": 0.00035587791353464127, "decode_s": 3.915233537554741e-05, "request_bytes": 393748}, "server": {}}
[worker 0] task 1/1 id=0 episode 1/3 step 251/300
[worker 0] task 1/1 id=0 episode 1/3 step 252/300
[worker 0] task 1/1 id=0 episode 1/3 step 253/300
[worker 0] task 1/1 id=0 episode 1/3 step 254/300
[worker 0] task 1/1 id=0 episode 1/3 step 255/300
[worker 0] task 1/1 id=0 episode 1/3 step 256/300
[worker 0] task 1/1 id=0 episode 1/3 step 257/300
[worker 0] task 1/1 id=0 episode 1/3 step 258/300
[worker 0] task 1/1 id=0 episode 1/3 step 259/300
[worker 0] task 1/1 id=0 episode 1/3 step 260/300
PROFILE {"session": "libero-4c56f8cc", "worker": 0, "client": {"visual_record_s": 0.002512970007956028, "env_s": 0.1771841924637556, "env_steps": 10.0, "observation_s": 0.0018242108635604382, "request_build_s": 4.695914685726166e-05, "request_roundtrip_s": 0.09018166176974773}, "transport": {"connect_s": 0.0015989812090992928, "encode_s": 0.0002929382026195526, "send_s": 0.000419828575104475, "wait_response_s": 0.08723018644377589, "close_s": 0.0003416808322072029, "decode_s": 3.694789484143257e-05, "request_bytes": 393748}, "server": {}}
[worker 0] task 1/1 id=0 episode 1/3 step 261/300
[worker 0] task 1/1 id=0 episode 1/3 step 262/300
[worker 0] task 1/1 id=0 episode 1/3 step 263/300
[worker 0] task 1/1 id=0 episode 1/3 step 264/300
[worker 0] task 1/1 id=0 episode 1/3 step 265/300
[worker 0] task 1/1 id=0 episode 1/3 step 266/300
[worker 0] task 1/1 id=0 episode 1/3 step 267/300
[worker 0] task 1/1 id=0 episode 1/3 step 268/300
[worker 0] task 1/1 id=0 episode 1/3 step 269/300
[worker 0] task 1/1 id=0 episode 1/3 step 270/300
PROFILE {"session": "libero-4c56f8cc", "worker": 0, "client": {"visual_record_s": 0.0024914471432566643, "env_s": 0.16815501125529408, "env_steps": 10.0, "observation_s": 0.0018959781154990196, "request_build_s": 4.898384213447571e-05, "request_roundtrip_s": 0.09275767905637622}, "transport": {"connect_s": 0.0018602488562464714, "encode_s": 0.00029164133593440056, "send_s": 0.00042473478242754936, "wait_response_s": 0.08949721604585648, "close_s": 0.00038040289655327797, "decode_s": 4.1040126234292984e-05, "request_bytes": 393748}, "server": {}}
[worker 0] task 1/1 id=0 episode 1/3 step 271/300
[worker 0] task 1/1 id=0 episode 1/3 step 272/300
[worker 0] task 1/1 id=0 episode 1/3 step 273/300
[worker 0] task 1/1 id=0 episode 1/3 step 274/300
[worker 0] task 1/1 id=0 episode 1/3 step 275/300
[worker 0] task 1/1 id=0 episode 1/3 step 276/300
[worker 0] task 1/1 id=0 episode 1/3 step 277/300
[worker 0] task 1/1 id=0 episode 1/3 step 278/300
[worker 0] task 1/1 id=0 episode 1/3 step 279/300
[worker 0] task 1/1 id=0 episode 1/3 step 280/300
PROFILE {"session": "libero-4c56f8cc", "worker": 0, "client": {"visual_record_s": 0.002606789581477642, "env_s": 0.17982639092952013, "env_steps": 10.0, "observation_s": 0.001865787897258997, "request_build_s": 4.719803109765053e-05, "request_roundtrip_s": 0.09514563297852874}, "transport": {"connect_s": 0.001581801101565361, "encode_s": 0.00029030581936240196, "send_s": 0.0004201340489089489, "wait_response_s": 0.09148878697305918, "close_s": 0.0007475288584828377, "decode_s": 0.0001408853568136692, "request_bytes": 393748}, "server": {}}
[worker 0] task 1/1 id=0 episode 1/3 step 281/300
[worker 0] task 1/1 id=0 episode 1/3 step 282/300
[worker 0] task 1/1 id=0 episode 1/3 step 283/300
[worker 0] task 1/1 id=0 episode 1/3 step 284/300
[worker 0] task 1/1 id=0 episode 1/3 step 285/300
[worker 0] task 1/1 id=0 episode 1/3 step 286/300
[worker 0] task 1/1 id=0 episode 1/3 step 287/300
[worker 0] task 1/1 id=0 episode 1/3 step 288/300
[worker 0] task 1/1 id=0 episode 1/3 step 289/300
[worker 0] task 1/1 id=0 episode 1/3 step 290/300
PROFILE {"session": "libero-4c56f8cc", "worker": 0, "client": {"visual_record_s": 0.0029119583778083324, "env_s": 0.19468022184446454, "env_steps": 10.0, "observation_s": 0.0018508853390812874, "request_build_s": 4.88809309899807e-05, "request_roundtrip_s": 0.09544304013252258}, "transport": {"connect_s": 0.0018103602342307568, "encode_s": 0.0003939657472074032, "send_s": 0.0004164953716099262, "wait_response_s": 0.09197230078279972, "close_s": 0.0005506761372089386, "decode_s": 3.581307828426361e-05, "request_bytes": 393748}, "server": {}}
[worker 0] task 1/1 id=0 episode 1/3 step 291/300
[worker 0] task 1/1 id=0 episode 1/3 step 292/300
[worker 0] task 1/1 id=0 episode 1/3 step 293/300
[worker 0] task 1/1 id=0 episode 1/3 step 294/300
[worker 0] task 1/1 id=0 episode 1/3 step 295/300
[worker 0] task 1/1 id=0 episode 1/3 step 296/300
[worker 0] task 1/1 id=0 episode 1/3 step 297/300
[worker 0] task 1/1 id=0 episode 1/3 step 298/300
[worker 0] task 1/1 id=0 episode 1/3 step 299/300
[worker 0] task 1/1 id=0 episode 1/3 step 300/300
PROFILE {"session": "libero-4c56f8cc", "worker": 0, "client": {"visual_record_s": 0.0025245952419936657, "env_s": 0.1592781930230558, "env_steps": 10.0, "observation_s": 0.001911034807562828, "request_build_s": 5.59450127184391e-05, "request_roundtrip_s": 0.08978918101638556}, "transport": {"connect_s": 0.0010359939187765121, "encode_s": 0.00030913716182112694, "send_s": 0.0004262649454176426, "wait_response_s": 0.08717280579730868, "close_s": 0.000529029406607151, "decode_s": 3.9659906178712845e-05, "request_bytes": 393748}, "server": {}}
[worker 0] saved video to: 
/data0/luokang/research/GraphVLA/tmp/pi05_worker_speed_0913/run1_w1/custom0902_i
d10ep-29999/libero_custom_0906-oracle-0913-094134-062862/videos/task_000_ep_000_
sec_016_failure_failure.mp4 (330 frames, 20.0 fps)
PROFILE_SAVE {"worker": 0, "frames": 330, "video_s": 3.362878303974867, "json_s": 0.037951144855469465}
[worker 0] saved execution record to: 
/data0/luokang/research/GraphVLA/tmp/pi05_worker_speed_0913/run1_w1/custom0902_i
d10ep-29999/libero_custom_0906-oracle-0913-094134-062862/videos/task_000_ep_000_
sec_016_failure_failure.json (330 frames)
[worker 0] task=0 episode=0 success=False env_done=False server_done=False 
progress=1/3 completed_subtasks=[1] completed_goals=["['on', 'wine_bottle_1', 
'flat_stove_1_cook_region']"]
Overall progress: 1/3 (33.3%) ETA 00:00:31
[Warning]: datasets path /data0/luokang/research/LIBERO/libero/libero/../datasets does not exist!
[Warning]: datasets path /data0/luokang/research/LIBERO/libero/libero/../datasets does not exist!
[Warning]: datasets path /data0/luokang/research/LIBERO/libero/libero/../datasets does not exist!
:demonstration is not recognized in problem
INFO:root:[worker 0] Task 0 episode 1: put the wine bottle on the stove, then put the bowl on the plate, then put the cream cheese on the wooden cabinet
[worker 0] task 1/1 id=0 episode 2/3 init_state=1: put the wine bottle on the 
stove, then put the bowl on the plate, then put the cream cheese on the wooden 
cabinet
[worker 0] task 1/1 id=0 episode 2/3 wait_step 1/30
[worker 0] task 1/1 id=0 episode 2/3 wait_step 2/30
[worker 0] task 1/1 id=0 episode 2/3 wait_step 3/30
[worker 0] task 1/1 id=0 episode 2/3 wait_step 4/30
[worker 0] task 1/1 id=0 episode 2/3 wait_step 5/30
[worker 0] task 1/1 id=0 episode 2/3 wait_step 6/30
[worker 0] task 1/1 id=0 episode 2/3 wait_step 7/30
[worker 0] task 1/1 id=0 episode 2/3 wait_step 8/30
[worker 0] task 1/1 id=0 episode 2/3 wait_step 9/30
[worker 0] task 1/1 id=0 episode 2/3 wait_step 10/30
[worker 0] task 1/1 id=0 episode 2/3 wait_step 11/30
[worker 0] task 1/1 id=0 episode 2/3 wait_step 12/30
[worker 0] task 1/1 id=0 episode 2/3 wait_step 13/30
[worker 0] task 1/1 id=0 episode 2/3 wait_step 14/30
[worker 0] task 1/1 id=0 episode 2/3 wait_step 15/30
[worker 0] task 1/1 id=0 episode 2/3 wait_step 16/30
[worker 0] task 1/1 id=0 episode 2/3 wait_step 17/30
[worker 0] task 1/1 id=0 episode 2/3 wait_step 18/30
[worker 0] task 1/1 id=0 episode 2/3 wait_step 19/30
[worker 0] task 1/1 id=0 episode 2/3 wait_step 20/30
[worker 0] task 1/1 id=0 episode 2/3 wait_step 21/30
[worker 0] task 1/1 id=0 episode 2/3 wait_step 22/30
[worker 0] task 1/1 id=0 episode 2/3 wait_step 23/30
[worker 0] task 1/1 id=0 episode 2/3 wait_step 24/30
[worker 0] task 1/1 id=0 episode 2/3 wait_step 25/30
[worker 0] task 1/1 id=0 episode 2/3 wait_step 26/30
[worker 0] task 1/1 id=0 episode 2/3 wait_step 27/30
[worker 0] task 1/1 id=0 episode 2/3 wait_step 28/30
[worker 0] task 1/1 id=0 episode 2/3 wait_step 29/30
[worker 0] task 1/1 id=0 episode 2/3 wait_step 30/30
[worker 0] task 1/1 id=0 episode 2/3 step 1/300
PROFILE {"session": "libero-4c56f8cc", "worker": 0, "client": {"observation_s": 0.0002043629065155983, "request_build_s": 5.117105320096016e-05, "request_roundtrip_s": 0.09401453100144863}, "transport": {"connect_s": 0.0017765527591109276, "encode_s": 0.00013817427679896355, "send_s": 0.00018335599452257156, "wait_response_s": 0.09106425289064646, "close_s": 0.0004036128520965576, "decode_s": 4.737498238682747e-05, "request_bytes": 393763}, "server": {}}
[worker 0] task 1/1 id=0 episode 2/3 step 2/300
[worker 0] task 1/1 id=0 episode 2/3 step 3/300
[worker 0] task 1/1 id=0 episode 2/3 step 4/300
[worker 0] task 1/1 id=0 episode 2/3 step 5/300
[worker 0] task 1/1 id=0 episode 2/3 step 6/300
[worker 0] task 1/1 id=0 episode 2/3 step 7/300
[worker 0] task 1/1 id=0 episode 2/3 step 8/300
[worker 0] task 1/1 id=0 episode 2/3 step 9/300
[worker 0] task 1/1 id=0 episode 2/3 step 10/300
[worker 0] task 1/1 id=0 episode 2/3 step 11/300
PROFILE {"session": "libero-4c56f8cc", "worker": 0, "client": {"visual_record_s": 0.0019414429552853107, "env_s": 0.21847662795335054, "env_steps": 10.0, "observation_s": 0.00203661248087883, "request_build_s": 5.396781489253044e-05, "request_roundtrip_s": 0.09209016198292375}, "transport": {"connect_s": 0.0017691920511424541, "encode_s": 0.0001331781968474388, "send_s": 0.0001972806639969349, "wait_response_s": 0.089120555203408, "close_s": 0.0005188900977373123, "decode_s": 5.438271909952164e-05, "request_bytes": 393748}, "server": {}}
[worker 0] task 1/1 id=0 episode 2/3 step 12/300
[worker 0] task 1/1 id=0 episode 2/3 step 13/300
[worker 0] task 1/1 id=0 episode 2/3 step 14/300
[worker 0] task 1/1 id=0 episode 2/3 step 15/300
[worker 0] task 1/1 id=0 episode 2/3 step 16/300
[worker 0] task 1/1 id=0 episode 2/3 step 17/300
[worker 0] task 1/1 id=0 episode 2/3 step 18/300
[worker 0] task 1/1 id=0 episode 2/3 step 19/300
[worker 0] task 1/1 id=0 episode 2/3 step 20/300
[worker 0] task 1/1 id=0 episode 2/3 step 21/300
PROFILE {"session": "libero-4c56f8cc", "worker": 0, "client": {"visual_record_s": 0.0019239746034145355, "env_s": 0.20310577703639865, "env_steps": 10.0, "observation_s": 0.001994216348975897, "request_build_s": 4.2475759983062744e-05, "request_roundtrip_s": 0.0957103930413723}, "transport": {"connect_s": 0.0017049158923327923, "encode_s": 0.00011671986430883408, "send_s": 0.00017331121489405632, "wait_response_s": 0.09304160298779607, "close_s": 0.0003649969585239887, "decode_s": 3.879191353917122e-05, "request_bytes": 393748}, "server": {}}
[worker 0] task 1/1 id=0 episode 2/3 step 22/300
[worker 0] task 1/1 id=0 episode 2/3 step 23/300
[worker 0] task 1/1 id=0 episode 2/3 step 24/300
[worker 0] task 1/1 id=0 episode 2/3 step 25/300
[worker 0] task 1/1 id=0 episode 2/3 step 26/300
[worker 0] task 1/1 id=0 episode 2/3 step 27/300
[worker 0] task 1/1 id=0 episode 2/3 step 28/300
[worker 0] task 1/1 id=0 episode 2/3 step 29/300
[worker 0] task 1/1 id=0 episode 2/3 step 30/300
[worker 0] task 1/1 id=0 episode 2/3 step 31/300
PROFILE {"session": "libero-4c56f8cc", "worker": 0, "client": {"visual_record_s": 0.0017243102192878723, "env_s": 0.15537784062325954, "env_steps": 10.0, "observation_s": 0.0019414136186242104, "request_build_s": 4.199612885713577e-05, "request_roundtrip_s": 0.0954877301119268}, "transport": {"connect_s": 0.001677640713751316, "encode_s": 0.00011459924280643463, "send_s": 0.00016512582078576088, "wait_response_s": 0.09278004616498947, "close_s": 0.0004542181268334389, "decode_s": 3.903266042470932e-05, "request_bytes": 393748}, "server": {}}
[worker 0] task 1/1 id=0 episode 2/3 step 32/300
[worker 0] task 1/1 id=0 episode 2/3 step 33/300
[worker 0] task 1/1 id=0 episode 2/3 step 34/300
[worker 0] task 1/1 id=0 episode 2/3 step 35/300
[worker 0] task 1/1 id=0 episode 2/3 step 36/300
[worker 0] task 1/1 id=0 episode 2/3 step 37/300
[worker 0] task 1/1 id=0 episode 2/3 step 38/300
[worker 0] task 1/1 id=0 episode 2/3 step 39/300
[worker 0] task 1/1 id=0 episode 2/3 step 40/300
[worker 0] task 1/1 id=0 episode 2/3 step 41/300
PROFILE {"session": "libero-4c56f8cc", "worker": 0, "client": {"visual_record_s": 0.001775958575308323, "env_s": 0.1935321087948978, "env_steps": 10.0, "observation_s": 0.001930893398821354, "request_build_s": 4.448508843779564e-05, "request_roundtrip_s": 0.09706489415839314}, "transport": {"connect_s": 0.0011285082437098026, "encode_s": 0.00011832965537905693, "send_s": 0.00016922038048505783, "wait_response_s": 0.09488841192796826, "close_s": 0.00046977587044239044, "decode_s": 3.8319267332553864e-05, "request_bytes": 393748}, "server": {}}
[worker 0] task 1/1 id=0 episode 2/3 step 42/300
[worker 0] task 1/1 id=0 episode 2/3 step 43/300
[worker 0] task 1/1 id=0 episode 2/3 step 44/300
[worker 0] task 1/1 id=0 episode 2/3 step 45/300
[worker 0] task 1/1 id=0 episode 2/3 step 46/300
[worker 0] task 1/1 id=0 episode 2/3 step 47/300
[worker 0] task 1/1 id=0 episode 2/3 step 48/300
[worker 0] task 1/1 id=0 episode 2/3 step 49/300
[worker 0] task 1/1 id=0 episode 2/3 step 50/300
[worker 0] task 1/1 id=0 episode 2/3 step 51/300
PROFILE {"session": "libero-4c56f8cc", "worker": 0, "client": {"visual_record_s": 0.0017502550035715103, "env_s": 0.172875193413347, "env_steps": 10.0, "observation_s": 0.0018817842938005924, "request_build_s": 4.5137014240026474e-05, "request_roundtrip_s": 0.09362866589799523}, "transport": {"connect_s": 0.0017330772243440151, "encode_s": 0.0001269858330488205, "send_s": 0.00017230026423931122, "wait_response_s": 0.09094139374792576, "close_s": 0.00036171311512589455, "decode_s": 3.85078601539135e-05, "request_bytes": 393748}, "server": {}}
[worker 0] task 1/1 id=0 episode 2/3 step 52/300
[worker 0] task 1/1 id=0 episode 2/3 step 53/300
[worker 0] task 1/1 id=0 episode 2/3 step 54/300
[worker 0] task 1/1 id=0 episode 2/3 step 55/300
[worker 0] task 1/1 id=0 episode 2/3 step 56/300
[worker 0] task 1/1 id=0 episode 2/3 step 57/300
[worker 0] task 1/1 id=0 episode 2/3 step 58/300
[worker 0] task 1/1 id=0 episode 2/3 step 59/300
[worker 0] task 1/1 id=0 episode 2/3 step 60/300
[worker 0] task 1/1 id=0 episode 2/3 step 61/300
PROFILE {"session": "libero-4c56f8cc", "worker": 0, "client": {"visual_record_s": 0.0017704875208437443, "env_s": 0.16996725043281913, "env_steps": 10.0, "observation_s": 0.001962867099791765, "request_build_s": 4.1699036955833435e-05, "request_roundtrip_s": 0.0907552819699049}, "transport": {"connect_s": 0.001678787637501955, "encode_s": 0.00011308211833238602, "send_s": 0.0001634778454899788, "wait_response_s": 0.08800991903990507, "close_s": 0.00048509007319808006, "decode_s": 4.185084253549576e-05, "request_bytes": 393748}, "server": {}}
[worker 0] task 1/1 id=0 episode 2/3 step 62/300
[worker 0] task 1/1 id=0 episode 2/3 step 63/300
[worker 0] task 1/1 id=0 episode 2/3 step 64/300
[worker 0] task 1/1 id=0 episode 2/3 step 65/300
[worker 0] task 1/1 id=0 episode 2/3 step 66/300
[worker 0] task 1/1 id=0 episode 2/3 step 67/300
[worker 0] task 1/1 id=0 episode 2/3 step 68/300
[worker 0] task 1/1 id=0 episode 2/3 step 69/300
[worker 0] task 1/1 id=0 episode 2/3 step 70/300
[worker 0] task 1/1 id=0 episode 2/3 step 71/300
PROFILE {"session": "libero-4c56f8cc", "worker": 0, "client": {"visual_record_s": 0.001846004743129015, "env_s": 0.18948853900656104, "env_steps": 10.0, "observation_s": 0.001955396495759487, "request_build_s": 4.490511491894722e-05, "request_roundtrip_s": 0.09313555201515555}, "transport": {"connect_s": 0.001581005286425352, "encode_s": 0.00013245688751339912, "send_s": 0.000165499746799469, "wait_response_s": 0.09053721837699413, "close_s": 0.00041683390736579895, "decode_s": 4.194770008325577e-05, "request_bytes": 393748}, "server": {}}
[worker 0] task 1/1 id=0 episode 2/3 step 72/300
[worker 0] task 1/1 id=0 episode 2/3 step 73/300
[worker 0] task 1/1 id=0 episode 2/3 step 74/300
[worker 0] task 1/1 id=0 episode 2/3 step 75/300
[worker 0] task 1/1 id=0 episode 2/3 step 76/300
[worker 0] task 1/1 id=0 episode 2/3 step 77/300
[worker 0] task 1/1 id=0 episode 2/3 step 78/300
[worker 0] task 1/1 id=0 episode 2/3 step 79/300
[worker 0] task 1/1 id=0 episode 2/3 step 80/300
[worker 0] task 1/1 id=0 episode 2/3 step 81/300
PROFILE {"session": "libero-4c56f8cc", "worker": 0, "client": {"visual_record_s": 0.002311727497726679, "env_s": 0.18375884741544724, "env_steps": 10.0, "observation_s": 0.0019377660937607288, "request_build_s": 4.616612568497658e-05, "request_roundtrip_s": 0.09397007478401065}, "transport": {"connect_s": 0.0016149990260601044, "encode_s": 0.00012757396325469017, "send_s": 0.00016743876039981842, "wait_response_s": 0.09137107105925679, "close_s": 0.00038157496601343155, "decode_s": 4.077516496181488e-05, "request_bytes": 393748}, "server": {}}
[worker 0] task 1/1 id=0 episode 2/3 step 82/300
[worker 0] task 1/1 id=0 episode 2/3 step 83/300
[worker 0] task 1/1 id=0 episode 2/3 step 84/300
[worker 0] task 1/1 id=0 episode 2/3 step 85/300
[worker 0] task 1/1 id=0 episode 2/3 step 86/300
[worker 0] task 1/1 id=0 episode 2/3 step 87/300
[worker 0] task 1/1 id=0 episode 2/3 step 88/300
[worker 0] task 1/1 id=0 episode 2/3 step 89/300
[worker 0] task 1/1 id=0 episode 2/3 step 90/300
[worker 0] task 1/1 id=0 episode 2/3 step 91/300
PROFILE {"session": "libero-4c56f8cc", "worker": 0, "client": {"visual_record_s": 0.002021659631282091, "env_s": 0.19460844108834863, "env_steps": 10.0, "observation_s": 0.002068287692964077, "request_build_s": 5.254009738564491e-05, "request_roundtrip_s": 0.09278407227247953}, "transport": {"connect_s": 0.0011067939922213554, "encode_s": 0.0001328703947365284, "send_s": 0.00016907276585698128, "wait_response_s": 0.09055443806573749, "close_s": 0.0004909131675958633, "decode_s": 3.992300480604172e-05, "request_bytes": 393748}, "server": {}}
[worker 0] task 1/1 id=0 episode 2/3 step 92/300
[worker 0] task 1/1 id=0 episode 2/3 step 93/300
[worker 0] task 1/1 id=0 episode 2/3 step 94/300
[worker 0] task 1/1 id=0 episode 2/3 step 95/300
[worker 0] task 1/1 id=0 episode 2/3 step 96/300
[worker 0] task 1/1 id=0 episode 2/3 step 97/300
[worker 0] task 1/1 id=0 episode 2/3 step 98/300
[worker 0] task 1/1 id=0 episode 2/3 step 99/300
[worker 0] task 1/1 id=0 episode 2/3 step 100/300
[worker 0] task 1/1 id=0 episode 2/3 step 101/300
PROFILE {"session": "libero-4c56f8cc", "worker": 0, "client": {"visual_record_s": 0.0020808917470276356, "env_s": 0.18263728823512793, "env_steps": 10.0, "observation_s": 0.0019573550671339035, "request_build_s": 4.5536085963249207e-05, "request_roundtrip_s": 0.09646983677521348}, "transport": {"connect_s": 0.0015606111846864223, "encode_s": 0.0001205001026391983, "send_s": 0.00019025057554244995, "wait_response_s": 0.09380528423935175, "close_s": 0.0004916181787848473, "decode_s": 3.7591904401779175e-05, "request_bytes": 393748}, "server": {}}
[worker 0] task 1/1 id=0 episode 2/3 step 102/300
[worker 0] task 1/1 id=0 episode 2/3 step 103/300
[worker 0] task 1/1 id=0 episode 2/3 step 104/300
[worker 0] task 1/1 id=0 episode 2/3 step 105/300
[worker 0] task 1/1 id=0 episode 2/3 step 106/300
[worker 0] task 1/1 id=0 episode 2/3 step 107/300
[worker 0] task 1/1 id=0 episode 2/3 step 108/300
[worker 0] task 1/1 id=0 episode 2/3 step 109/300
[worker 0] task 1/1 id=0 episode 2/3 step 110/300
[worker 0] task 1/1 id=0 episode 2/3 step 111/300
PROFILE {"session": "libero-4c56f8cc", "worker": 0, "client": {"visual_record_s": 0.0017837830819189548, "env_s": 0.16310793021693826, "env_steps": 10.0, "observation_s": 0.0019661271944642067, "request_build_s": 5.161203444004059e-05, "request_roundtrip_s": 0.09051607316359878}, "transport": {"connect_s": 0.001897898968309164, "encode_s": 0.00012735603377223015, "send_s": 0.00017557106912136078, "wait_response_s": 0.08747170306742191, "close_s": 0.0005042687989771366, "decode_s": 5.52409328520298e-05, "request_bytes": 393748}, "server": {}}
[worker 0] task 1/1 id=0 episode 2/3 step 112/300
[worker 0] task 1/1 id=0 episode 2/3 step 113/300
[worker 0] task 1/1 id=0 episode 2/3 step 114/300
[worker 0] task 1/1 id=0 episode 2/3 step 115/300
[worker 0] task 1/1 id=0 episode 2/3 step 116/300
[worker 0] task 1/1 id=0 episode 2/3 step 117/300
[worker 0] task 1/1 id=0 episode 2/3 step 118/300
[worker 0] task 1/1 id=0 episode 2/3 step 119/300
[worker 0] task 1/1 id=0 episode 2/3 step 120/300
[worker 0] task 1/1 id=0 episode 2/3 step 121/300
PROFILE {"session": "libero-4c56f8cc", "worker": 0, "client": {"visual_record_s": 0.002203837037086487, "env_s": 0.18078406900167465, "env_steps": 10.0, "observation_s": 0.0019062706269323826, "request_build_s": 4.469882696866989e-05, "request_roundtrip_s": 0.08872664114460349}, "transport": {"connect_s": 0.0016012326814234257, "encode_s": 0.00011544022709131241, "send_s": 0.00016487203538417816, "wait_response_s": 0.08618590282276273, "close_s": 0.00036303699016571045, "decode_s": 3.677699714899063e-05, "request_bytes": 393748}, "server": {}}
[worker 0] task 1/1 id=0 episode 2/3 step 122/300
[worker 0] task 1/1 id=0 episode 2/3 step 123/300
[worker 0] task 1/1 id=0 episode 2/3 step 124/300
[worker 0] task 1/1 id=0 episode 2/3 step 125/300
[worker 0] task 1/1 id=0 episode 2/3 step 126/300
[worker 0] task 1/1 id=0 episode 2/3 step 127/300
[worker 0] task 1/1 id=0 episode 2/3 step 128/300
[worker 0] task 1/1 id=0 episode 2/3 step 129/300
[worker 0] task 1/1 id=0 episode 2/3 step 130/300
[worker 0] task 1/1 id=0 episode 2/3 step 131/300
PROFILE {"session": "libero-4c56f8cc", "worker": 0, "client": {"visual_record_s": 0.0017165709286928177, "env_s": 0.18255545105785131, "env_steps": 10.0, "observation_s": 0.0018235002644360065, "request_build_s": 4.317518323659897e-05, "request_roundtrip_s": 0.08767944294959307}, "transport": {"connect_s": 0.0014336747117340565, "encode_s": 0.00011543696746230125, "send_s": 0.00016133300960063934, "wait_response_s": 0.0853187101893127, "close_s": 0.00035400083288550377, "decode_s": 3.7869904190301895e-05, "request_bytes": 393748}, "server": {}}
[worker 0] task 1/1 id=0 episode 2/3 step 132/300
[worker 0] task 1/1 id=0 episode 2/3 step 133/300
[worker 0] task 1/1 id=0 episode 2/3 step 134/300
[worker 0] task 1/1 id=0 episode 2/3 step 135/300
[worker 0] task 1/1 id=0 episode 2/3 step 136/300
[worker 0] task 1/1 id=0 episode 2/3 step 137/300
[worker 0] task 1/1 id=0 episode 2/3 step 138/300
[worker 0] task 1/1 id=0 episode 2/3 step 139/300
[worker 0] task 1/1 id=0 episode 2/3 step 140/300
[worker 0] task 1/1 id=0 episode 2/3 step 141/300
PROFILE {"session": "libero-4c56f8cc", "worker": 0, "client": {"visual_record_s": 0.001743800938129425, "env_s": 0.18089410895481706, "env_steps": 10.0, "observation_s": 0.001900120172649622, "request_build_s": 4.2137689888477325e-05, "request_roundtrip_s": 0.09522951394319534}, "transport": {"connect_s": 0.001495836302638054, "encode_s": 0.0001186649315059185, "send_s": 0.00016233092173933983, "wait_response_s": 0.09270262205973268, "close_s": 0.00046413717791438103, "decode_s": 3.813067451119423e-05, "request_bytes": 393748}, "server": {}}
[worker 0] task 1/1 id=0 episode 2/3 step 142/300
[worker 0] task 1/1 id=0 episode 2/3 step 143/300
[worker 0] task 1/1 id=0 episode 2/3 step 144/300
[worker 0] task 1/1 id=0 episode 2/3 step 145/300
[worker 0] task 1/1 id=0 episode 2/3 step 146/300
[worker 0] task 1/1 id=0 episode 2/3 step 147/300
[worker 0] task 1/1 id=0 episode 2/3 step 148/300
[worker 0] task 1/1 id=0 episode 2/3 step 149/300
[worker 0] task 1/1 id=0 episode 2/3 step 150/300
[worker 0] task 1/1 id=0 episode 2/3 step 151/300
PROFILE {"session": "libero-4c56f8cc", "worker": 0, "client": {"visual_record_s": 0.0017812508158385754, "env_s": 0.18622151762247086, "env_steps": 10.0, "observation_s": 0.0018725660629570484, "request_build_s": 4.3185893446207047e-05, "request_roundtrip_s": 0.09096011985093355}, "transport": {"connect_s": 0.0014394354075193405, "encode_s": 0.00011438177898526192, "send_s": 0.00016363896429538727, "wait_response_s": 0.08852110523730516, "close_s": 0.00043981289491057396, "decode_s": 3.749784082174301e-05, "request_bytes": 393748}, "server": {}}
[worker 0] task 1/1 id=0 episode 2/3 step 152/300
[worker 0] task 1/1 id=0 episode 2/3 step 153/300
[worker 0] task 1/1 id=0 episode 2/3 step 154/300
[worker 0] task 1/1 id=0 episode 2/3 step 155/300
[worker 0] task 1/1 id=0 episode 2/3 step 156/300
[worker 0] task 1/1 id=0 episode 2/3 step 157/300
[worker 0] task 1/1 id=0 episode 2/3 step 158/300
[worker 0] task 1/1 id=0 episode 2/3 step 159/300
[worker 0] task 1/1 id=0 episode 2/3 step 160/300
[worker 0] task 1/1 id=0 episode 2/3 step 161/300
PROFILE {"session": "libero-4c56f8cc", "worker": 0, "client": {"visual_record_s": 0.0017218920402228832, "env_s": 0.16826325422152877, "env_steps": 10.0, "observation_s": 0.0019057723693549633, "request_build_s": 4.159053787589073e-05, "request_roundtrip_s": 0.09198207035660744}, "transport": {"connect_s": 0.001514968927949667, "encode_s": 0.00011120317503809929, "send_s": 0.0001633521169424057, "wait_response_s": 0.08953850390389562, "close_s": 0.00035395799204707146, "decode_s": 3.9794016629457474e-05, "request_bytes": 393748}, "server": {}}
[worker 0] task 1/1 id=0 episode 2/3 step 162/300
[worker 0] task 1/1 id=0 episode 2/3 step 163/300
[worker 0] task 1/1 id=0 episode 2/3 step 164/300
[worker 0] task 1/1 id=0 episode 2/3 step 165/300
[worker 0] task 1/1 id=0 episode 2/3 step 166/300
[worker 0] task 1/1 id=0 episode 2/3 step 167/300
[worker 0] task 1/1 id=0 episode 2/3 step 168/300
[worker 0] task 1/1 id=0 episode 2/3 step 169/300
[worker 0] task 1/1 id=0 episode 2/3 step 170/300
[worker 0] task 1/1 id=0 episode 2/3 step 171/300
PROFILE {"session": "libero-4c56f8cc", "worker": 0, "client": {"visual_record_s": 0.0020745666697621346, "env_s": 0.20130858616903424, "env_steps": 10.0, "observation_s": 0.0019421903416514397, "request_build_s": 4.21302393078804e-05, "request_roundtrip_s": 0.09236983489245176}, "transport": {"connect_s": 0.001864283811300993, "encode_s": 0.00011871196329593658, "send_s": 0.00018515205010771751, "wait_response_s": 0.08941448712721467, "close_s": 0.0004747617058455944, "decode_s": 3.661401569843292e-05, "request_bytes": 393748}, "server": {}}
[worker 0] task 1/1 id=0 episode 2/3 step 172/300
[worker 0] task 1/1 id=0 episode 2/3 step 173/300
[worker 0] task 1/1 id=0 episode 2/3 step 174/300
[worker 0] task 1/1 id=0 episode 2/3 step 175/300
[worker 0] task 1/1 id=0 episode 2/3 step 176/300
PROFILE {"session": "libero-4c56f8cc", "worker": 0, "client": {"visual_record_s": 0.0009004068560898304, "env_s": 0.09087671944871545, "env_steps": 5.0, "observation_s": 0.0009067696519196033, "request_build_s": 6.333831697702408e-05, "request_roundtrip_s": 0.006287127733230591}, "transport": {"connect_s": 0.001711742952466011, "encode_s": 0.00013964902609586716, "send_s": 0.00017837807536125183, "wait_response_s": 0.003650111146271229, "close_s": 0.00034671369940042496, "decode_s": 2.9398128390312195e-05, "request_bytes": 393778}, "server": {}}
[worker 0] task 1/1 id=0 episode 2/3 step 177/300
[worker 0] task 1/1 id=0 episode 2/3 step 178/300
[worker 0] task 1/1 id=0 episode 2/3 step 179/300
[worker 0] task 1/1 id=0 episode 2/3 step 180/300
[worker 0] task 1/1 id=0 episode 2/3 step 181/300
[worker 0] task 1/1 id=0 episode 2/3 step 182/300
[worker 0] task 1/1 id=0 episode 2/3 step 183/300
[worker 0] task 1/1 id=0 episode 2/3 step 184/300
[worker 0] task 1/1 id=0 episode 2/3 step 185/300
[worker 0] task 1/1 id=0 episode 2/3 step 186/300
[worker 0] task 1/1 id=0 episode 2/3 step 187/300
[worker 0] task 1/1 id=0 episode 2/3 step 188/300
[worker 0] task 1/1 id=0 episode 2/3 step 189/300
[worker 0] task 1/1 id=0 episode 2/3 step 190/300
[worker 0] task 1/1 id=0 episode 2/3 step 191/300
[worker 0] task 1/1 id=0 episode 2/3 step 192/300
[worker 0] task 1/1 id=0 episode 2/3 step 193/300
[worker 0] task 1/1 id=0 episode 2/3 step 194/300
[worker 0] task 1/1 id=0 episode 2/3 step 195/300
[worker 0] task 1/1 id=0 episode 2/3 step 196/300
PROFILE {"session": "libero-4c56f8cc", "worker": 0, "client": {"visual_record_s": 0.003271798137575388, "env_s": 0.33381046634167433, "env_steps": 20.0, "observation_s": 0.0033638039603829384, "request_build_s": 4.353933036327362e-05, "request_roundtrip_s": 0.1000596908852458}, "transport": {"connect_s": 0.0017507141456007957, "encode_s": 0.00027043092995882034, "send_s": 0.0002979370765388012, "wait_response_s": 0.09696557419374585, "close_s": 0.00047353701665997505, "decode_s": 4.186760634183884e-05, "request_bytes": 393748}, "server": {}}
[worker 0] task 1/1 id=0 episode 2/3 step 197/300
[worker 0] task 1/1 id=0 episode 2/3 step 198/300
[worker 0] task 1/1 id=0 episode 2/3 step 199/300
[worker 0] task 1/1 id=0 episode 2/3 step 200/300
[worker 0] task 1/1 id=0 episode 2/3 step 201/300
[worker 0] task 1/1 id=0 episode 2/3 step 202/300
[worker 0] task 1/1 id=0 episode 2/3 step 203/300
[worker 0] task 1/1 id=0 episode 2/3 step 204/300
[worker 0] task 1/1 id=0 episode 2/3 step 205/300
[worker 0] task 1/1 id=0 episode 2/3 step 206/300
PROFILE {"session": "libero-4c56f8cc", "worker": 0, "client": {"visual_record_s": 0.0020896377973258495, "env_s": 0.1776430681347847, "env_steps": 10.0, "observation_s": 0.0017701503820717335, "request_build_s": 4.710489884018898e-05, "request_roundtrip_s": 0.09812805010005832}, "transport": {"connect_s": 0.0018404461443424225, "encode_s": 0.00012393109500408173, "send_s": 0.00017844466492533684, "wait_response_s": 0.09521728893741965, "close_s": 0.0004586540162563324, "decode_s": 3.8498081266880035e-05, "request_bytes": 393748}, "server": {}}
[worker 0] task 1/1 id=0 episode 2/3 step 207/300
[worker 0] task 1/1 id=0 episode 2/3 step 208/300
[worker 0] task 1/1 id=0 episode 2/3 step 209/300
[worker 0] task 1/1 id=0 episode 2/3 step 210/300
[worker 0] task 1/1 id=0 episode 2/3 step 211/300
[worker 0] task 1/1 id=0 episode 2/3 step 212/300
[worker 0] task 1/1 id=0 episode 2/3 step 213/300
[worker 0] task 1/1 id=0 episode 2/3 step 214/300
[worker 0] task 1/1 id=0 episode 2/3 step 215/300
[worker 0] task 1/1 id=0 episode 2/3 step 216/300
PROFILE {"session": "libero-4c56f8cc", "worker": 0, "client": {"visual_record_s": 0.001836022362112999, "env_s": 0.17374491225928068, "env_steps": 10.0, "observation_s": 0.001800099853426218, "request_build_s": 4.903506487607956e-05, "request_roundtrip_s": 0.09448245400562882}, "transport": {"connect_s": 0.001953262835741043, "encode_s": 0.0002255910076200962, "send_s": 0.0004925788380205631, "wait_response_s": 0.09114295430481434, "close_s": 0.0003666067495942116, "decode_s": 3.641610965132713e-05, "request_bytes": 393748}, "server": {}}
[worker 0] task 1/1 id=0 episode 2/3 step 217/300
[worker 0] task 1/1 id=0 episode 2/3 step 218/300
[worker 0] task 1/1 id=0 episode 2/3 step 219/300
[worker 0] task 1/1 id=0 episode 2/3 step 220/300
[worker 0] task 1/1 id=0 episode 2/3 step 221/300
[worker 0] task 1/1 id=0 episode 2/3 step 222/300
[worker 0] task 1/1 id=0 episode 2/3 step 223/300
[worker 0] task 1/1 id=0 episode 2/3 step 224/300
[worker 0] task 1/1 id=0 episode 2/3 step 225/300
[worker 0] task 1/1 id=0 episode 2/3 step 226/300
PROFILE {"session": "libero-4c56f8cc", "worker": 0, "client": {"visual_record_s": 0.0024546203203499317, "env_s": 0.16130569530650973, "env_steps": 10.0, "observation_s": 0.0017563998699188232, "request_build_s": 4.2446888983249664e-05, "request_roundtrip_s": 0.09036994120106101}, "transport": {"connect_s": 0.0016253050416707993, "encode_s": 0.0002747899852693081, "send_s": 0.00039353081956505775, "wait_response_s": 0.08732207678258419, "close_s": 0.000457211397588253, "decode_s": 3.7750694900751114e-05, "request_bytes": 393748}, "server": {}}
[worker 0] task 1/1 id=0 episode 2/3 step 227/300
[worker 0] task 1/1 id=0 episode 2/3 step 228/300
[worker 0] task 1/1 id=0 episode 2/3 step 229/300
[worker 0] task 1/1 id=0 episode 2/3 step 230/300
[worker 0] task 1/1 id=0 episode 2/3 step 231/300
[worker 0] task 1/1 id=0 episode 2/3 step 232/300
[worker 0] task 1/1 id=0 episode 2/3 step 233/300
[worker 0] task 1/1 id=0 episode 2/3 step 234/300
[worker 0] task 1/1 id=0 episode 2/3 step 235/300
[worker 0] task 1/1 id=0 episode 2/3 step 236/300
PROFILE {"session": "libero-4c56f8cc", "worker": 0, "client": {"visual_record_s": 0.0024666362442076206, "env_s": 0.1857047537341714, "env_steps": 10.0, "observation_s": 0.001782276201993227, "request_build_s": 4.227505996823311e-05, "request_roundtrip_s": 0.09099327400326729}, "transport": {"connect_s": 0.0016868622042238712, "encode_s": 0.00029205577448010445, "send_s": 0.00040491996333003044, "wait_response_s": 0.08785358211025596, "close_s": 0.00045708194375038147, "decode_s": 3.8628000766038895e-05, "request_bytes": 393748}, "server": {}}
[worker 0] task 1/1 id=0 episode 2/3 step 237/300
[worker 0] task 1/1 id=0 episode 2/3 step 238/300
[worker 0] task 1/1 id=0 episode 2/3 step 239/300
[worker 0] task 1/1 id=0 episode 2/3 step 240/300
[worker 0] task 1/1 id=0 episode 2/3 step 241/300
[worker 0] task 1/1 id=0 episode 2/3 step 242/300
[worker 0] task 1/1 id=0 episode 2/3 step 243/300
[worker 0] task 1/1 id=0 episode 2/3 step 244/300
[worker 0] task 1/1 id=0 episode 2/3 step 245/300
[worker 0] task 1/1 id=0 episode 2/3 step 246/300
PROFILE {"session": "libero-4c56f8cc", "worker": 0, "client": {"visual_record_s": 0.0024816449731588364, "env_s": 0.17504775989800692, "env_steps": 10.0, "observation_s": 0.0018037967383861542, "request_build_s": 4.269462078809738e-05, "request_roundtrip_s": 0.09124203212559223}, "transport": {"connect_s": 0.001702232751995325, "encode_s": 0.0002814340405166149, "send_s": 0.00041215214878320694, "wait_response_s": 0.08817387418821454, "close_s": 0.0003773658536374569, "decode_s": 3.955978900194168e-05, "request_bytes": 393748}, "server": {}}
[worker 0] task 1/1 id=0 episode 2/3 step 247/300
[worker 0] task 1/1 id=0 episode 2/3 step 248/300
[worker 0] task 1/1 id=0 episode 2/3 step 249/300
[worker 0] task 1/1 id=0 episode 2/3 step 250/300
[worker 0] task 1/1 id=0 episode 2/3 step 251/300
[worker 0] task 1/1 id=0 episode 2/3 step 252/300
[worker 0] task 1/1 id=0 episode 2/3 step 253/300
[worker 0] task 1/1 id=0 episode 2/3 step 254/300
[worker 0] task 1/1 id=0 episode 2/3 step 255/300
[worker 0] task 1/1 id=0 episode 2/3 step 256/300
PROFILE {"session": "libero-4c56f8cc", "worker": 0, "client": {"visual_record_s": 0.0026554428040981293, "env_s": 0.17812781408429146, "env_steps": 10.0, "observation_s": 0.0018475912511348724, "request_build_s": 4.402361810207367e-05, "request_roundtrip_s": 0.10000574821606278}, "transport": {"connect_s": 0.001716469880193472, "encode_s": 0.0002889949828386307, "send_s": 0.0003932332620024681, "wait_response_s": 0.09692307282239199, "close_s": 0.00038733193650841713, "decode_s": 3.932788968086243e-05, "request_bytes": 393748}, "server": {}}
[worker 0] task 1/1 id=0 episode 2/3 step 257/300
[worker 0] task 1/1 id=0 episode 2/3 step 258/300
[worker 0] task 1/1 id=0 episode 2/3 step 259/300
[worker 0] task 1/1 id=0 episode 2/3 step 260/300
[worker 0] task 1/1 id=0 episode 2/3 step 261/300
[worker 0] task 1/1 id=0 episode 2/3 step 262/300
[worker 0] task 1/1 id=0 episode 2/3 step 263/300
[worker 0] task 1/1 id=0 episode 2/3 step 264/300
[worker 0] task 1/1 id=0 episode 2/3 step 265/300
[worker 0] task 1/1 id=0 episode 2/3 step 266/300
PROFILE {"session": "libero-4c56f8cc", "worker": 0, "client": {"visual_record_s": 0.002457717899233103, "env_s": 0.18771467916667461, "env_steps": 10.0, "observation_s": 0.0017856000922620296, "request_build_s": 5.706818774342537e-05, "request_roundtrip_s": 0.09612203482538462}, "transport": {"connect_s": 0.0017873249016702175, "encode_s": 0.0003290800377726555, "send_s": 0.00048211216926574707, "wait_response_s": 0.09275258099660277, "close_s": 0.00046104704961180687, "decode_s": 4.384387284517288e-05, "request_bytes": 393748}, "server": {}}
[worker 0] task 1/1 id=0 episode 2/3 step 267/300
[worker 0] task 1/1 id=0 episode 2/3 step 268/300
[worker 0] task 1/1 id=0 episode 2/3 step 269/300
[worker 0] task 1/1 id=0 episode 2/3 step 270/300
[worker 0] task 1/1 id=0 episode 2/3 step 271/300
[worker 0] task 1/1 id=0 episode 2/3 step 272/300
[worker 0] task 1/1 id=0 episode 2/3 step 273/300
[worker 0] task 1/1 id=0 episode 2/3 step 274/300
[worker 0] task 1/1 id=0 episode 2/3 step 275/300
[worker 0] task 1/1 id=0 episode 2/3 step 276/300
PROFILE {"session": "libero-4c56f8cc", "worker": 0, "client": {"visual_record_s": 0.002399845514446497, "env_s": 0.15507985511794686, "env_steps": 10.0, "observation_s": 0.0017192731611430645, "request_build_s": 4.4833868741989136e-05, "request_roundtrip_s": 0.0899582002311945}, "transport": {"connect_s": 0.0016292957589030266, "encode_s": 0.0002783532254397869, "send_s": 0.00039046676829457283, "wait_response_s": 0.08693889994174242, "close_s": 0.0004207971505820751, "decode_s": 3.9651058614254e-05, "request_bytes": 393748}, "server": {}}
[worker 0] task 1/1 id=0 episode 2/3 step 277/300
[worker 0] task 1/1 id=0 episode 2/3 step 278/300
[worker 0] task 1/1 id=0 episode 2/3 step 279/300
[worker 0] task 1/1 id=0 episode 2/3 step 280/300
[worker 0] task 1/1 id=0 episode 2/3 step 281/300
[worker 0] task 1/1 id=0 episode 2/3 step 282/300
[worker 0] task 1/1 id=0 episode 2/3 step 283/300
[worker 0] task 1/1 id=0 episode 2/3 step 284/300
[worker 0] task 1/1 id=0 episode 2/3 step 285/300
[worker 0] task 1/1 id=0 episode 2/3 step 286/300
PROFILE {"session": "libero-4c56f8cc", "worker": 0, "client": {"visual_record_s": 0.0026838453486561775, "env_s": 0.2086665891110897, "env_steps": 10.0, "observation_s": 0.0018165651708841324, "request_build_s": 4.360312595963478e-05, "request_roundtrip_s": 0.09395939623937011}, "transport": {"connect_s": 0.0017005382105708122, "encode_s": 0.0002784067764878273, "send_s": 0.0004039532504975796, "wait_response_s": 0.0907568926922977, "close_s": 0.0005162348970770836, "decode_s": 4.2094383388757706e-05, "request_bytes": 393748}, "server": {}}
[worker 0] task 1/1 id=0 episode 2/3 step 287/300
[worker 0] task 1/1 id=0 episode 2/3 step 288/300
[worker 0] task 1/1 id=0 episode 2/3 step 289/300
[worker 0] task 1/1 id=0 episode 2/3 step 290/300
[worker 0] task 1/1 id=0 episode 2/3 step 291/300
[worker 0] task 1/1 id=0 episode 2/3 step 292/300
[worker 0] task 1/1 id=0 episode 2/3 step 293/300
[worker 0] task 1/1 id=0 episode 2/3 step 294/300
[worker 0] task 1/1 id=0 episode 2/3 step 295/300
[worker 0] task 1/1 id=0 episode 2/3 step 296/300
PROFILE {"session": "libero-4c56f8cc", "worker": 0, "client": {"visual_record_s": 0.002629239112138748, "env_s": 0.21269409451633692, "env_steps": 10.0, "observation_s": 0.0018395381048321724, "request_build_s": 4.299404099583626e-05, "request_roundtrip_s": 0.09543655114248395}, "transport": {"connect_s": 0.0016815178096294403, "encode_s": 0.00027922820299863815, "send_s": 0.00040010781958699226, "wait_response_s": 0.09242701809853315, "close_s": 0.00036484887823462486, "decode_s": 3.599608317017555e-05, "request_bytes": 393748}, "server": {}}
[worker 0] task 1/1 id=0 episode 2/3 step 297/300
[worker 0] task 1/1 id=0 episode 2/3 step 298/300
[worker 0] task 1/1 id=0 episode 2/3 step 299/300
[worker 0] task 1/1 id=0 episode 2/3 step 300/300
[worker 0] saved video to: 
/data0/luokang/research/GraphVLA/tmp/pi05_worker_speed_0913/run1_w1/custom0902_i
d10ep-29999/libero_custom_0906-oracle-0913-094134-062862/videos/task_000_ep_001_
sec_016_failure_failure.mp4 (330 frames, 20.0 fps)
PROFILE_SAVE {"worker": 0, "frames": 330, "video_s": 3.0712550110183656, "json_s": 0.03974462999030948}
[worker 0] saved execution record to: 
/data0/luokang/research/GraphVLA/tmp/pi05_worker_speed_0913/run1_w1/custom0902_i
d10ep-29999/libero_custom_0906-oracle-0913-094134-062862/videos/task_000_ep_001_
sec_016_failure_failure.json (330 frames)
[worker 0] task=0 episode=1 success=False env_done=False server_done=False 
progress=1/3 completed_subtasks=[1] completed_goals=["['on', 'wine_bottle_1', 
'flat_stove_1_cook_region']"]
Overall progress: 2/3 (66.7%) ETA 00:00:14
[Warning]: datasets path /data0/luokang/research/LIBERO/libero/libero/../datasets does not exist!
[Warning]: datasets path /data0/luokang/research/LIBERO/libero/libero/../datasets does not exist!
[Warning]: datasets path /data0/luokang/research/LIBERO/libero/libero/../datasets does not exist!
:demonstration is not recognized in problem
INFO:root:[worker 0] Task 0 episode 2: put the wine bottle on the stove, then put the bowl on the plate, then put the cream cheese on the wooden cabinet
[worker 0] task 1/1 id=0 episode 3/3 init_state=2: put the wine bottle on the 
stove, then put the bowl on the plate, then put the cream cheese on the wooden 
cabinet
[worker 0] task 1/1 id=0 episode 3/3 wait_step 1/30
[worker 0] task 1/1 id=0 episode 3/3 wait_step 2/30
[worker 0] task 1/1 id=0 episode 3/3 wait_step 3/30
[worker 0] task 1/1 id=0 episode 3/3 wait_step 4/30
[worker 0] task 1/1 id=0 episode 3/3 wait_step 5/30
[worker 0] task 1/1 id=0 episode 3/3 wait_step 6/30
[worker 0] task 1/1 id=0 episode 3/3 wait_step 7/30
[worker 0] task 1/1 id=0 episode 3/3 wait_step 8/30
[worker 0] task 1/1 id=0 episode 3/3 wait_step 9/30
[worker 0] task 1/1 id=0 episode 3/3 wait_step 10/30
[worker 0] task 1/1 id=0 episode 3/3 wait_step 11/30
[worker 0] task 1/1 id=0 episode 3/3 wait_step 12/30
[worker 0] task 1/1 id=0 episode 3/3 wait_step 13/30
[worker 0] task 1/1 id=0 episode 3/3 wait_step 14/30
[worker 0] task 1/1 id=0 episode 3/3 wait_step 15/30
[worker 0] task 1/1 id=0 episode 3/3 wait_step 16/30
[worker 0] task 1/1 id=0 episode 3/3 wait_step 17/30
[worker 0] task 1/1 id=0 episode 3/3 wait_step 18/30
[worker 0] task 1/1 id=0 episode 3/3 wait_step 19/30
[worker 0] task 1/1 id=0 episode 3/3 wait_step 20/30
[worker 0] task 1/1 id=0 episode 3/3 wait_step 21/30
[worker 0] task 1/1 id=0 episode 3/3 wait_step 22/30
[worker 0] task 1/1 id=0 episode 3/3 wait_step 23/30
[worker 0] task 1/1 id=0 episode 3/3 wait_step 24/30
[worker 0] task 1/1 id=0 episode 3/3 wait_step 25/30
[worker 0] task 1/1 id=0 episode 3/3 wait_step 26/30
[worker 0] task 1/1 id=0 episode 3/3 wait_step 27/30
[worker 0] task 1/1 id=0 episode 3/3 wait_step 28/30
[worker 0] task 1/1 id=0 episode 3/3 wait_step 29/30
[worker 0] task 1/1 id=0 episode 3/3 wait_step 30/30
[worker 0] task 1/1 id=0 episode 3/3 step 1/300
PROFILE {"session": "libero-4c56f8cc", "worker": 0, "client": {"observation_s": 0.0002202107571065426, "request_build_s": 5.413126200437546e-05, "request_roundtrip_s": 0.10356594901531935}, "transport": {"connect_s": 0.0017546950839459896, "encode_s": 0.00013045500963926315, "send_s": 0.00021179299801588058, "wait_response_s": 0.10071849497035146, "close_s": 0.0004076249897480011, "decode_s": 4.609301686286926e-05, "request_bytes": 393763}, "server": {}}
[worker 0] task 1/1 id=0 episode 3/3 step 2/300
[worker 0] task 1/1 id=0 episode 3/3 step 3/300
[worker 0] task 1/1 id=0 episode 3/3 step 4/300
[worker 0] task 1/1 id=0 episode 3/3 step 5/300
[worker 0] task 1/1 id=0 episode 3/3 step 6/300
[worker 0] task 1/1 id=0 episode 3/3 step 7/300
[worker 0] task 1/1 id=0 episode 3/3 step 8/300
[worker 0] task 1/1 id=0 episode 3/3 step 9/300
[worker 0] task 1/1 id=0 episode 3/3 step 10/300
[worker 0] task 1/1 id=0 episode 3/3 step 11/300
PROFILE {"session": "libero-4c56f8cc", "worker": 0, "client": {"visual_record_s": 0.001924311276525259, "env_s": 0.2012989455834031, "env_steps": 10.0, "observation_s": 0.002057601697742939, "request_build_s": 5.3184572607278824e-05, "request_roundtrip_s": 0.09503458812832832}, "transport": {"connect_s": 0.0017189942300319672, "encode_s": 0.0001237797550857067, "send_s": 0.0001892903819680214, "wait_response_s": 0.09221981698647141, "close_s": 0.00045177293941378593, "decode_s": 4.606088623404503e-05, "request_bytes": 393748}, "server": {}}
[worker 0] task 1/1 id=0 episode 3/3 step 12/300
[worker 0] task 1/1 id=0 episode 3/3 step 13/300
[worker 0] task 1/1 id=0 episode 3/3 step 14/300
[worker 0] task 1/1 id=0 episode 3/3 step 15/300
[worker 0] task 1/1 id=0 episode 3/3 step 16/300
[worker 0] task 1/1 id=0 episode 3/3 step 17/300
[worker 0] task 1/1 id=0 episode 3/3 step 18/300
[worker 0] task 1/1 id=0 episode 3/3 step 19/300
[worker 0] task 1/1 id=0 episode 3/3 step 20/300
[worker 0] task 1/1 id=0 episode 3/3 step 21/300
PROFILE {"session": "libero-4c56f8cc", "worker": 0, "client": {"visual_record_s": 0.0019935504533350468, "env_s": 0.2008882681839168, "env_steps": 10.0, "observation_s": 0.002097043674439192, "request_build_s": 4.9598049372434616e-05, "request_roundtrip_s": 0.09108449378982186}, "transport": {"connect_s": 0.0018177637830376625, "encode_s": 0.00012731226161122322, "send_s": 0.00021132593974471092, "wait_response_s": 0.08800337370485067, "close_s": 0.0005875159986317158, "decode_s": 4.5880209654569626e-05, "request_bytes": 393748}, "server": {}}
[worker 0] task 1/1 id=0 episode 3/3 step 22/300
[worker 0] task 1/1 id=0 episode 3/3 step 23/300
[worker 0] task 1/1 id=0 episode 3/3 step 24/300
[worker 0] task 1/1 id=0 episode 3/3 step 25/300
[worker 0] task 1/1 id=0 episode 3/3 step 26/300
[worker 0] task 1/1 id=0 episode 3/3 step 27/300
[worker 0] task 1/1 id=0 episode 3/3 step 28/300
[worker 0] task 1/1 id=0 episode 3/3 step 29/300
[worker 0] task 1/1 id=0 episode 3/3 step 30/300
[worker 0] task 1/1 id=0 episode 3/3 step 31/300
PROFILE {"session": "libero-4c56f8cc", "worker": 0, "client": {"visual_record_s": 0.001964209135621786, "env_s": 0.2147535178810358, "env_steps": 10.0, "observation_s": 0.002009693533182144, "request_build_s": 5.1884911954402924e-05, "request_roundtrip_s": 0.09975354326888919}, "transport": {"connect_s": 0.0019640051759779453, "encode_s": 0.000133453868329525, "send_s": 0.00019782688468694687, "wait_response_s": 0.0966629171743989, "close_s": 0.00046786386519670486, "decode_s": 4.539312794804573e-05, "request_bytes": 393748}, "server": {}}
[worker 0] task 1/1 id=0 episode 3/3 step 32/300
[worker 0] task 1/1 id=0 episode 3/3 step 33/300
[worker 0] task 1/1 id=0 episode 3/3 step 34/300
[worker 0] task 1/1 id=0 episode 3/3 step 35/300
[worker 0] task 1/1 id=0 episode 3/3 step 36/300
[worker 0] task 1/1 id=0 episode 3/3 step 37/300
[worker 0] task 1/1 id=0 episode 3/3 step 38/300
[worker 0] task 1/1 id=0 episode 3/3 step 39/300
[worker 0] task 1/1 id=0 episode 3/3 step 40/300
[worker 0] task 1/1 id=0 episode 3/3 step 41/300
PROFILE {"session": "libero-4c56f8cc", "worker": 0, "client": {"visual_record_s": 0.0019813464023172855, "env_s": 0.17963937856256962, "env_steps": 10.0, "observation_s": 0.0020893895998597145, "request_build_s": 5.532614886760712e-05, "request_roundtrip_s": 0.09540904080495238}, "transport": {"connect_s": 0.0017685671336948872, "encode_s": 0.00013541663065552711, "send_s": 0.00018473900854587555, "wait_response_s": 0.09192636096850038, "close_s": 0.0007776082493364811, "decode_s": 0.00013813376426696777, "request_bytes": 393748}, "server": {}}
[worker 0] task 1/1 id=0 episode 3/3 step 42/300
[worker 0] task 1/1 id=0 episode 3/3 step 43/300
[worker 0] task 1/1 id=0 episode 3/3 step 44/300
[worker 0] task 1/1 id=0 episode 3/3 step 45/300
[worker 0] task 1/1 id=0 episode 3/3 step 46/300
[worker 0] task 1/1 id=0 episode 3/3 step 47/300
[worker 0] task 1/1 id=0 episode 3/3 step 48/300
[worker 0] task 1/1 id=0 episode 3/3 step 49/300
[worker 0] task 1/1 id=0 episode 3/3 step 50/300
[worker 0] task 1/1 id=0 episode 3/3 step 51/300
PROFILE {"session": "libero-4c56f8cc", "worker": 0, "client": {"visual_record_s": 0.002073909156024456, "env_s": 0.21350249601528049, "env_steps": 10.0, "observation_s": 0.0020957011729478836, "request_build_s": 5.461229011416435e-05, "request_roundtrip_s": 0.09640964958816767}, "transport": {"connect_s": 0.0018424182198941708, "encode_s": 0.00013793585821986198, "send_s": 0.00020372308790683746, "wait_response_s": 0.09282186208292842, "close_s": 0.0007627247832715511, "decode_s": 0.0001442311331629753, "request_bytes": 393748}, "server": {}}
[worker 0] task 1/1 id=0 episode 3/3 step 52/300
[worker 0] task 1/1 id=0 episode 3/3 step 53/300
[worker 0] task 1/1 id=0 episode 3/3 step 54/300
[worker 0] task 1/1 id=0 episode 3/3 step 55/300
[worker 0] task 1/1 id=0 episode 3/3 step 56/300
[worker 0] task 1/1 id=0 episode 3/3 step 57/300
[worker 0] task 1/1 id=0 episode 3/3 step 58/300
[worker 0] task 1/1 id=0 episode 3/3 step 59/300
[worker 0] task 1/1 id=0 episode 3/3 step 60/300
[worker 0] task 1/1 id=0 episode 3/3 step 61/300
PROFILE {"session": "libero-4c56f8cc", "worker": 0, "client": {"visual_record_s": 0.00224143173545599, "env_s": 0.19893235899508, "env_steps": 10.0, "observation_s": 0.002049575559794903, "request_build_s": 5.1937997341156006e-05, "request_roundtrip_s": 0.09360357094556093}, "transport": {"connect_s": 0.0016491897404193878, "encode_s": 0.00013534817844629288, "send_s": 0.0001834728755056858, "wait_response_s": 0.09024327108636498, "close_s": 0.0007581687532365322, "decode_s": 0.00014375802129507065, "request_bytes": 393748}, "server": {}}
[worker 0] task 1/1 id=0 episode 3/3 step 62/300
[worker 0] task 1/1 id=0 episode 3/3 step 63/300
[worker 0] task 1/1 id=0 episode 3/3 step 64/300
[worker 0] task 1/1 id=0 episode 3/3 step 65/300
[worker 0] task 1/1 id=0 episode 3/3 step 66/300
[worker 0] task 1/1 id=0 episode 3/3 step 67/300
[worker 0] task 1/1 id=0 episode 3/3 step 68/300
[worker 0] task 1/1 id=0 episode 3/3 step 69/300
[worker 0] task 1/1 id=0 episode 3/3 step 70/300
[worker 0] task 1/1 id=0 episode 3/3 step 71/300
PROFILE {"session": "libero-4c56f8cc", "worker": 0, "client": {"visual_record_s": 0.0020332601852715015, "env_s": 0.2197798565030098, "env_steps": 10.0, "observation_s": 0.002061048988252878, "request_build_s": 5.306396633386612e-05, "request_roundtrip_s": 0.09394231904298067}, "transport": {"connect_s": 0.00169332604855299, "encode_s": 0.00013421662151813507, "send_s": 0.0001906743273139, "wait_response_s": 0.09109729062765837, "close_s": 0.000491259153932333, "decode_s": 4.652189090847969e-05, "request_bytes": 393748}, "server": {}}
[worker 0] task 1/1 id=0 episode 3/3 step 72/300
[worker 0] task 1/1 id=0 episode 3/3 step 73/300
[worker 0] task 1/1 id=0 episode 3/3 step 74/300
[worker 0] task 1/1 id=0 episode 3/3 step 75/300
[worker 0] task 1/1 id=0 episode 3/3 step 76/300
[worker 0] task 1/1 id=0 episode 3/3 step 77/300
[worker 0] task 1/1 id=0 episode 3/3 step 78/300
[worker 0] task 1/1 id=0 episode 3/3 step 79/300
[worker 0] task 1/1 id=0 episode 3/3 step 80/300
[worker 0] task 1/1 id=0 episode 3/3 step 81/300
PROFILE {"session": "libero-4c56f8cc", "worker": 0, "client": {"visual_record_s": 0.0019680140540003777, "env_s": 0.23795316321775317, "env_steps": 10.0, "observation_s": 0.002015585545450449, "request_build_s": 5.132285878062248e-05, "request_roundtrip_s": 0.0992470751516521}, "transport": {"connect_s": 0.001748821698129177, "encode_s": 0.00013132207095623016, "send_s": 0.00019095325842499733, "wait_response_s": 0.09634442767128348, "close_s": 0.0005015973001718521, "decode_s": 4.4384971261024475e-05, "request_bytes": 393748}, "server": {}}
[worker 0] task 1/1 id=0 episode 3/3 step 82/300
[worker 0] task 1/1 id=0 episode 3/3 step 83/300
[worker 0] task 1/1 id=0 episode 3/3 step 84/300
[worker 0] task 1/1 id=0 episode 3/3 step 85/300
[worker 0] task 1/1 id=0 episode 3/3 step 86/300
[worker 0] task 1/1 id=0 episode 3/3 step 87/300
[worker 0] task 1/1 id=0 episode 3/3 step 88/300
[worker 0] task 1/1 id=0 episode 3/3 step 89/300
[worker 0] task 1/1 id=0 episode 3/3 step 90/300
[worker 0] task 1/1 id=0 episode 3/3 step 91/300
PROFILE {"session": "libero-4c56f8cc", "worker": 0, "client": {"visual_record_s": 0.00199609762057662, "env_s": 0.2144175129942596, "env_steps": 10.0, "observation_s": 0.002023818902671337, "request_build_s": 5.159527063369751e-05, "request_roundtrip_s": 0.0982362306676805}, "transport": {"connect_s": 0.0021122656762599945, "encode_s": 0.00012983707711100578, "send_s": 0.0001835138536989689, "wait_response_s": 0.09497483819723129, "close_s": 0.0004927287809550762, "decode_s": 4.7221314162015915e-05, "request_bytes": 393748}, "server": {}}
[worker 0] task 1/1 id=0 episode 3/3 step 92/300
[worker 0] task 1/1 id=0 episode 3/3 step 93/300
[worker 0] task 1/1 id=0 episode 3/3 step 94/300
[worker 0] task 1/1 id=0 episode 3/3 step 95/300
[worker 0] task 1/1 id=0 episode 3/3 step 96/300
[worker 0] task 1/1 id=0 episode 3/3 step 97/300
[worker 0] task 1/1 id=0 episode 3/3 step 98/300
[worker 0] task 1/1 id=0 episode 3/3 step 99/300
[worker 0] task 1/1 id=0 episode 3/3 step 100/300
[worker 0] task 1/1 id=0 episode 3/3 step 101/300
PROFILE {"session": "libero-4c56f8cc", "worker": 0, "client": {"visual_record_s": 0.00212930329144001, "env_s": 0.2334194602444768, "env_steps": 10.0, "observation_s": 0.002186967059969902, "request_build_s": 5.112495273351669e-05, "request_roundtrip_s": 0.09464764315634966}, "transport": {"connect_s": 0.0018042470328509808, "encode_s": 0.00014073867350816727, "send_s": 0.0001856209710240364, "wait_response_s": 0.09168054815381765, "close_s": 0.0004955721087753773, "decode_s": 4.569999873638153e-05, "request_bytes": 393748}, "server": {}}
[worker 0] task 1/1 id=0 episode 3/3 step 102/300
[worker 0] task 1/1 id=0 episode 3/3 step 103/300
[worker 0] task 1/1 id=0 episode 3/3 step 104/300
[worker 0] task 1/1 id=0 episode 3/3 step 105/300
[worker 0] task 1/1 id=0 episode 3/3 step 106/300
[worker 0] task 1/1 id=0 episode 3/3 step 107/300
[worker 0] task 1/1 id=0 episode 3/3 step 108/300
[worker 0] task 1/1 id=0 episode 3/3 step 109/300
[worker 0] task 1/1 id=0 episode 3/3 step 110/300
[worker 0] task 1/1 id=0 episode 3/3 step 111/300
PROFILE {"session": "libero-4c56f8cc", "worker": 0, "client": {"visual_record_s": 0.0020068264566361904, "env_s": 0.20272499369457364, "env_steps": 10.0, "observation_s": 0.0020714751444756985, "request_build_s": 5.7069119065999985e-05, "request_roundtrip_s": 0.0898465421050787}, "transport": {"connect_s": 0.0020912731997668743, "encode_s": 0.0001484248787164688, "send_s": 0.0001946939155459404, "wait_response_s": 0.08656291896477342, "close_s": 0.0004982613027095795, "decode_s": 4.991190508008003e-05, "request_bytes": 393748}, "server": {}}
[worker 0] task 1/1 id=0 episode 3/3 step 112/300
[worker 0] task 1/1 id=0 episode 3/3 step 113/300
[worker 0] task 1/1 id=0 episode 3/3 step 114/300
[worker 0] task 1/1 id=0 episode 3/3 step 115/300
[worker 0] task 1/1 id=0 episode 3/3 step 116/300
[worker 0] task 1/1 id=0 episode 3/3 step 117/300
[worker 0] task 1/1 id=0 episode 3/3 step 118/300
[worker 0] task 1/1 id=0 episode 3/3 step 119/300
[worker 0] task 1/1 id=0 episode 3/3 step 120/300
[worker 0] task 1/1 id=0 episode 3/3 step 121/300
PROFILE {"session": "libero-4c56f8cc", "worker": 0, "client": {"visual_record_s": 0.002177729271352291, "env_s": 0.23626271449029446, "env_steps": 10.0, "observation_s": 0.002140552271157503, "request_build_s": 4.802830517292023e-05, "request_roundtrip_s": 0.09379101172089577}, "transport": {"connect_s": 0.0020836093463003635, "encode_s": 0.000131330918520689, "send_s": 0.0001824731007218361, "wait_response_s": 0.09017220791429281, "close_s": 0.0007885890081524849, "decode_s": 0.00013643689453601837, "request_bytes": 393748}, "server": {}}
[worker 0] task 1/1 id=0 episode 3/3 step 122/300
[worker 0] task 1/1 id=0 episode 3/3 step 123/300
[worker 0] task 1/1 id=0 episode 3/3 step 124/300
[worker 0] task 1/1 id=0 episode 3/3 step 125/300
[worker 0] task 1/1 id=0 episode 3/3 step 126/300
[worker 0] task 1/1 id=0 episode 3/3 step 127/300
[worker 0] task 1/1 id=0 episode 3/3 step 128/300
[worker 0] task 1/1 id=0 episode 3/3 step 129/300
[worker 0] task 1/1 id=0 episode 3/3 step 130/300
[worker 0] task 1/1 id=0 episode 3/3 step 131/300
PROFILE {"session": "libero-4c56f8cc", "worker": 0, "client": {"visual_record_s": 0.002197029534727335, "env_s": 0.21581998420879245, "env_steps": 10.0, "observation_s": 0.0021339603699743748, "request_build_s": 4.414701834321022e-05, "request_roundtrip_s": 0.09033390088006854}, "transport": {"connect_s": 0.0016399789601564407, "encode_s": 0.00012002931907773018, "send_s": 0.0001677018590271473, "wait_response_s": 0.08765468699857593, "close_s": 0.0004552118480205536, "decode_s": 3.703823313117027e-05, "request_bytes": 393748}, "server": {}}
[worker 0] task 1/1 id=0 episode 3/3 step 132/300
[worker 0] task 1/1 id=0 episode 3/3 step 133/300
[worker 0] task 1/1 id=0 episode 3/3 step 134/300
[worker 0] task 1/1 id=0 episode 3/3 step 135/300
[worker 0] task 1/1 id=0 episode 3/3 step 136/300
[worker 0] task 1/1 id=0 episode 3/3 step 137/300
[worker 0] task 1/1 id=0 episode 3/3 step 138/300
[worker 0] task 1/1 id=0 episode 3/3 step 139/300
[worker 0] task 1/1 id=0 episode 3/3 step 140/300
[worker 0] task 1/1 id=0 episode 3/3 step 141/300
PROFILE {"session": "libero-4c56f8cc", "worker": 0, "client": {"visual_record_s": 0.00190778449177742, "env_s": 0.20914520416408777, "env_steps": 10.0, "observation_s": 0.001973921898752451, "request_build_s": 4.494423046708107e-05, "request_roundtrip_s": 0.09269492980092764}, "transport": {"connect_s": 0.0016296682879328728, "encode_s": 0.00011939788237214088, "send_s": 0.0001644408330321312, "wait_response_s": 0.09000878501683474, "close_s": 0.00046425824984908104, "decode_s": 3.9937905967235565e-05, "request_bytes": 393748}, "server": {}}
[worker 0] task 1/1 id=0 episode 3/3 step 142/300
[worker 0] task 1/1 id=0 episode 3/3 step 143/300
[worker 0] task 1/1 id=0 episode 3/3 step 144/300
[worker 0] task 1/1 id=0 episode 3/3 step 145/300
[worker 0] task 1/1 id=0 episode 3/3 step 146/300
[worker 0] task 1/1 id=0 episode 3/3 step 147/300
[worker 0] task 1/1 id=0 episode 3/3 step 148/300
[worker 0] task 1/1 id=0 episode 3/3 step 149/300
[worker 0] task 1/1 id=0 episode 3/3 step 150/300
[worker 0] task 1/1 id=0 episode 3/3 step 151/300
PROFILE {"session": "libero-4c56f8cc", "worker": 0, "client": {"visual_record_s": 0.001830813940614462, "env_s": 0.20096821850165725, "env_steps": 10.0, "observation_s": 0.001876629889011383, "request_build_s": 4.6465080231428146e-05, "request_roundtrip_s": 0.09303897805511951}, "transport": {"connect_s": 0.001770561095327139, "encode_s": 0.00011900905519723892, "send_s": 0.00016363617032766342, "wait_response_s": 0.09024982713162899, "close_s": 0.00044674891978502274, "decode_s": 3.6217737942934036e-05, "request_bytes": 393748}, "server": {}}
[worker 0] task 1/1 id=0 episode 3/3 step 152/300
[worker 0] task 1/1 id=0 episode 3/3 step 153/300
[worker 0] task 1/1 id=0 episode 3/3 step 154/300
[worker 0] task 1/1 id=0 episode 3/3 step 155/300
[worker 0] task 1/1 id=0 episode 3/3 step 156/300
[worker 0] task 1/1 id=0 episode 3/3 step 157/300
[worker 0] task 1/1 id=0 episode 3/3 step 158/300
[worker 0] task 1/1 id=0 episode 3/3 step 159/300
[worker 0] task 1/1 id=0 episode 3/3 step 160/300
[worker 0] task 1/1 id=0 episode 3/3 step 161/300
PROFILE {"session": "libero-4c56f8cc", "worker": 0, "client": {"visual_record_s": 0.0017501581460237503, "env_s": 0.1731596365571022, "env_steps": 10.0, "observation_s": 0.0019244635477662086, "request_build_s": 4.679989069700241e-05, "request_roundtrip_s": 0.09969409601762891}, "transport": {"connect_s": 0.001971981953829527, "encode_s": 0.0001864507794380188, "send_s": 0.00016762502491474152, "wait_response_s": 0.0965887950733304, "close_s": 0.0004742559976875782, "decode_s": 3.8304831832647324e-05, "request_bytes": 393748}, "server": {}}
[worker 0] task 1/1 id=0 episode 3/3 step 162/300
[worker 0] task 1/1 id=0 episode 3/3 step 163/300
[worker 0] task 1/1 id=0 episode 3/3 step 164/300
[worker 0] task 1/1 id=0 episode 3/3 step 165/300
[worker 0] task 1/1 id=0 episode 3/3 step 166/300
[worker 0] task 1/1 id=0 episode 3/3 step 167/300
[worker 0] task 1/1 id=0 episode 3/3 step 168/300
[worker 0] task 1/1 id=0 episode 3/3 step 169/300
[worker 0] task 1/1 id=0 episode 3/3 step 170/300
[worker 0] task 1/1 id=0 episode 3/3 step 171/300
PROFILE {"session": "libero-4c56f8cc", "worker": 0, "client": {"visual_record_s": 0.0018019303679466248, "env_s": 0.19985482469201088, "env_steps": 10.0, "observation_s": 0.001917501911520958, "request_build_s": 4.558078944683075e-05, "request_roundtrip_s": 0.10134517727419734}, "transport": {"connect_s": 0.00201004883274436, "encode_s": 0.00022456003352999687, "send_s": 0.00016425689682364464, "wait_response_s": 0.09806484915316105, "close_s": 0.0005718511529266834, "decode_s": 3.77558171749115e-05, "request_bytes": 393748}, "server": {}}
[worker 0] task 1/1 id=0 episode 3/3 step 172/300
[worker 0] task 1/1 id=0 episode 3/3 step 173/300
[worker 0] task 1/1 id=0 episode 3/3 step 174/300
[worker 0] task 1/1 id=0 episode 3/3 step 175/300
[worker 0] task 1/1 id=0 episode 3/3 step 176/300
[worker 0] task 1/1 id=0 episode 3/3 step 177/300
[worker 0] task 1/1 id=0 episode 3/3 step 178/300
[worker 0] task 1/1 id=0 episode 3/3 step 179/300
PROFILE {"session": "libero-4c56f8cc", "worker": 0, "client": {"visual_record_s": 0.0014513777568936348, "env_s": 0.15957765094935894, "env_steps": 8.0, "observation_s": 0.001536958385258913, "request_build_s": 4.864530637860298e-05, "request_roundtrip_s": 0.005680204834789038}, "transport": {"connect_s": 0.001724362839013338, "encode_s": 0.00012610619887709618, "send_s": 0.00018874788656830788, "wait_response_s": 0.003043276723474264, "close_s": 0.0003197961486876011, "decode_s": 2.9886141419410706e-05, "request_bytes": 393778}, "server": {}}
[worker 0] task 1/1 id=0 episode 3/3 step 180/300
[worker 0] task 1/1 id=0 episode 3/3 step 181/300
[worker 0] task 1/1 id=0 episode 3/3 step 182/300
[worker 0] task 1/1 id=0 episode 3/3 step 183/300
[worker 0] task 1/1 id=0 episode 3/3 step 184/300
[worker 0] task 1/1 id=0 episode 3/3 step 185/300
[worker 0] task 1/1 id=0 episode 3/3 step 186/300
[worker 0] task 1/1 id=0 episode 3/3 step 187/300
[worker 0] task 1/1 id=0 episode 3/3 step 188/300
[worker 0] task 1/1 id=0 episode 3/3 step 189/300
[worker 0] task 1/1 id=0 episode 3/3 step 190/300
[worker 0] task 1/1 id=0 episode 3/3 step 191/300
[worker 0] task 1/1 id=0 episode 3/3 step 192/300
[worker 0] task 1/1 id=0 episode 3/3 step 193/300
[worker 0] task 1/1 id=0 episode 3/3 step 194/300
[worker 0] task 1/1 id=0 episode 3/3 step 195/300
[worker 0] task 1/1 id=0 episode 3/3 step 196/300
[worker 0] task 1/1 id=0 episode 3/3 step 197/300
[worker 0] task 1/1 id=0 episode 3/3 step 198/300
[worker 0] task 1/1 id=0 episode 3/3 step 199/300
PROFILE {"session": "libero-4c56f8cc", "worker": 0, "client": {"visual_record_s": 0.003565281629562378, "env_s": 0.3888246067799628, "env_steps": 20.0, "observation_s": 0.003711868077516556, "request_build_s": 4.663504660129547e-05, "request_roundtrip_s": 0.10073513025417924}, "transport": {"connect_s": 0.001715121790766716, "encode_s": 0.00012296810746192932, "send_s": 0.00017807399854063988, "wait_response_s": 0.09775688499212265, "close_s": 0.0006524799391627312, "decode_s": 3.916909918189049e-05, "request_bytes": 393748}, "server": {}}
[worker 0] task 1/1 id=0 episode 3/3 step 200/300
[worker 0] task 1/1 id=0 episode 3/3 step 201/300
[worker 0] task 1/1 id=0 episode 3/3 step 202/300
[worker 0] task 1/1 id=0 episode 3/3 step 203/300
[worker 0] task 1/1 id=0 episode 3/3 step 204/300
[worker 0] task 1/1 id=0 episode 3/3 step 205/300
[worker 0] task 1/1 id=0 episode 3/3 step 206/300
[worker 0] task 1/1 id=0 episode 3/3 step 207/300
[worker 0] task 1/1 id=0 episode 3/3 step 208/300
[worker 0] task 1/1 id=0 episode 3/3 step 209/300
PROFILE {"session": "libero-4c56f8cc", "worker": 0, "client": {"visual_record_s": 0.0018484084866940975, "env_s": 0.2030968740582466, "env_steps": 10.0, "observation_s": 0.00180894136428833, "request_build_s": 4.479009658098221e-05, "request_roundtrip_s": 0.09480242012068629}, "transport": {"connect_s": 0.0017542089335620403, "encode_s": 0.00011974573135375977, "send_s": 0.00016176095232367516, "wait_response_s": 0.09200788708403707, "close_s": 0.00046714022755622864, "decode_s": 3.805989399552345e-05, "request_bytes": 393748}, "server": {}}
[worker 0] task 1/1 id=0 episode 3/3 step 210/300
[worker 0] task 1/1 id=0 episode 3/3 step 211/300
[worker 0] task 1/1 id=0 episode 3/3 step 212/300
[worker 0] task 1/1 id=0 episode 3/3 step 213/300
[worker 0] task 1/1 id=0 episode 3/3 step 214/300
[worker 0] task 1/1 id=0 episode 3/3 step 215/300
[worker 0] task 1/1 id=0 episode 3/3 step 216/300
[worker 0] task 1/1 id=0 episode 3/3 step 217/300
[worker 0] task 1/1 id=0 episode 3/3 step 218/300
[worker 0] task 1/1 id=0 episode 3/3 step 219/300
PROFILE {"session": "libero-4c56f8cc", "worker": 0, "client": {"visual_record_s": 0.0018484443426132202, "env_s": 0.1844177469611168, "env_steps": 10.0, "observation_s": 0.0018381355330348015, "request_build_s": 4.4162850826978683e-05, "request_roundtrip_s": 0.09277422819286585}, "transport": {"connect_s": 0.0017179017886519432, "encode_s": 0.00012633204460144043, "send_s": 0.00025150226429104805, "wait_response_s": 0.089440006762743, "close_s": 0.0007274518720805645, "decode_s": 0.00024978118017315865, "request_bytes": 393748}, "server": {}}
[worker 0] task 1/1 id=0 episode 3/3 step 220/300
[worker 0] task 1/1 id=0 episode 3/3 step 221/300
[worker 0] task 1/1 id=0 episode 3/3 step 222/300
[worker 0] task 1/1 id=0 episode 3/3 step 223/300
[worker 0] task 1/1 id=0 episode 3/3 step 224/300
[worker 0] task 1/1 id=0 episode 3/3 step 225/300
[worker 0] task 1/1 id=0 episode 3/3 step 226/300
[worker 0] task 1/1 id=0 episode 3/3 step 227/300
[worker 0] task 1/1 id=0 episode 3/3 step 228/300
[worker 0] task 1/1 id=0 episode 3/3 step 229/300
PROFILE {"session": "libero-4c56f8cc", "worker": 0, "client": {"visual_record_s": 0.0025176978670060635, "env_s": 0.20656082686036825, "env_steps": 10.0, "observation_s": 0.0018893228843808174, "request_build_s": 4.6249013394117355e-05, "request_roundtrip_s": 0.0830067079514265}, "transport": {"connect_s": 0.0009655570611357689, "encode_s": 0.00038271769881248474, "send_s": 0.00041643111035227776, "wait_response_s": 0.08054621703922749, "close_s": 0.0003912057727575302, "decode_s": 4.0702056139707565e-05, "request_bytes": 393748}, "server": {}}
[worker 0] task 1/1 id=0 episode 3/3 step 230/300
[worker 0] task 1/1 id=0 episode 3/3 step 231/300
[worker 0] task 1/1 id=0 episode 3/3 step 232/300
[worker 0] task 1/1 id=0 episode 3/3 step 233/300
[worker 0] task 1/1 id=0 episode 3/3 step 234/300
[worker 0] task 1/1 id=0 episode 3/3 step 235/300
[worker 0] task 1/1 id=0 episode 3/3 step 236/300
[worker 0] task 1/1 id=0 episode 3/3 step 237/300
[worker 0] task 1/1 id=0 episode 3/3 step 238/300
[worker 0] task 1/1 id=0 episode 3/3 step 239/300
PROFILE {"session": "libero-4c56f8cc", "worker": 0, "client": {"visual_record_s": 0.0026874891482293606, "env_s": 0.18531458964571357, "env_steps": 10.0, "observation_s": 0.0018809218890964985, "request_build_s": 4.579266533255577e-05, "request_roundtrip_s": 0.08239114796742797}, "transport": {"connect_s": 0.0016367691569030285, "encode_s": 0.00038085179403424263, "send_s": 0.0004114629700779915, "wait_response_s": 0.07918352726846933, "close_s": 0.00046785781159996986, "decode_s": 4.2218249291181564e-05, "request_bytes": 393748}, "server": {}}
[worker 0] task 1/1 id=0 episode 3/3 step 240/300
[worker 0] task 1/1 id=0 episode 3/3 step 241/300
[worker 0] task 1/1 id=0 episode 3/3 step 242/300
[worker 0] task 1/1 id=0 episode 3/3 step 243/300
[worker 0] task 1/1 id=0 episode 3/3 step 244/300
[worker 0] task 1/1 id=0 episode 3/3 step 245/300
[worker 0] task 1/1 id=0 episode 3/3 step 246/300
[worker 0] task 1/1 id=0 episode 3/3 step 247/300
[worker 0] task 1/1 id=0 episode 3/3 step 248/300
[worker 0] task 1/1 id=0 episode 3/3 step 249/300
PROFILE {"session": "libero-4c56f8cc", "worker": 0, "client": {"visual_record_s": 0.0025882311165332794, "env_s": 0.21437598718330264, "env_steps": 10.0, "observation_s": 0.0018623271025717258, "request_build_s": 4.839198663830757e-05, "request_roundtrip_s": 0.090542565099895}, "transport": {"connect_s": 0.0017710430547595024, "encode_s": 0.0003777560777962208, "send_s": 0.0004099118523299694, "wait_response_s": 0.08712281426414847, "close_s": 0.0005513057112693787, "decode_s": 3.883102908730507e-05, "request_bytes": 393748}, "server": {}}
[worker 0] task 1/1 id=0 episode 3/3 step 250/300
[worker 0] task 1/1 id=0 episode 3/3 step 251/300
[worker 0] task 1/1 id=0 episode 3/3 step 252/300
[worker 0] task 1/1 id=0 episode 3/3 step 253/300
[worker 0] task 1/1 id=0 episode 3/3 step 254/300
[worker 0] task 1/1 id=0 episode 3/3 step 255/300
[worker 0] task 1/1 id=0 episode 3/3 step 256/300
[worker 0] task 1/1 id=0 episode 3/3 step 257/300
[worker 0] task 1/1 id=0 episode 3/3 step 258/300
[worker 0] task 1/1 id=0 episode 3/3 step 259/300
PROFILE {"session": "libero-4c56f8cc", "worker": 0, "client": {"visual_record_s": 0.0025445306673645973, "env_s": 0.19779612123966217, "env_steps": 10.0, "observation_s": 0.0017853174358606339, "request_build_s": 4.661688581109047e-05, "request_roundtrip_s": 0.08856835402548313}, "transport": {"connect_s": 0.0016655861400067806, "encode_s": 0.0003630989231169224, "send_s": 0.0004185880534350872, "wait_response_s": 0.08495343616232276, "close_s": 0.0007738308049738407, "decode_s": 0.00012987526133656502, "request_bytes": 393748}, "server": {}}
[worker 0] task 1/1 id=0 episode 3/3 step 260/300
[worker 0] task 1/1 id=0 episode 3/3 step 261/300
[worker 0] task 1/1 id=0 episode 3/3 step 262/300
[worker 0] task 1/1 id=0 episode 3/3 step 263/300
[worker 0] task 1/1 id=0 episode 3/3 step 264/300
[worker 0] task 1/1 id=0 episode 3/3 step 265/300
[worker 0] task 1/1 id=0 episode 3/3 step 266/300
[worker 0] task 1/1 id=0 episode 3/3 step 267/300
[worker 0] task 1/1 id=0 episode 3/3 step 268/300
[worker 0] task 1/1 id=0 episode 3/3 step 269/300
PROFILE {"session": "libero-4c56f8cc", "worker": 0, "client": {"visual_record_s": 0.0025878995656967163, "env_s": 0.18238837365061045, "env_steps": 10.0, "observation_s": 0.0018188697285950184, "request_build_s": 4.858197644352913e-05, "request_roundtrip_s": 0.09461887506768107}, "transport": {"connect_s": 0.001721350010484457, "encode_s": 0.0003679031506180763, "send_s": 0.0004030349664390087, "wait_response_s": 0.09137785201892257, "close_s": 0.0004498697817325592, "decode_s": 3.939308226108551e-05, "request_bytes": 393748}, "server": {}}
[worker 0] task 1/1 id=0 episode 3/3 step 270/300
[worker 0] task 1/1 id=0 episode 3/3 step 271/300
[worker 0] task 1/1 id=0 episode 3/3 step 272/300
[worker 0] task 1/1 id=0 episode 3/3 step 273/300
[worker 0] task 1/1 id=0 episode 3/3 step 274/300
[worker 0] task 1/1 id=0 episode 3/3 step 275/300
[worker 0] task 1/1 id=0 episode 3/3 step 276/300
[worker 0] task 1/1 id=0 episode 3/3 step 277/300
[worker 0] task 1/1 id=0 episode 3/3 step 278/300
[worker 0] task 1/1 id=0 episode 3/3 step 279/300
PROFILE {"session": "libero-4c56f8cc", "worker": 0, "client": {"visual_record_s": 0.0025850338861346245, "env_s": 0.2264679786749184, "env_steps": 10.0, "observation_s": 0.0019329376518726349, "request_build_s": 4.7419220209121704e-05, "request_roundtrip_s": 0.09227119386196136}, "transport": {"connect_s": 0.0017022928223013878, "encode_s": 0.00037489598616957664, "send_s": 0.0004048468545079231, "wait_response_s": 0.08892736816778779, "close_s": 0.0005319491028785706, "decode_s": 5.808006972074509e-05, "request_bytes": 393748}, "server": {}}
[worker 0] task 1/1 id=0 episode 3/3 step 280/300
[worker 0] task 1/1 id=0 episode 3/3 step 281/300
[worker 0] task 1/1 id=0 episode 3/3 step 282/300
[worker 0] task 1/1 id=0 episode 3/3 step 283/300
[worker 0] task 1/1 id=0 episode 3/3 step 284/300
[worker 0] task 1/1 id=0 episode 3/3 step 285/300
[worker 0] task 1/1 id=0 episode 3/3 step 286/300
[worker 0] task 1/1 id=0 episode 3/3 step 287/300
[worker 0] task 1/1 id=0 episode 3/3 step 288/300
[worker 0] task 1/1 id=0 episode 3/3 step 289/300
PROFILE {"session": "libero-4c56f8cc", "worker": 0, "client": {"visual_record_s": 0.0028174258768558502, "env_s": 0.21324034174904227, "env_steps": 10.0, "observation_s": 0.002104446291923523, "request_build_s": 4.810187965631485e-05, "request_roundtrip_s": 0.09269008319824934}, "transport": {"connect_s": 0.0013106418773531914, "encode_s": 0.0003824913874268532, "send_s": 0.0004394296556711197, "wait_response_s": 0.08984883408993483, "close_s": 0.00038400618359446526, "decode_s": 5.663605406880379e-05, "request_bytes": 393748}, "server": {}}
[worker 0] task 1/1 id=0 episode 3/3 step 290/300
[worker 0] task 1/1 id=0 episode 3/3 step 291/300
[worker 0] task 1/1 id=0 episode 3/3 step 292/300
[worker 0] task 1/1 id=0 episode 3/3 step 293/300
[worker 0] task 1/1 id=0 episode 3/3 step 294/300
[worker 0] task 1/1 id=0 episode 3/3 step 295/300
[worker 0] task 1/1 id=0 episode 3/3 step 296/300
[worker 0] task 1/1 id=0 episode 3/3 step 297/300
[worker 0] task 1/1 id=0 episode 3/3 step 298/300
[worker 0] task 1/1 id=0 episode 3/3 step 299/300
PROFILE {"session": "libero-4c56f8cc", "worker": 0, "client": {"visual_record_s": 0.002568280790001154, "env_s": 0.19768658699467778, "env_steps": 10.0, "observation_s": 0.0018338346853852272, "request_build_s": 4.474213346838951e-05, "request_roundtrip_s": 0.09372344193980098}, "transport": {"connect_s": 0.0017561260610818863, "encode_s": 0.0003766152076423168, "send_s": 0.0004244348965585232, "wait_response_s": 0.0904657649807632, "close_s": 0.0003892318345606327, "decode_s": 4.763016477227211e-05, "request_bytes": 393748}, "server": {}}
[worker 0] task 1/1 id=0 episode 3/3 step 300/300
[worker 0] saved video to: 
/data0/luokang/research/GraphVLA/tmp/pi05_worker_speed_0913/run1_w1/custom0902_i
d10ep-29999/libero_custom_0906-oracle-0913-094134-062862/videos/task_000_ep_002_
sec_016_failure_failure.mp4 (330 frames, 20.0 fps)
PROFILE_SAVE {"worker": 0, "frames": 330, "video_s": 3.2428318271413445, "json_s": 0.013656633906066418}
[worker 0] saved execution record to: 
/data0/luokang/research/GraphVLA/tmp/pi05_worker_speed_0913/run1_w1/custom0902_i
d10ep-29999/libero_custom_0906-oracle-0913-094134-062862/videos/task_000_ep_002_
sec_016_failure_failure.json (330 frames)
[worker 0] task=0 episode=2 success=False env_done=False server_done=False 
progress=1/3 completed_subtasks=[1] completed_goals=["['on', 'wine_bottle_1', 
'flat_stove_1_cook_region']"]
Overall progress: 3/3 (100.0%) ETA 00:00:00
[worker 0] saved results to: 
/data0/luokang/research/GraphVLA/tmp/pi05_worker_speed_0913/run1_w1/custom0902_i
d10ep-29999/libero_custom_0906-oracle-0913-094134-062862/result.json
